[30-Jun-2025 07:21:05 Europe/Berlin] Session data: Array
(
    [authenticated] => 1
    [auth_user] => Array
        (
            [id] => 57
            [name] => RVR ADMIN
            [email] => rvr_admin@gmail.com
            [role] => admin
            [client_id] => 
        )

)

[30-Jun-2025 07:21:05 Europe/Berlin] POST data: Array
(
    [expense_type] => project
    [date] => 2025-06-30
    [client_id] => 167
    [project_id] => 82
    [item_name] => Array
        (
            [0] => Metal Aluminum sheet
        )

    [store_name] => Array
        (
            [0] => Camille's Hardware
        )

    [category] => Array
        (
            [0] => Construction Supplies
        )

    [amount] => Array
        (
            [0] => 20000
        )

    [payment_method] => Array
        (
            [0] => Cash
        )

    [invoice_num] => Array
        (
            [0] => 568579479
        )

    [save_batch_expense] => 1
)

[30-Jun-2025 07:21:05 Europe/Berlin] PHP Fatal error:  Uncaught mysqli_sql_exception: You have an error in your SQL syntax; check the manual that corresponds to your MariaDB server version for the right syntax to use near 's Hardware', '20000', 'Cash', 'DelosSantos-Perez-Ramos300.jpg')' at line 5 in C:\xampp\htdocs\Financial_Management\inner_pages\expense_logic.php:226
Stack trace:
#0 C:\xampp\htdocs\Financial_Management\inner_pages\expense_logic.php(226): mysqli_query(Object(mysqli), 'INSERT INTO exp...')
#1 {main}
  thrown in C:\xampp\htdocs\Financial_Management\inner_pages\expense_logic.php on line 226
[30-Jun-2025 07:27:07 Europe/Berlin] Session data: Array
(
    [authenticated] => 1
    [auth_user] => Array
        (
            [id] => 57
            [name] => RVR ADMIN
            [email] => rvr_admin@gmail.com
            [role] => admin
            [client_id] => 
        )

)

[30-Jun-2025 07:27:07 Europe/Berlin] POST data: Array
(
    [expense_type] => project
    [date] => 2025-06-30
    [client_id] => 167
    [project_id] => 82
    [item_name] => Array
        (
            [0] => Metal Aluminum sheet
        )

    [store_name] => Array
        (
            [0] => Camille's Hardware
        )

    [category] => Array
        (
            [0] => Construction Supplies
        )

    [amount] => Array
        (
            [0] => 20000
        )

    [payment_method] => Array
        (
            [0] => Cash
        )

    [invoice_num] => Array
        (
            [0] => 34554534534354345
        )

    [save_batch_expense] => 1
)

[30-Jun-2025 07:27:07 Europe/Berlin] PHP Fatal error:  Uncaught mysqli_sql_exception: You have an error in your SQL syntax; check the manual that corresponds to your MariaDB server version for the right syntax to use near 's Hardware', '20000', 'Cash', '474838526_8999142506807974_7386596865432851091...' at line 5 in C:\xampp\htdocs\Financial_Management\inner_pages\expense_logic.php:226
Stack trace:
#0 C:\xampp\htdocs\Financial_Management\inner_pages\expense_logic.php(226): mysqli_query(Object(mysqli), 'INSERT INTO exp...')
#1 {main}
  thrown in C:\xampp\htdocs\Financial_Management\inner_pages\expense_logic.php on line 226
[30-Jun-2025 07:31:35 Europe/Berlin] Session data: Array
(
    [authenticated] => 1
    [auth_user] => Array
        (
            [id] => 57
            [name] => RVR ADMIN
            [email] => rvr_admin@gmail.com
            [role] => admin
            [client_id] => 
        )

)

[30-Jun-2025 07:31:35 Europe/Berlin] POST data: Array
(
    [expense_type] => project
    [date] => 2025-06-30
    [client_id] => 167
    [project_id] => 82
    [item_name] => Array
        (
            [0] => steel plate
        )

    [store_name] => Array
        (
            [0] => Metal Store
        )

    [category] => Array
        (
            [0] => Construction Supplies
        )

    [amount] => Array
        (
            [0] => 20000
        )

    [payment_method] => Array
        (
            [0] => Cash
        )

    [invoice_num] => Array
        (
            [0] => 23123123123
        )

    [save_batch_expense] => 1
)

[30-Jun-2025 07:33:45 Europe/Berlin] Session data: Array
(
    [authenticated] => 1
    [auth_user] => Array
        (
            [id] => 57
            [name] => RVR ADMIN
            [email] => rvr_admin@gmail.com
            [role] => admin
            [client_id] => 
        )

)

[30-Jun-2025 07:33:45 Europe/Berlin] POST data: Array
(
    [expense_type] => project
    [date] => 2025-06-30
    [client_id] => 167
    [project_id] => 82
    [item_name] => Array
        (
            [0] => Steel Plates
        )

    [store_name] => Array
        (
            [0] => Steel Store
        )

    [category] => Array
        (
            [0] => Construction Supplies
        )

    [amount] => Array
        (
            [0] => 20000
        )

    [payment_method] => Array
        (
            [0] => Cash
        )

    [invoice_num] => Array
        (
            [0] => 1029301923054
        )

    [save_batch_expense] => 1
)

[30-Jun-2025 07:34:53 Europe/Berlin] Session data: Array
(
    [authenticated] => 1
    [auth_user] => Array
        (
            [id] => 57
            [name] => RVR ADMIN
            [email] => rvr_admin@gmail.com
            [role] => admin
            [client_id] => 
        )

)

[30-Jun-2025 07:34:53 Europe/Berlin] POST data: Array
(
    [expense_type] => project
    [date] => 2025-06-30
    [client_id] => 167
    [project_id] => 82
    [item_name] => Array
        (
            [0] => Steel Plates
            [1] => Steel Plates
            [2] => Steel Plates
        )

    [store_name] => Array
        (
            [0] => Steel Store
            [1] => Steel Store
            [2] => Steel Store
        )

    [category] => Array
        (
            [0] => Construction Supplies
            [1] => Construction Supplies
            [2] => Construction Supplies
        )

    [amount] => Array
        (
            [0] => 20000
            [1] => 20000
            [2] => 20000
        )

    [payment_method] => Array
        (
            [0] => Cash
            [1] => Cash
            [2] => E-payment
        )

    [invoice_num] => Array
        (
            [0] => 059869456
            [1] => 34095839045
            [2] => 48956894586
        )

    [save_batch_expense] => 1
)

[30-Jun-2025 07:36:28 Europe/Berlin] Session data: Array
(
    [authenticated] => 1
    [auth_user] => Array
        (
            [id] => 57
            [name] => RVR ADMIN
            [email] => rvr_admin@gmail.com
            [role] => admin
            [client_id] => 
        )

)

[30-Jun-2025 07:36:28 Europe/Berlin] POST data: Array
(
    [expense_type] => project
    [date] => 2025-06-30
    [client_id] => 167
    [project_id] => 82
    [item_name] => Array
        (
            [0] => Steel Plates
        )

    [store_name] => Array
        (
            [0] => Steel Store
        )

    [category] => Array
        (
            [0] => Construction Supplies
        )

    [amount] => Array
        (
            [0] => 20000
        )

    [payment_method] => Array
        (
            [0] => Cash
        )

    [invoice_num] => Array
        (
            [0] => 987647
        )

    [save_batch_expense] => 1
)

[30-Jun-2025 07:36:40 Europe/Berlin] Session data: Array
(
    [authenticated] => 1
    [auth_user] => Array
        (
            [id] => 57
            [name] => RVR ADMIN
            [email] => rvr_admin@gmail.com
            [role] => admin
            [client_id] => 
        )

)

[30-Jun-2025 07:36:40 Europe/Berlin] POST data: Array
(
    [expense_type] => project
    [date] => 2025-06-30
    [client_id] => 167
    [project_id] => 82
    [item_name] => Array
        (
            [0] => Steel Plates
        )

    [store_name] => Array
        (
            [0] => Steel Store
        )

    [category] => Array
        (
            [0] => Construction Supplies
        )

    [amount] => Array
        (
            [0] => 20000
        )

    [payment_method] => Array
        (
            [0] => Cash
        )

    [invoice_num] => Array
        (
            [0] => 987647
        )

    [save_batch_expense] => 1
)

[30-Jun-2025 08:17:44 Europe/Berlin] Session data: Array
(
    [authenticated] => 1
    [auth_user] => Array
        (
            [id] => 57
            [name] => RVR ADMIN
            [email] => rvr_admin@gmail.com
            [role] => admin
            [client_id] => 
        )

    [status_type] => updated
    [generated_password] => (%%m#hvPXT
)

[30-Jun-2025 08:17:44 Europe/Berlin] POST data: Array
(
    [expense_type] => project
    [date] => 2025-06-30
    [client_id] => 168
    [project_id] => 84
    [item_name] => Array
        (
            [0] => Wallpaper
        )

    [store_name] => Array
        (
            [0] => Wallpaper Store
        )

    [category] => Array
        (
            [0] => Construction Supplies
        )

    [amount] => Array
        (
            [0] => 5000
        )

    [payment_method] => Array
        (
            [0] => Cash
        )

    [invoice_num] => Array
        (
            [0] => 236571
        )

    [save_batch_expense] => 1
)

[30-Jun-2025 08:17:52 Europe/Berlin] Session data: Array
(
    [authenticated] => 1
    [auth_user] => Array
        (
            [id] => 57
            [name] => RVR ADMIN
            [email] => rvr_admin@gmail.com
            [role] => admin
            [client_id] => 
        )

    [status_type] => updated
    [generated_password] => (%%m#hvPXT
)

[30-Jun-2025 08:17:52 Europe/Berlin] POST data: Array
(
    [expense_type] => project
    [date] => 2025-06-30
    [client_id] => 168
    [project_id] => 84
    [item_name] => Array
        (
            [0] => Wallpaper
        )

    [store_name] => Array
        (
            [0] => Wallpaper Store
        )

    [category] => Array
        (
            [0] => Construction Supplies
        )

    [amount] => Array
        (
            [0] => 5000
        )

    [payment_method] => Array
        (
            [0] => Cash
        )

    [invoice_num] => Array
        (
            [0] => 236571
        )

    [save_batch_expense] => 1
)

[30-Jun-2025 08:28:03 Europe/Berlin] Session data: Array
(
    [authenticated] => 1
    [auth_user] => Array
        (
            [id] => 57
            [name] => RVR ADMIN
            [email] => rvr_admin@gmail.com
            [role] => admin
            [client_id] => 
        )

    [status_type] => updated
    [generated_password] => (%%m#hvPXT
)

[30-Jun-2025 08:28:03 Europe/Berlin] POST data: Array
(
    [expense_type] => project
    [date] => 2025-06-30
    [client_id] => 168
    [project_id] => 84
    [item_name] => Array
        (
            [0] => Decorations
        )

    [store_name] => Array
        (
            [0] => Pandayan
        )

    [category] => Array
        (
            [0] => Construction Supplies
        )

    [amount] => Array
        (
            [0] => 2500
        )

    [payment_method] => Array
        (
            [0] => Cash
        )

    [invoice_num] => Array
        (
            [0] => 534987
        )

    [save_batch_expense] => 1
)

[30-Jun-2025 08:29:47 Europe/Berlin] Session data: Array
(
    [authenticated] => 1
    [auth_user] => Array
        (
            [id] => 57
            [name] => RVR ADMIN
            [email] => rvr_admin@gmail.com
            [role] => admin
            [client_id] => 
        )

    [status_type] => updated
    [generated_password] => (%%m#hvPXT
)

[30-Jun-2025 08:29:47 Europe/Berlin] POST data: Array
(
    [expense_type] => project
    [date] => 2025-06-30
    [client_id] => 168
    [project_id] => 84
    [item_name] => Array
        (
            [0] => Salary
        )

    [store_name] => Array
        (
            [0] => n/a
        )

    [category] => Array
        (
            [0] => Labor
        )

    [amount] => Array
        (
            [0] => 10000
        )

    [payment_method] => Array
        (
            [0] => Cash
        )

    [invoice_num] => Array
        (
            [0] => nbxvczxxbncv
        )

    [save_batch_expense] => 1
)

[30-Jun-2025 08:35:29 Europe/Berlin] Session data: Array
(
    [authenticated] => 1
    [auth_user] => Array
        (
            [id] => 57
            [name] => RVR ADMIN
            [email] => rvr_admin@gmail.com
            [role] => admin
            [client_id] => 
        )

    [status_type] => updated
    [generated_password] => (%%m#hvPXT
)

[30-Jun-2025 08:35:29 Europe/Berlin] POST data: Array
(
    [expense_type] => project
    [date] => 2025-06-30
    [client_id] => 168
    [project_id] => 84
    [item_name] => Array
        (
            [0] => wallpaper 
        )

    [store_name] => Array
        (
            [0] => Wallpaper Store
        )

    [category] => Array
        (
            [0] => Construction Supplies
        )

    [amount] => Array
        (
            [0] => 10000
        )

    [payment_method] => Array
        (
            [0] => Cash
        )

    [invoice_num] => Array
        (
            [0] => 4532453
        )

    [save_batch_expense] => 1
)

[01-Jul-2025 08:41:16 Europe/Berlin] Session data: Array
(
    [authenticated] => 1
    [auth_user] => Array
        (
            [id] => 57
            [name] => RVR ADMIN
            [email] => rvr_admin@gmail.com
            [role] => admin
            [client_id] => 
        )

)

[01-Jul-2025 08:41:16 Europe/Berlin] POST data: Array
(
    [expense_type] => project
    [date] => 2025-07-01
    [client_id] => 167
    [project_id] => 82
    [item_name] => Array
        (
            [0] => Steel Plates
        )

    [store_name] => Array
        (
            [0] => Steel Store
        )

    [category] => Array
        (
            [0] => Construction Supplies
        )

    [amount] => Array
        (
            [0] => 20000
        )

    [payment_method] => Array
        (
            [0] => Cash
        )

    [invoice_num] => Array
        (
            [0] => 4564884
        )

    [save_batch_expense] => 1
)

[01-Jul-2025 08:41:22 Europe/Berlin] Session data: Array
(
    [authenticated] => 1
    [auth_user] => Array
        (
            [id] => 57
            [name] => RVR ADMIN
            [email] => rvr_admin@gmail.com
            [role] => admin
            [client_id] => 
        )

)

[01-Jul-2025 08:41:22 Europe/Berlin] POST data: Array
(
    [expense_type] => project
    [date] => 2025-07-01
    [client_id] => 167
    [project_id] => 82
    [item_name] => Array
        (
            [0] => Steel Plates
        )

    [store_name] => Array
        (
            [0] => Steel Store
        )

    [category] => Array
        (
            [0] => Construction Supplies
        )

    [amount] => Array
        (
            [0] => 20000
        )

    [payment_method] => Array
        (
            [0] => Cash
        )

    [invoice_num] => Array
        (
            [0] => 4564884
        )

    [save_batch_expense] => 1
)

[01-Jul-2025 08:42:06 Europe/Berlin] Session data: Array
(
    [authenticated] => 1
    [auth_user] => Array
        (
            [id] => 57
            [name] => RVR ADMIN
            [email] => rvr_admin@gmail.com
            [role] => admin
            [client_id] => 
        )

)

[01-Jul-2025 08:42:06 Europe/Berlin] POST data: Array
(
    [expense_type] => project
    [date] => 2025-07-01
    [client_id] => 167
    [project_id] => 82
    [item_name] => Array
        (
            [0] => Wallpaper
            [1] => Decorations
        )

    [store_name] => Array
        (
            [0] => Wallpaper Store
            [1] => Pandayan
        )

    [category] => Array
        (
            [0] => Construction Supplies
            [1] => Construction Supplies
        )

    [amount] => Array
        (
            [0] => 10000
            [1] => 5000
        )

    [payment_method] => Array
        (
            [0] => Cash
            [1] => E-payment
        )

    [invoice_num] => Array
        (
            [0] => 519191
            [1] => 9818918478
        )

    [save_batch_expense] => 1
)

[01-Jul-2025 08:42:13 Europe/Berlin] Session data: Array
(
    [authenticated] => 1
    [auth_user] => Array
        (
            [id] => 57
            [name] => RVR ADMIN
            [email] => rvr_admin@gmail.com
            [role] => admin
            [client_id] => 
        )

)

[01-Jul-2025 08:42:13 Europe/Berlin] POST data: Array
(
    [expense_type] => project
    [date] => 2025-07-01
    [client_id] => 167
    [project_id] => 82
    [item_name] => Array
        (
            [0] => Wallpaper
            [1] => Decorations
        )

    [store_name] => Array
        (
            [0] => Wallpaper Store
            [1] => Pandayan
        )

    [category] => Array
        (
            [0] => Construction Supplies
            [1] => Construction Supplies
        )

    [amount] => Array
        (
            [0] => 10000
            [1] => 5000
        )

    [payment_method] => Array
        (
            [0] => Cash
            [1] => E-payment
        )

    [invoice_num] => Array
        (
            [0] => 519191
            [1] => 9818918478
        )

    [save_batch_expense] => 1
)

[01-Jul-2025 08:42:22 Europe/Berlin] Session data: Array
(
    [authenticated] => 1
    [auth_user] => Array
        (
            [id] => 57
            [name] => RVR ADMIN
            [email] => rvr_admin@gmail.com
            [role] => admin
            [client_id] => 
        )

)

[01-Jul-2025 08:42:22 Europe/Berlin] POST data: Array
(
    [expense_type] => project
    [date] => 2025-07-01
    [client_id] => 167
    [project_id] => 82
    [item_name] => Array
        (
            [0] => Wallpaper
            [1] => Decorations
        )

    [store_name] => Array
        (
            [0] => Wallpaper Store
            [1] => Pandayan
        )

    [category] => Array
        (
            [0] => Construction Supplies
            [1] => Construction Supplies
        )

    [amount] => Array
        (
            [0] => 10000
            [1] => 5000
        )

    [payment_method] => Array
        (
            [0] => Cash
            [1] => E-payment
        )

    [invoice_num] => Array
        (
            [0] => 519191
            [1] => 9818918478
        )

    [save_batch_expense] => 1
)

[01-Jul-2025 10:19:12 Europe/Berlin] Session data: Array
(
    [authenticated] => 1
    [auth_user] => Array
        (
            [id] => 57
            [name] => RVR ADMIN
            [email] => rvr_admin@gmail.com
            [role] => admin
            [client_id] => 
        )

)

[01-Jul-2025 10:19:12 Europe/Berlin] POST data: Array
(
    [expense_type] => project
    [date] => 2025-07-01
    [client_id] => 169
    [project_id] => 102
    [item_name] => Array
        (
            [0] => Steel Plates
        )

    [store_name] => Array
        (
            [0] => Wallpaper Store
        )

    [category] => Array
        (
            [0] => Equipment Rental
        )

    [amount] => Array
        (
            [0] => 10000
        )

    [payment_method] => Array
        (
            [0] => Cash
        )

    [invoice_num] => Array
        (
            [0] => 954918419
        )

    [save_batch_expense] => 1
)

[01-Jul-2025 10:19:21 Europe/Berlin] Session data: Array
(
    [authenticated] => 1
    [auth_user] => Array
        (
            [id] => 57
            [name] => RVR ADMIN
            [email] => rvr_admin@gmail.com
            [role] => admin
            [client_id] => 
        )

)

[01-Jul-2025 10:19:21 Europe/Berlin] POST data: Array
(
    [expense_type] => project
    [date] => 2025-07-01
    [client_id] => 169
    [project_id] => 102
    [item_name] => Array
        (
            [0] => Steel Plates
        )

    [store_name] => Array
        (
            [0] => Wallpaper Store
        )

    [category] => Array
        (
            [0] => Equipment Rental
        )

    [amount] => Array
        (
            [0] => 10000
        )

    [payment_method] => Array
        (
            [0] => Cash
        )

    [invoice_num] => Array
        (
            [0] => 954918419
        )

    [save_batch_expense] => 1
)

[01-Jul-2025 10:21:27 Europe/Berlin] Session data: Array
(
    [authenticated] => 1
    [auth_user] => Array
        (
            [id] => 57
            [name] => RVR ADMIN
            [email] => rvr_admin@gmail.com
            [role] => admin
            [client_id] => 
        )

)

[01-Jul-2025 10:21:27 Europe/Berlin] POST data: Array
(
    [expense_type] => project
    [date] => 2025-07-01
    [client_id] => 169
    [project_id] => 102
    [item_name] => Array
        (
            [0] => Wallpaper
        )

    [store_name] => Array
        (
            [0] => Wallpaper Store
        )

    [category] => Array
        (
            [0] => Construction Supplies
        )

    [amount] => Array
        (
            [0] => 5000
        )

    [payment_method] => Array
        (
            [0] => E-payment
        )

    [invoice_num] => Array
        (
            [0] => 123125364376
        )

    [save_batch_expense] => 1
)

[01-Jul-2025 14:09:02 Europe/Berlin] Session data: Array
(
    [authenticated] => 1
    [auth_user] => Array
        (
            [id] => 57
            [name] => RVR ADMIN
            [email] => rvr_admin@gmail.com
            [role] => admin
            [client_id] => 
        )

)

[01-Jul-2025 14:09:02 Europe/Berlin] POST data: Array
(
    [expense_type] => project
    [date] => 2025-07-01
    [client_id] => 170
    [project_id] => 104
    [item_name] => Array
        (
            [0] => Steel Plates
        )

    [store_name] => Array
        (
            [0] => Steel Store
        )

    [category] => Array
        (
            [0] => Construction Supplies
        )

    [amount] => Array
        (
            [0] => 8000
        )

    [payment_method] => Array
        (
            [0] => Cash
        )

    [invoice_num] => Array
        (
            [0] => 489186576
        )

    [save_batch_expense] => 1
)

[01-Jul-2025 14:09:40 Europe/Berlin] Session data: Array
(
    [authenticated] => 1
    [auth_user] => Array
        (
            [id] => 57
            [name] => RVR ADMIN
            [email] => rvr_admin@gmail.com
            [role] => admin
            [client_id] => 
        )

)

[01-Jul-2025 14:09:40 Europe/Berlin] POST data: Array
(
    [expense_type] => project
    [date] => 2025-07-01
    [client_id] => 170
    [project_id] => 104
    [item_name] => Array
        (
            [0] => Steel Plates
        )

    [store_name] => Array
        (
            [0] => Steel Store
        )

    [category] => Array
        (
            [0] => Construction Supplies
        )

    [amount] => Array
        (
            [0] => 8000
        )

    [payment_method] => Array
        (
            [0] => Cash
        )

    [invoice_num] => Array
        (
            [0] => 489186576
        )

    [save_batch_expense] => 1
)

[01-Jul-2025 14:11:17 Europe/Berlin] Session data: Array
(
    [authenticated] => 1
    [auth_user] => Array
        (
            [id] => 57
            [name] => RVR ADMIN
            [email] => rvr_admin@gmail.com
            [role] => admin
            [client_id] => 
        )

)

[01-Jul-2025 14:11:17 Europe/Berlin] POST data: Array
(
    [expense_type] => project
    [date] => 2025-07-01
    [client_id] => 170
    [project_id] => 104
    [item_name] => Array
        (
            [0] => Food
            [1] => Gas
        )

    [store_name] => Array
        (
            [0] => Mcdo
            [1] => Petron
        )

    [category] => Array
        (
            [0] => Food
            [1] => Transportation & Logistics
        )

    [amount] => Array
        (
            [0] => 800
            [1] => 1000
        )

    [payment_method] => Array
        (
            [0] => E-payment
            [1] => Cash
        )

    [invoice_num] => Array
        (
            [0] => 1584651487
            [1] => 541351454
        )

    [save_batch_expense] => 1
)

[01-Jul-2025 14:21:29 Europe/Berlin] Session data: Array
(
    [authenticated] => 1
    [auth_user] => Array
        (
            [id] => 57
            [name] => RVR ADMIN
            [email] => rvr_admin@gmail.com
            [role] => admin
            [client_id] => 
        )

)

[01-Jul-2025 14:21:29 Europe/Berlin] POST data: Array
(
    [expense_type] => project
    [date] => 2025-07-01
    [client_id] => 170
    [project_id] => 104
    [item_name] => Array
        (
            [0] => Salary
        )

    [store_name] => Array
        (
            [0] => n/a
        )

    [category] => Array
        (
            [0] => Labor
        )

    [amount] => Array
        (
            [0] => 3000
        )

    [payment_method] => Array
        (
            [0] => Cash
        )

    [invoice_num] => Array
        (
            [0] => 84984287654
        )

    [save_batch_expense] => 1
)

[01-Jul-2025 14:22:35 Europe/Berlin] Session data: Array
(
    [authenticated] => 1
    [auth_user] => Array
        (
            [id] => 57
            [name] => RVR ADMIN
            [email] => rvr_admin@gmail.com
            [role] => admin
            [client_id] => 
        )

)

[01-Jul-2025 14:22:35 Europe/Berlin] POST data: Array
(
    [expense_type] => project
    [date] => 2025-07-01
    [client_id] => 170
    [project_id] => 104
    [item_name] => Array
        (
            [0] => Salary
        )

    [store_name] => Array
        (
            [0] => n/a
        )

    [category] => Array
        (
            [0] => Labor
        )

    [amount] => Array
        (
            [0] => 3000
        )

    [payment_method] => Array
        (
            [0] => Cash
        )

    [invoice_num] => Array
        (
            [0] => 84984287654
        )

    [save_batch_expense] => 1
)

[01-Jul-2025 17:43:12 Europe/Berlin] Session data: Array
(
    [authenticated] => 1
    [auth_user] => Array
        (
            [id] => 57
            [name] => RVR ADMIN
            [email] => rvr_admin@gmail.com
            [role] => admin
            [client_id] => 
        )

    [selected_project_id] => 103
)

[01-Jul-2025 17:43:12 Europe/Berlin] POST data: Array
(
    [expense_type] => project
    [date] => 2025-07-01
    [client_id] => 170
    [project_id] => 104
    [item_name] => Array
        (
            [0] => sdada
        )

    [store_name] => Array
        (
            [0] => Wilcon Depot
        )

    [category] => Array
        (
            [0] => Labor
        )

    [amount] => Array
        (
            [0] => 125
        )

    [payment_method] => Array
        (
            [0] => Cash
        )

    [invoice_num] => Array
        (
            [0] => 0257
        )

    [save_batch_expense] => 1
)

[01-Jul-2025 17:44:47 Europe/Berlin] Session data: Array
(
    [authenticated] => 1
    [auth_user] => Array
        (
            [id] => 57
            [name] => RVR ADMIN
            [email] => rvr_admin@gmail.com
            [role] => admin
            [client_id] => 
        )

    [selected_project_id] => 103
)

[01-Jul-2025 17:44:47 Europe/Berlin] POST data: Array
(
    [expense_type] => project
    [date] => 2025-07-01
    [client_id] => 170
    [project_id] => 104
    [item_name] => Array
        (
            [0] => asdad
        )

    [store_name] => Array
        (
            [0] => Junkshop
        )

    [category] => Array
        (
            [0] => Transportation & Logistics
        )

    [amount] => Array
        (
            [0] => 250
        )

    [payment_method] => Array
        (
            [0] => Cash
        )

    [invoice_num] => Array
        (
            [0] => 5458785
        )

    [save_batch_expense] => 1
)

[01-Jul-2025 17:48:21 Europe/Berlin] Session data: Array
(
    [authenticated] => 1
    [auth_user] => Array
        (
            [id] => 57
            [name] => RVR ADMIN
            [email] => rvr_admin@gmail.com
            [role] => admin
            [client_id] => 
        )

    [selected_project_id] => 103
)

[01-Jul-2025 17:48:21 Europe/Berlin] POST data: Array
(
    [expense_type] => project
    [date] => 2025-07-01
    [client_id] => 170
    [project_id] => 104
    [item_name] => Array
        (
            [0] => gerwewre
        )

    [store_name] => Array
        (
            [0] => Rephil Gas Station
        )

    [category] => Array
        (
            [0] => Transportation & Logistics
        )

    [amount] => Array
        (
            [0] => 520
        )

    [payment_method] => Array
        (
            [0] => Cash
        )

    [invoice_num] => Array
        (
            [0] => 052487
        )

    [save_batch_expense] => 1
)

[01-Jul-2025 17:48:27 Europe/Berlin] Session data: Array
(
    [authenticated] => 1
    [auth_user] => Array
        (
            [id] => 57
            [name] => RVR ADMIN
            [email] => rvr_admin@gmail.com
            [role] => admin
            [client_id] => 
        )

    [selected_project_id] => 103
)

[01-Jul-2025 17:48:27 Europe/Berlin] POST data: Array
(
    [expense_type] => project
    [date] => 2025-07-01
    [client_id] => 170
    [project_id] => 104
    [item_name] => Array
        (
            [0] => gerwewre
        )

    [store_name] => Array
        (
            [0] => Rephil Gas Station
        )

    [category] => Array
        (
            [0] => Transportation & Logistics
        )

    [amount] => Array
        (
            [0] => 520
        )

    [payment_method] => Array
        (
            [0] => Cash
        )

    [invoice_num] => Array
        (
            [0] => 052487
        )

    [save_batch_expense] => 1
)

[01-Jul-2025 17:48:33 Europe/Berlin] Session data: Array
(
    [authenticated] => 1
    [auth_user] => Array
        (
            [id] => 57
            [name] => RVR ADMIN
            [email] => rvr_admin@gmail.com
            [role] => admin
            [client_id] => 
        )

    [selected_project_id] => 103
)

[01-Jul-2025 17:48:33 Europe/Berlin] POST data: Array
(
    [expense_type] => project
    [date] => 2025-07-01
    [client_id] => 170
    [project_id] => 104
    [item_name] => Array
        (
            [0] => gerwewre
        )

    [store_name] => Array
        (
            [0] => Rephil Gas Station
        )

    [category] => Array
        (
            [0] => Transportation & Logistics
        )

    [amount] => Array
        (
            [0] => 520
        )

    [payment_method] => Array
        (
            [0] => Cash
        )

    [invoice_num] => Array
        (
            [0] => 052487
        )

    [save_batch_expense] => 1
)

[01-Jul-2025 17:48:41 Europe/Berlin] Session data: Array
(
    [authenticated] => 1
    [auth_user] => Array
        (
            [id] => 57
            [name] => RVR ADMIN
            [email] => rvr_admin@gmail.com
            [role] => admin
            [client_id] => 
        )

    [selected_project_id] => 103
)

[01-Jul-2025 17:48:41 Europe/Berlin] POST data: Array
(
    [expense_type] => project
    [date] => 2025-07-01
    [client_id] => 170
    [project_id] => 104
    [item_name] => Array
        (
            [0] => gerwewre
        )

    [store_name] => Array
        (
            [0] => Rephil Gas Station
        )

    [category] => Array
        (
            [0] => Transportation & Logistics
        )

    [amount] => Array
        (
            [0] => 520
        )

    [payment_method] => Array
        (
            [0] => Cash
        )

    [invoice_num] => Array
        (
            [0] => 052487
        )

    [save_batch_expense] => 1
)

[01-Jul-2025 17:53:02 Europe/Berlin] Session data: Array
(
    [authenticated] => 1
    [auth_user] => Array
        (
            [id] => 57
            [name] => RVR ADMIN
            [email] => rvr_admin@gmail.com
            [role] => admin
            [client_id] => 
        )

    [selected_project_id] => 104
)

[01-Jul-2025 17:53:02 Europe/Berlin] POST data: Array
(
    [expense_type] => project
    [date] => 2025-07-01
    [client_id] => 170
    [project_id] => 104
    [item_name] => Array
        (
            [0] => Steel Plates
        )

    [store_name] => Array
        (
            [0] => Wallpaper Store
        )

    [category] => Array
        (
            [0] => Equipment Rental
        )

    [amount] => Array
        (
            [0] => 20000
        )

    [payment_method] => Array
        (
            [0] => Cash
        )

    [invoice_num] => Array
        (
            [0] => 123415`26
        )

    [save_batch_expense] => 1
)

[01-Jul-2025 17:54:46 Europe/Berlin] Session data: Array
(
    [authenticated] => 1
    [auth_user] => Array
        (
            [id] => 57
            [name] => RVR ADMIN
            [email] => rvr_admin@gmail.com
            [role] => admin
            [client_id] => 
        )

    [selected_project_id] => 104
)

[01-Jul-2025 17:54:46 Europe/Berlin] POST data: Array
(
    [expense_type] => project
    [date] => 2025-07-01
    [client_id] => 170
    [project_id] => 104
    [item_name] => Array
        (
            [0] => Wallpaper
        )

    [store_name] => Array
        (
            [0] => Steel Store
        )

    [category] => Array
        (
            [0] => Equipment Rental
        )

    [amount] => Array
        (
            [0] => 20000
        )

    [payment_method] => Array
        (
            [0] => Cash
        )

    [invoice_num] => Array
        (
            [0] => 1235476357223
        )

    [save_batch_expense] => 1
)

[01-Jul-2025 18:02:08 Europe/Berlin] Session data: Array
(
    [authenticated] => 1
    [auth_user] => Array
        (
            [id] => 57
            [name] => RVR ADMIN
            [email] => rvr_admin@gmail.com
            [role] => admin
            [client_id] => 
        )

    [selected_project_id] => 103
)

[01-Jul-2025 18:02:08 Europe/Berlin] POST data: Array
(
    [expense_type] => project
    [date] => 2025-07-02
    [client_id] => 170
    [project_id] => 104
    [item_name] => Array
        (
            [0] => Bakal and Turnilyo
        )

    [store_name] => Array
        (
            [0] => Junkshop
        )

    [category] => Array
        (
            [0] => Construction Supplies
        )

    [amount] => Array
        (
            [0] => 520
        )

    [payment_method] => Array
        (
            [0] => Others
        )

    [other_payment_method] => Array
        (
            [0] => Sikret
        )

    [invoice_num] => Array
        (
            [0] => 01254
        )

    [save_batch_expense] => 1
)

[01-Jul-2025 18:02:16 Europe/Berlin] Session data: Array
(
    [authenticated] => 1
    [auth_user] => Array
        (
            [id] => 57
            [name] => RVR ADMIN
            [email] => rvr_admin@gmail.com
            [role] => admin
            [client_id] => 
        )

    [selected_project_id] => 103
)

[01-Jul-2025 18:02:16 Europe/Berlin] POST data: Array
(
    [expense_type] => project
    [date] => 2025-07-02
    [client_id] => 170
    [project_id] => 104
    [item_name] => Array
        (
            [0] => Bakal and Turnilyo
        )

    [store_name] => Array
        (
            [0] => Junkshop
        )

    [category] => Array
        (
            [0] => Construction Supplies
        )

    [amount] => Array
        (
            [0] => 520
        )

    [payment_method] => Array
        (
            [0] => Sikret
        )

    [other_payment_method] => Array
        (
            [0] => Sikret
        )

    [invoice_num] => Array
        (
            [0] => 01254
        )

    [save_batch_expense] => 1
)

[01-Jul-2025 18:18:00 Europe/Berlin] Session data: Array
(
    [authenticated] => 1
    [auth_user] => Array
        (
            [id] => 57
            [name] => RVR ADMIN
            [email] => rvr_admin@gmail.com
            [role] => admin
            [client_id] => 
        )

    [selected_project_id] => 103
)

[01-Jul-2025 18:18:00 Europe/Berlin] POST data: Array
(
    [expense_type] => project
    [date] => 2025-07-02
    [client_id] => 170
    [project_id] => 104
    [item_name] => Array
        (
            [0] => asdsad
        )

    [store_name] => Array
        (
            [0] => Jollibee Turbina
        )

    [category] => Array
        (
            [0] => Food
        )

    [amount] => Array
        (
            [0] => 1285
        )

    [payment_method] => Array
        (
            [0] => Cash
        )

    [other_payment_method] => Array
        (
            [0] => 
        )

    [invoice_num] => Array
        (
            [0] => 0211245
        )

    [save_batch_expense] => 1
)

[01-Jul-2025 18:20:32 Europe/Berlin] Session data: Array
(
    [authenticated] => 1
    [auth_user] => Array
        (
            [id] => 57
            [name] => RVR ADMIN
            [email] => rvr_admin@gmail.com
            [role] => admin
            [client_id] => 
        )

    [selected_project_id] => 103
)

[01-Jul-2025 18:20:32 Europe/Berlin] POST data: Array
(
    [expense_type] => project
    [date] => 2025-07-02
    [client_id] => 170
    [project_id] => 104
    [item_name] => Array
        (
            [0] => asdasda
        )

    [store_name] => Array
        (
            [0] => Jollibee Turbina
        )

    [category] => Array
        (
            [0] => Labor
        )

    [amount] => Array
        (
            [0] => 254
        )

    [payment_method] => Array
        (
            [0] => Cash
        )

    [other_payment_method] => Array
        (
            [0] => 
        )

    [invoice_num] => Array
        (
            [0] => 0254857
        )

    [save_batch_expense] => 1
)

[01-Jul-2025 18:20:42 Europe/Berlin] Session data: Array
(
    [authenticated] => 1
    [auth_user] => Array
        (
            [id] => 57
            [name] => RVR ADMIN
            [email] => rvr_admin@gmail.com
            [role] => admin
            [client_id] => 
        )

    [selected_project_id] => 103
)

[01-Jul-2025 18:20:42 Europe/Berlin] POST data: Array
(
    [expense_type] => project
    [date] => 2025-07-02
    [client_id] => 170
    [project_id] => 104
    [item_name] => Array
        (
            [0] => asdasda
        )

    [store_name] => Array
        (
            [0] => Jollibee Turbina
        )

    [category] => Array
        (
            [0] => Labor
        )

    [amount] => Array
        (
            [0] => 254
        )

    [payment_method] => Array
        (
            [0] => Cash
        )

    [other_payment_method] => Array
        (
            [0] => 
        )

    [invoice_num] => Array
        (
            [0] => 0254857
        )

    [save_batch_expense] => 1
)

[01-Jul-2025 18:24:44 Europe/Berlin] Session data: Array
(
    [authenticated] => 1
    [auth_user] => Array
        (
            [id] => 57
            [name] => RVR ADMIN
            [email] => rvr_admin@gmail.com
            [role] => admin
            [client_id] => 
        )

    [selected_project_id] => 103
)

[01-Jul-2025 18:24:44 Europe/Berlin] POST data: Array
(
    [expense_type] => project
    [date] => 2025-07-02
    [client_id] => 170
    [project_id] => 104
    [item_name] => Array
        (
            [0] => asdasd
        )

    [store_name] => Array
        (
            [0] => Uno Fuel
        )

    [category] => Array
        (
            [0] => Transportation & Logistics
        )

    [amount] => Array
        (
            [0] => 250
        )

    [payment_method] => Array
        (
            [0] => Cash
        )

    [other_payment_method] => Array
        (
            [0] => 
        )

    [invoice_num] => Array
        (
            [0] => 042563
        )

    [save_batch_expense] => 1
)

[01-Jul-2025 18:25:19 Europe/Berlin] Session data: Array
(
    [authenticated] => 1
    [auth_user] => Array
        (
            [id] => 57
            [name] => RVR ADMIN
            [email] => rvr_admin@gmail.com
            [role] => admin
            [client_id] => 
        )

    [selected_project_id] => 103
)

[01-Jul-2025 18:25:19 Europe/Berlin] POST data: Array
(
    [expense_type] => project
    [date] => 2025-07-02
    [client_id] => 170
    [project_id] => 104
    [item_name] => Array
        (
            [0] => ewrfwrw
        )

    [store_name] => Array
        (
            [0] => Jollibee Turbina
        )

    [category] => Array
        (
            [0] => Food
        )

    [amount] => Array
        (
            [0] => 1000
        )

    [payment_method] => Array
        (
            [0] => Cash
        )

    [other_payment_method] => Array
        (
            [0] => 
        )

    [invoice_num] => Array
        (
            [0] => 05557
        )

    [save_batch_expense] => 1
)

[01-Jul-2025 18:25:29 Europe/Berlin] Session data: Array
(
    [authenticated] => 1
    [auth_user] => Array
        (
            [id] => 57
            [name] => RVR ADMIN
            [email] => rvr_admin@gmail.com
            [role] => admin
            [client_id] => 
        )

    [selected_project_id] => 103
)

[01-Jul-2025 18:25:29 Europe/Berlin] POST data: Array
(
    [expense_type] => project
    [date] => 2025-07-02
    [client_id] => 170
    [project_id] => 104
    [item_name] => Array
        (
            [0] => ewrfwrw
        )

    [store_name] => Array
        (
            [0] => Jollibee Turbina
        )

    [category] => Array
        (
            [0] => Food
        )

    [amount] => Array
        (
            [0] => 1000
        )

    [payment_method] => Array
        (
            [0] => Cash
        )

    [other_payment_method] => Array
        (
            [0] => 
        )

    [invoice_num] => Array
        (
            [0] => 05557
        )

    [save_batch_expense] => 1
)

[01-Jul-2025 18:42:34 Europe/Berlin] Session data: Array
(
    [authenticated] => 1
    [auth_user] => Array
        (
            [id] => 57
            [name] => RVR ADMIN
            [email] => rvr_admin@gmail.com
            [role] => admin
            [client_id] => 
        )

    [selected_project_id] => 103
)

[01-Jul-2025 18:42:34 Europe/Berlin] POST data: Array
(
    [expense_type] => project
    [date] => 2025-07-02
    [client_id] => 170
    [project_id] => 104
    [item_name] => Array
        (
            [0] => asdasd
        )

    [store_name] => Array
        (
            [0] => asdasd
        )

    [category] => Array
        (
            [0] => Food
        )

    [amount] => Array
        (
            [0] => 25
        )

    [payment_method] => Array
        (
            [0] => Others
        )

    [other_payment_method] => Array
        (
            [0] => SIkreto malopit
        )

    [invoice_num] => Array
        (
            [0] => 001245787
        )

    [save_batch_expense] => 1
)

[01-Jul-2025 18:42:41 Europe/Berlin] Session data: Array
(
    [authenticated] => 1
    [auth_user] => Array
        (
            [id] => 57
            [name] => RVR ADMIN
            [email] => rvr_admin@gmail.com
            [role] => admin
            [client_id] => 
        )

    [selected_project_id] => 103
)

[01-Jul-2025 18:42:41 Europe/Berlin] POST data: Array
(
    [expense_type] => project
    [date] => 2025-07-02
    [client_id] => 170
    [project_id] => 104
    [item_name] => Array
        (
            [0] => asdasd
        )

    [store_name] => Array
        (
            [0] => asdasd
        )

    [category] => Array
        (
            [0] => Food
        )

    [amount] => Array
        (
            [0] => 25
        )

    [payment_method] => Array
        (
            [0] => SIkreto malopit
        )

    [other_payment_method] => Array
        (
            [0] => SIkreto malopit
        )

    [invoice_num] => Array
        (
            [0] => 001245787
        )

    [save_batch_expense] => 1
)

[01-Jul-2025 18:44:06 Europe/Berlin] PHP Fatal error:  Uncaught mysqli_sql_exception: You have an error in your SQL syntax; check the manual that corresponds to your MariaDB server version for the right syntax to use near 's Handyman, Ing.', '585', 'Visa', '2handyman.jfif')' at line 2 in C:\xampp\htdocs\Financial_Management\inner_pages\expense_logic.php:69
Stack trace:
#0 C:\xampp\htdocs\Financial_Management\inner_pages\expense_logic.php(69): mysqli_query(Object(mysqli), 'INSERT INTO exp...')
#1 {main}
  thrown in C:\xampp\htdocs\Financial_Management\inner_pages\expense_logic.php on line 69
[01-Jul-2025 19:02:27 Europe/Berlin] PHP Fatal error:  Uncaught mysqli_sql_exception: You have an error in your SQL syntax; check the manual that corresponds to your MariaDB server version for the right syntax to use near 's Handyman, Ing.', '585', 'Visa', '2handyman.jfif')' at line 2 in C:\xampp\htdocs\Financial_Management\inner_pages\expense_logic.php:68
Stack trace:
#0 C:\xampp\htdocs\Financial_Management\inner_pages\expense_logic.php(68): mysqli_query(Object(mysqli), 'INSERT INTO exp...')
#1 {main}
  thrown in C:\xampp\htdocs\Financial_Management\inner_pages\expense_logic.php on line 68
[01-Jul-2025 19:06:40 Europe/Berlin] PHP Fatal error:  Uncaught mysqli_sql_exception: You have an error in your SQL syntax; check the manual that corresponds to your MariaDB server version for the right syntax to use near 's Handyman, Ing.', '585', 'Visa', '2handyman.jfif')' at line 2 in C:\xampp\htdocs\Financial_Management\inner_pages\expense_logic.php:68
Stack trace:
#0 C:\xampp\htdocs\Financial_Management\inner_pages\expense_logic.php(68): mysqli_query(Object(mysqli), 'INSERT INTO exp...')
#1 {main}
  thrown in C:\xampp\htdocs\Financial_Management\inner_pages\expense_logic.php on line 68
[01-Jul-2025 19:07:39 Europe/Berlin] PHP Fatal error:  Uncaught mysqli_sql_exception: You have an error in your SQL syntax; check the manual that corresponds to your MariaDB server version for the right syntax to use near 's Handyman, Ing.', '585', 'Visa', '2handyman.jfif')' at line 2 in C:\xampp\htdocs\Financial_Management\inner_pages\expense_logic.php:68
Stack trace:
#0 C:\xampp\htdocs\Financial_Management\inner_pages\expense_logic.php(68): mysqli_query(Object(mysqli), 'INSERT INTO exp...')
#1 {main}
  thrown in C:\xampp\htdocs\Financial_Management\inner_pages\expense_logic.php on line 68
[01-Jul-2025 19:10:03 Europe/Berlin] PHP Fatal error:  Uncaught mysqli_sql_exception: You have an error in your SQL syntax; check the manual that corresponds to your MariaDB server version for the right syntax to use near 's Handyman, Ing.', '585', 'Visa', '2handyman.jfif')' at line 2 in C:\xampp\htdocs\Financial_Management\inner_pages\expense_logic.php:68
Stack trace:
#0 C:\xampp\htdocs\Financial_Management\inner_pages\expense_logic.php(68): mysqli_query(Object(mysqli), 'INSERT INTO exp...')
#1 {main}
  thrown in C:\xampp\htdocs\Financial_Management\inner_pages\expense_logic.php on line 68
[01-Jul-2025 19:10:54 Europe/Berlin] PHP Fatal error:  Uncaught mysqli_sql_exception: You have an error in your SQL syntax; check the manual that corresponds to your MariaDB server version for the right syntax to use near 's Handyman, Ing.', '585', 'Visa', '2handyman.jfif')' at line 2 in C:\xampp\htdocs\Financial_Management\inner_pages\expense_logic.php:68
Stack trace:
#0 C:\xampp\htdocs\Financial_Management\inner_pages\expense_logic.php(68): mysqli_query(Object(mysqli), 'INSERT INTO exp...')
#1 {main}
  thrown in C:\xampp\htdocs\Financial_Management\inner_pages\expense_logic.php on line 68
[01-Jul-2025 20:28:49 Europe/Berlin] Session data: Array
(
    [authenticated] => 1
    [auth_user] => Array
        (
            [id] => 71
            [name] => Maria K. Camposanto
            [email] => schoolcamposanto05@gmail.com
            [role] => finance
            [client_id] => 
        )

    [selected_project_id] => 105
)

[01-Jul-2025 20:28:49 Europe/Berlin] POST data: Array
(
    [expense_type] => project
    [date] => 2025-07-02
    [client_id] => 171
    [project_id] => 105
    [item_name] => Array
        (
            [0] => PVC Pipes
        )

    [store_name] => Array
        (
            [0] => Wilcon Depot
        )

    [category] => Array
        (
            [0] => Construction Supplies
        )

    [amount] => Array
        (
            [0] => 1200
        )

    [payment_method] => Array
        (
            [0] => Cash
        )

    [other_payment_method] => Array
        (
            [0] => 
        )

    [invoice_num] => Array
        (
            [0] => 00124587
        )

    [save_batch_expense] => 1
)

[08-Jul-2025 17:18:45 Europe/Berlin] Session data: Array
(
    [authenticated] => 1
    [auth_user] => Array
        (
            [id] => 57
            [name] => RVR ADMIN
            [email] => rvr_admin@gmail.com
            [role] => admin
            [client_id] => 
            [company_id] => 1
        )

)

[08-Jul-2025 17:18:45 Europe/Berlin] POST data: Array
(
    [expense_type] => project
    [date] => 2025-07-08
    [client_id] => 171
    [project_id] => 105
    [item_name] => Array
        (
            [0] => Steel Plates
        )

    [store_name] => Array
        (
            [0] => Steel Store
        )

    [category] => Array
        (
            [0] => Construction Supplies
        )

    [amount] => Array
        (
            [0] => 20000
        )

    [payment_method] => Array
        (
            [0] => Cash
        )

    [other_payment_method] => Array
        (
            [0] => 
        )

    [invoice_num] => Array
        (
            [0] => 1029301923054
        )

    [save_batch_expense] => 1
)

[08-Jul-2025 17:18:52 Europe/Berlin] Session data: Array
(
    [authenticated] => 1
    [auth_user] => Array
        (
            [id] => 57
            [name] => RVR ADMIN
            [email] => rvr_admin@gmail.com
            [role] => admin
            [client_id] => 
            [company_id] => 1
        )

)

[08-Jul-2025 17:18:52 Europe/Berlin] POST data: Array
(
    [expense_type] => project
    [date] => 2025-07-08
    [client_id] => 171
    [project_id] => 105
    [item_name] => Array
        (
            [0] => Steel Plates
        )

    [store_name] => Array
        (
            [0] => Steel Store
        )

    [category] => Array
        (
            [0] => Construction Supplies
        )

    [amount] => Array
        (
            [0] => 20000
        )

    [payment_method] => Array
        (
            [0] => Cash
        )

    [other_payment_method] => Array
        (
            [0] => 
        )

    [invoice_num] => Array
        (
            [0] => 1029301923054
        )

    [save_batch_expense] => 1
)

[22-Jul-2025 14:34:19 Europe/Berlin] Session data: Array
(
    [authenticated] => 1
    [auth_user] => Array
        (
            [id] => 57
            [name] => RVR ADMIN
            [email] => rvr_admin@gmail.com
            [role] => admin
            [client_id] => 
            [company_id] => 1
        )

    [selected_project_id] => 123
)

[22-Jul-2025 14:34:19 Europe/Berlin] POST data: Array
(
    [expense_type] => project
    [date] => 2025-07-22
    [client_id] => 
    [item_name] => Array
        (
            [0] => Steel Plates
        )

    [store_name] => Array
        (
            [0] => Wallpaper Store
        )

    [category] => Array
        (
            [0] => Construction Supplies
        )

    [amount] => Array
        (
            [0] => 20000
        )

    [payment_method] => Array
        (
            [0] => Cash
        )

    [other_payment_method] => Array
        (
            [0] => 
        )

    [invoice_num] => Array
        (
            [0] => 34095839045
        )

    [save_batch_expense] => 1
    [validate_only] => 1
)

[22-Jul-2025 14:34:19 Europe/Berlin] PHP Warning:  Undefined array key "project_id" in C:\xampp\htdocs\Financial_Management\inner_pages\expense_logic.php on line 111
[22-Jul-2025 14:34:45 Europe/Berlin] Session data: Array
(
    [authenticated] => 1
    [auth_user] => Array
        (
            [id] => 57
            [name] => RVR ADMIN
            [email] => rvr_admin@gmail.com
            [role] => admin
            [client_id] => 
            [company_id] => 1
        )

    [selected_project_id] => 123
)

[22-Jul-2025 14:34:45 Europe/Berlin] POST data: Array
(
    [expense_type] => project
    [date] => 2025-07-22
    [client_id] => 
    [item_name] => Array
        (
            [0] => Steel Plates
        )

    [store_name] => Array
        (
            [0] => Wallpaper Store
        )

    [category] => Array
        (
            [0] => Construction Supplies
        )

    [amount] => Array
        (
            [0] => 20000
        )

    [payment_method] => Array
        (
            [0] => Cash
        )

    [other_payment_method] => Array
        (
            [0] => 
        )

    [invoice_num] => Array
        (
            [0] => 34095839045
        )

    [save_batch_expense] => 1
    [validate_only] => 1
)

[22-Jul-2025 14:34:45 Europe/Berlin] PHP Warning:  Undefined array key "project_id" in C:\xampp\htdocs\Financial_Management\inner_pages\expense_logic.php on line 111
[23-Jul-2025 10:18:51 Europe/Berlin] Session data: Array
(
    [authenticated] => 1
    [auth_user] => Array
        (
            [id] => 57
            [name] => RVR ADMIN
            [email] => rvr_admin@gmail.com
            [role] => admin
            [client_id] => 
            [company_id] => 1
        )

)

[23-Jul-2025 10:18:51 Europe/Berlin] POST data: Array
(
    [expense_type] => project
    [date] => 2025-07-23
    [client_id] => 213
    [project_id] => 124
    [item_name] => Array
        (
            [0] => Primer Gallon Set
        )

    [store_name] => Array
        (
            [0] => JMC Trading
        )

    [category] => Array
        (
            [0] => Construction Supplies
        )

    [amount] => Array
        (
            [0] => 1258
        )

    [payment_method] => Array
        (
            [0] => Cash
        )

    [other_payment_method] => Array
        (
            [0] => 
        )

    [invoice_num] => Array
        (
            [0] => 00012369
        )

    [save_batch_expense] => 1
    [validate_only] => 1
)

[23-Jul-2025 10:24:29 Europe/Berlin] Session data: Array
(
    [authenticated] => 1
    [auth_user] => Array
        (
            [id] => 57
            [name] => RVR ADMIN
            [email] => rvr_admin@gmail.com
            [role] => admin
            [client_id] => 
            [company_id] => 1
        )

)

[23-Jul-2025 10:24:29 Europe/Berlin] POST data: Array
(
    [expense_type] => project
    [date] => 2025-07-23
    [client_id] => 213
    [project_id] => 124
    [item_name] => Array
        (
            [0] => PVC Pipes
        )

    [store_name] => Array
        (
            [0] => Wilcon Depot
        )

    [category] => Array
        (
            [0] => Construction Supplies
        )

    [amount] => Array
        (
            [0] => 1250
        )

    [payment_method] => Array
        (
            [0] => Cash
        )

    [other_payment_method] => Array
        (
            [0] => 
        )

    [invoice_num] => Array
        (
            [0] => 00012369
        )

    [save_batch_expense] => 1
    [validate_only] => 1
)

[13-Aug-2025 15:36:03 Europe/Berlin] Session data: Array
(
    [authenticated] => 1
    [auth_user] => Array
        (
            [id] => 57
            [name] => RVR ADMIN
            [email] => rvr_admin@gmail.com
            [role] => admin
            [client_id] => 
            [company_id] => 1
        )

    [selected_project_id] => 132
)

[13-Aug-2025 15:36:03 Europe/Berlin] POST data: Array
(
    [expense_type] => project
    [date] => 2025-08-13
    [client_id] => 
    [item_name] => Array
        (
            [0] => sand
            [1] => gravel
            [2] => chb#4
            [3] => 10mm
        )

    [store_name] => Array
        (
            [0] => bemros hardware
            [1] => bemros hardware
            [2] => bemros hardware
            [3] => bemros hardware
        )

    [category] => Array
        (
            [0] => Construction Supplies
            [1] => Construction Supplies
            [2] => Construction Supplies
            [3] => Construction Supplies
        )

    [amount] => Array
        (
            [0] => 3000
            [1] => 1900
            [2] => 2775
            [3] => 2800
        )

    [payment_method] => Array
        (
            [0] => Cash
            [1] => Cash
            [2] => Cash
            [3] => Cash
        )

    [other_payment_method] => Array
        (
            [0] => 
            [1] => 
            [2] => 
            [3] => 
        )

    [invoice_num] => Array
        (
            [0] => 0021892
            [1] => 
            [2] => 
            [3] => 
        )

    [save_batch_expense] => 1
    [validate_only] => 1
)

[13-Aug-2025 15:36:03 Europe/Berlin] PHP Warning:  Undefined array key "project_id" in C:\xampp\htdocs\Financial_Management\inner_pages\expense_logic.php on line 111
[13-Aug-2025 15:36:25 Europe/Berlin] Session data: Array
(
    [authenticated] => 1
    [auth_user] => Array
        (
            [id] => 57
            [name] => RVR ADMIN
            [email] => rvr_admin@gmail.com
            [role] => admin
            [client_id] => 
            [company_id] => 1
        )

    [selected_project_id] => 132
)

[13-Aug-2025 15:36:25 Europe/Berlin] POST data: Array
(
    [expense_type] => project
    [date] => 2025-08-13
    [client_id] => 
    [item_name] => Array
        (
            [0] => sand
            [1] => gravel
            [2] => chb#4
            [3] => 10mm
        )

    [store_name] => Array
        (
            [0] => bemros hardware
            [1] => bemros hardware
            [2] => bemros hardware
            [3] => bemros hardware
        )

    [category] => Array
        (
            [0] => Construction Supplies
            [1] => Construction Supplies
            [2] => Construction Supplies
            [3] => Construction Supplies
        )

    [amount] => Array
        (
            [0] => 3000
            [1] => 1900
            [2] => 2775
            [3] => 2800
        )

    [payment_method] => Array
        (
            [0] => Cash
            [1] => Cash
            [2] => Cash
            [3] => Cash
        )

    [other_payment_method] => Array
        (
            [0] => 
            [1] => 
            [2] => 
            [3] => 
        )

    [invoice_num] => Array
        (
            [0] => 0021892
            [1] => 12341365
            [2] => 12312546
            [3] => 123123464576
        )

    [save_batch_expense] => 1
    [validate_only] => 1
)

[13-Aug-2025 15:36:25 Europe/Berlin] PHP Warning:  Undefined array key "project_id" in C:\xampp\htdocs\Financial_Management\inner_pages\expense_logic.php on line 111
[13-Aug-2025 15:41:38 Europe/Berlin] Session data: Array
(
    [authenticated] => 1
    [auth_user] => Array
        (
            [id] => 57
            [name] => RVR ADMIN
            [email] => rvr_admin@gmail.com
            [role] => admin
            [client_id] => 
            [company_id] => 1
        )

    [selected_project_id] => 132
)

[13-Aug-2025 15:41:38 Europe/Berlin] POST data: Array
(
    [expense_type] => project
    [date] => 2025-08-13
    [client_id] => 
    [item_name] => Array
        (
            [0] => sand
        )

    [store_name] => Array
        (
            [0] => bemros hardware
        )

    [category] => Array
        (
            [0] => Construction Supplies
        )

    [amount] => Array
        (
            [0] => 3000
        )

    [payment_method] => Array
        (
            [0] => Cash
        )

    [other_payment_method] => Array
        (
            [0] => 
        )

    [invoice_num] => Array
        (
            [0] => 0021892
        )

    [save_batch_expense] => 1
    [validate_only] => 1
)

[13-Aug-2025 15:41:38 Europe/Berlin] PHP Warning:  Undefined array key "project_id" in C:\xampp\htdocs\Financial_Management\inner_pages\expense_logic.php on line 111
[13-Aug-2025 15:42:00 Europe/Berlin] Session data: Array
(
    [authenticated] => 1
    [auth_user] => Array
        (
            [id] => 57
            [name] => RVR ADMIN
            [email] => rvr_admin@gmail.com
            [role] => admin
            [client_id] => 
            [company_id] => 1
        )

    [selected_project_id] => 132
)

[13-Aug-2025 15:42:00 Europe/Berlin] POST data: Array
(
    [expense_type] => project
    [date] => 2025-08-13
    [client_id] => 215
    [project_id] => 132
    [item_name] => Array
        (
            [0] => sand
        )

    [store_name] => Array
        (
            [0] => bemros hardware
        )

    [category] => Array
        (
            [0] => Construction Supplies
        )

    [amount] => Array
        (
            [0] => 3000
        )

    [payment_method] => Array
        (
            [0] => Cash
        )

    [other_payment_method] => Array
        (
            [0] => 
        )

    [invoice_num] => Array
        (
            [0] => 0021892
        )

    [save_batch_expense] => 1
    [validate_only] => 1
)

[13-Aug-2025 15:42:21 Europe/Berlin] Session data: Array
(
    [authenticated] => 1
    [auth_user] => Array
        (
            [id] => 57
            [name] => RVR ADMIN
            [email] => rvr_admin@gmail.com
            [role] => admin
            [client_id] => 
            [company_id] => 1
        )

    [selected_project_id] => 132
)

[13-Aug-2025 15:42:21 Europe/Berlin] POST data: Array
(
    [expense_type] => project
    [date] => 2025-08-13
    [client_id] => 215
    [project_id] => 132
    [item_name] => Array
        (
            [0] => sand
        )

    [store_name] => Array
        (
            [0] => bemros hardware
        )

    [category] => Array
        (
            [0] => Construction Supplies
        )

    [amount] => Array
        (
            [0] => 3000
        )

    [payment_method] => Array
        (
            [0] => Cash
        )

    [other_payment_method] => Array
        (
            [0] => 
        )

    [invoice_num] => Array
        (
            [0] => 0021892
        )

    [save_batch_expense] => 1
    [validate_only] => 0
)

[13-Aug-2025 15:42:25 Europe/Berlin] Session data: Array
(
    [authenticated] => 1
    [auth_user] => Array
        (
            [id] => 57
            [name] => RVR ADMIN
            [email] => rvr_admin@gmail.com
            [role] => admin
            [client_id] => 
            [company_id] => 1
        )

    [selected_project_id] => 132
)

[13-Aug-2025 15:42:25 Europe/Berlin] POST data: Array
(
    [expense_type] => project
    [date] => 2025-08-13
    [client_id] => 215
    [project_id] => 132
    [item_name] => Array
        (
            [0] => sand
        )

    [store_name] => Array
        (
            [0] => bemros hardware
        )

    [category] => Array
        (
            [0] => Construction Supplies
        )

    [amount] => Array
        (
            [0] => 3000
        )

    [payment_method] => Array
        (
            [0] => Cash
        )

    [other_payment_method] => Array
        (
            [0] => 
        )

    [invoice_num] => Array
        (
            [0] => 0021892
        )

    [save_batch_expense] => 1
    [validate_only] => 0
)

[13-Aug-2025 15:53:29 Europe/Berlin] Session data: Array
(
    [authenticated] => 1
    [auth_user] => Array
        (
            [id] => 57
            [name] => RVR ADMIN
            [email] => rvr_admin@gmail.com
            [role] => admin
            [client_id] => 
            [company_id] => 1
        )

    [selected_project_id] => 132
)

[13-Aug-2025 15:53:29 Europe/Berlin] POST data: Array
(
    [expense_type] => project
    [date] => 2025-08-13
    [client_id] => 
    [item_name] => Array
        (
            [0] => sand
            [1] => gravel
            [2] => chb
            [3] => bogle
        )

    [store_name] => Array
        (
            [0] => bemros hardware
            [1] => bemros hardware
            [2] => bemros hardware
            [3] => bemros hardware
        )

    [category] => Array
        (
            [0] => Construction Supplies
            [1] => Construction Supplies
            [2] => Construction Supplies
            [3] => Construction Supplies
        )

    [amount] => Array
        (
            [0] => 3000
            [1] => 1900
            [2] => 2775
            [3] => 2800
        )

    [payment_method] => Array
        (
            [0] => Cash
            [1] => Cash
            [2] => Cash
            [3] => Cash
        )

    [other_payment_method] => Array
        (
            [0] => 
            [1] => 
            [2] => 
            [3] => 
        )

    [invoice_num] => Array
        (
            [0] => 0021892
            [1] => 0021892
            [2] => 0021892
            [3] => 0021892
        )

    [save_batch_expense] => 1
    [validate_only] => 1
)

[13-Aug-2025 15:53:29 Europe/Berlin] PHP Warning:  Undefined array key "project_id" in C:\xampp\htdocs\Financial_Management\inner_pages\expense_logic.php on line 111
[22-Aug-2025 09:13:53 Europe/Berlin] Session data: Array
(
    [authenticated] => 1
    [auth_user] => Array
        (
            [id] => 57
            [name] => RVR ADMIN
            [email] => rvr_admin@gmail.com
            [role] => admin
            [client_id] => 
            [company_id] => 1
        )

    [selected_project_id] => 132
)

[22-Aug-2025 09:13:53 Europe/Berlin] POST data: Array
(
    [expense_type] => project
    [date] => 2025-08-22
    [client_id] => 
    [item_name] => Array
        (
            [0] => Steel Plates
        )

    [store_name] => Array
        (
            [0] => Wallpaper Store
        )

    [category] => Array
        (
            [0] => Labor
        )

    [amount] => Array
        (
            [0] => 20000
        )

    [payment_method] => Array
        (
            [0] => Cash
        )

    [other_payment_method] => Array
        (
            [0] => 
        )

    [invoice_num] => Array
        (
            [0] => 12312512437357
        )

    [save_batch_expense] => 1
    [validate_only] => 1
)

[22-Aug-2025 09:13:53 Europe/Berlin] PHP Warning:  Undefined array key "project_id" in C:\xampp\htdocs\Financial_Management\inner_pages\expense_logic.php on line 111
[22-Aug-2025 15:43:37 Europe/Berlin] Session data: Array
(
    [authenticated] => 1
    [auth_user] => Array
        (
            [id] => 57
            [name] => RVR ADMIN
            [email] => rvr_admin@gmail.com
            [role] => admin
            [client_id] => 
            [company_id] => 1
        )

    [selected_project_id] => 132
)

[22-Aug-2025 15:43:37 Europe/Berlin] POST data: Array
(
    [expense_type] => project
    [date] => 2025-08-22
    [client_id] => 215
    [item_name] => Array
        (
            [0] => Steel Plates
        )

    [store_name] => Array
        (
            [0] => Steel Store
        )

    [category] => Array
        (
            [0] => Construction Supplies
        )

    [amount] => Array
        (
            [0] => 20000
        )

    [payment_method] => Array
        (
            [0] => Cash
        )

    [other_payment_method] => Array
        (
            [0] => 
        )

    [invoice_num] => Array
        (
            [0] => 768768645453
        )

    [save_batch_expense] => 1
    [validate_only] => 1
)

[22-Aug-2025 15:43:37 Europe/Berlin] PHP Warning:  Undefined array key "project_id" in C:\xampp\htdocs\Financial_Management\inner_pages\expense_logic.php on line 111
[22-Aug-2025 15:47:37 Europe/Berlin] Session data: Array
(
    [authenticated] => 1
    [auth_user] => Array
        (
            [id] => 57
            [name] => RVR ADMIN
            [email] => rvr_admin@gmail.com
            [role] => admin
            [client_id] => 
            [company_id] => 1
        )

    [selected_project_id] => 132
)

[22-Aug-2025 15:47:37 Europe/Berlin] POST data: Array
(
    [expense_type] => project
    [date] => 2025-08-22
    [client_id] => 215
    [item_name] => Array
        (
            [0] => akari electricals others
        )

    [store_name] => Array
        (
            [0] => ace hardware
        )

    [category] => Array
        (
            [0] => Construction Supplies
        )

    [amount] => Array
        (
            [0] => 4318.40
        )

    [payment_method] => Array
        (
            [0] => Cash
        )

    [other_payment_method] => Array
        (
            [0] => 
        )

    [invoice_num] => Array
        (
            [0] => 015580
        )

    [save_batch_expense] => 1
    [validate_only] => 1
)

[22-Aug-2025 15:47:37 Europe/Berlin] PHP Warning:  Undefined array key "project_id" in C:\xampp\htdocs\Financial_Management\inner_pages\expense_logic.php on line 111
[26-Aug-2025 15:17:31 Europe/Berlin] Session data: Array
(
    [authenticated] => 1
    [auth_user] => Array
        (
            [id] => 119
            [name] => Maria K. Camposanto
            [email] => schoolcamposanto05@gmail.com
            [role] => admin
            [client_id] => 
            [company_id] => 1
        )

    [last_activity] => 1756214029
)

[26-Aug-2025 15:17:31 Europe/Berlin] POST data: Array
(
    [expense_type] => project
    [date] => 2025-08-26
    [client_id] => 219
    [project_id] => project-203
    [main_project_id] => 203
    [addon_id] => 
    [item_name] => Array
        (
            [0] => Steel Bars
            [1] => PVC Pipes
        )

    [store_name] => Array
        (
            [0] => Wilcon Depot
            [1] => Maquiling Builders
        )

    [category_num] => Array
        (
            [0] => 5001
            [1] => 5001
        )

    [amount] => Array
        (
            [0] => 1250
            [1] => 3500
        )

    [payment_method] => Array
        (
            [0] => Cash
            [1] => Cash
        )

    [other_payment_method] => Array
        (
            [0] => 
            [1] => 
        )

    [invoice_num] => Array
        (
            [0] => 00012369
            [1] => 0002365
        )

    [save_batch_expense] => 1
    [validate_only] => 1
)

[26-Aug-2025 15:18:27 Europe/Berlin] Session data: Array
(
    [authenticated] => 1
    [auth_user] => Array
        (
            [id] => 119
            [name] => Maria K. Camposanto
            [email] => schoolcamposanto05@gmail.com
            [role] => admin
            [client_id] => 
            [company_id] => 1
        )

    [last_activity] => 1756214029
)

[26-Aug-2025 15:18:27 Europe/Berlin] POST data: Array
(
    [expense_type] => project
    [date] => 2025-08-26
    [client_id] => 219
    [project_id] => project-203
    [main_project_id] => 203
    [addon_id] => 
    [item_name] => Array
        (
            [0] => Steel Bars
            [1] => PVC Pipes
        )

    [store_name] => Array
        (
            [0] => Wilcon Depot
            [1] => Bellissima Home Depot Trading
        )

    [category_num] => Array
        (
            [0] => 5001
            [1] => 5001
        )

    [amount] => Array
        (
            [0] => 1250
            [1] => 3500
        )

    [payment_method] => Array
        (
            [0] => Cash
            [1] => Cash
        )

    [other_payment_method] => Array
        (
            [0] => 
            [1] => 
        )

    [invoice_num] => Array
        (
            [0] => 00012369
            [1] => 0847
        )

    [save_batch_expense] => 1
    [validate_only] => 1
)

[26-Aug-2025 15:19:10 Europe/Berlin] Session data: Array
(
    [authenticated] => 1
    [auth_user] => Array
        (
            [id] => 119
            [name] => Maria K. Camposanto
            [email] => schoolcamposanto05@gmail.com
            [role] => admin
            [client_id] => 
            [company_id] => 1
        )

    [last_activity] => 1756214029
)

[26-Aug-2025 15:19:10 Europe/Berlin] POST data: Array
(
    [expense_type] => project
    [date] => 2025-08-26
    [client_id] => 219
    [project_id] => project-203
    [main_project_id] => 203
    [addon_id] => 
    [item_name] => Array
        (
            [0] => Steel Bars
            [1] => PVC Pipes
        )

    [store_name] => Array
        (
            [0] => Maquiling Builders
            [1] => Bellissima Home Depot Trading
        )

    [category_num] => Array
        (
            [0] => 5001
            [1] => 5001
        )

    [amount] => Array
        (
            [0] => 1250
            [1] => 3500
        )

    [payment_method] => Array
        (
            [0] => Cash
            [1] => Cash
        )

    [other_payment_method] => Array
        (
            [0] => 
            [1] => 
        )

    [invoice_num] => Array
        (
            [0] => 0000000062291
            [1] => 0847
        )

    [save_batch_expense] => 1
    [validate_only] => 1
)

[26-Aug-2025 15:19:20 Europe/Berlin] Session data: Array
(
    [authenticated] => 1
    [auth_user] => Array
        (
            [id] => 119
            [name] => Maria K. Camposanto
            [email] => schoolcamposanto05@gmail.com
            [role] => admin
            [client_id] => 
            [company_id] => 1
        )

    [last_activity] => 1756214029
)

[26-Aug-2025 15:19:20 Europe/Berlin] POST data: Array
(
    [expense_type] => project
    [date] => 2025-08-26
    [client_id] => 219
    [project_id] => project-203
    [main_project_id] => 203
    [addon_id] => 
    [item_name] => Array
        (
            [0] => Steel Bars
            [1] => PVC Pipes
        )

    [store_name] => Array
        (
            [0] => Maquiling Builders
            [1] => Bellissima Home Depot Trading
        )

    [category_num] => Array
        (
            [0] => 5001
            [1] => 5001
        )

    [amount] => Array
        (
            [0] => 1250
            [1] => 3500
        )

    [payment_method] => Array
        (
            [0] => Cash
            [1] => Cash
        )

    [other_payment_method] => Array
        (
            [0] => 
            [1] => 
        )

    [invoice_num] => Array
        (
            [0] => 0000000062291
            [1] => 0847
        )

    [save_batch_expense] => 1
    [validate_only] => 0
)

[26-Aug-2025 15:19:24 Europe/Berlin] PHP Fatal error:  Uncaught mysqli_sql_exception: Column 'addon_id' cannot be null in C:\xampp\htdocs\Financial_Management\inner_pages\expense_logic.php:348
Stack trace:
#0 C:\xampp\htdocs\Financial_Management\inner_pages\expense_logic.php(348): mysqli_query(Object(mysqli), 'INSERT INTO exp...')
#1 {main}
  thrown in C:\xampp\htdocs\Financial_Management\inner_pages\expense_logic.php on line 348
[26-Aug-2025 15:24:08 Europe/Berlin] Session data: Array
(
    [authenticated] => 1
    [auth_user] => Array
        (
            [id] => 119
            [name] => Maria K. Camposanto
            [email] => schoolcamposanto05@gmail.com
            [role] => admin
            [client_id] => 
            [company_id] => 1
        )

    [last_activity] => 1756214583
)

[26-Aug-2025 15:24:09 Europe/Berlin] POST data: Array
(
    [expense_type] => project
    [date] => 2025-08-26
    [client_id] => 219
    [project_id] => project-203
    [main_project_id] => 203
    [addon_id] => 
    [item_name] => Array
        (
            [0] => PVC Pipes
        )

    [store_name] => Array
        (
            [0] => Bellissima Home Depot Trading
        )

    [category_num] => Array
        (
            [0] => 5001
        )

    [amount] => Array
        (
            [0] => 1500
        )

    [payment_method] => Array
        (
            [0] => Cash
        )

    [other_payment_method] => Array
        (
            [0] => 
        )

    [invoice_num] => Array
        (
            [0] => 0847
        )

    [save_batch_expense] => 1
    [validate_only] => 1
)

[26-Aug-2025 15:24:13 Europe/Berlin] Session data: Array
(
    [authenticated] => 1
    [auth_user] => Array
        (
            [id] => 119
            [name] => Maria K. Camposanto
            [email] => schoolcamposanto05@gmail.com
            [role] => admin
            [client_id] => 
            [company_id] => 1
        )

    [last_activity] => 1756214583
)

[26-Aug-2025 15:24:13 Europe/Berlin] POST data: Array
(
    [expense_type] => project
    [date] => 2025-08-26
    [client_id] => 219
    [project_id] => project-203
    [main_project_id] => 203
    [addon_id] => 
    [item_name] => Array
        (
            [0] => PVC Pipes
        )

    [store_name] => Array
        (
            [0] => Bellissima Home Depot Trading
        )

    [category_num] => Array
        (
            [0] => 5001
        )

    [amount] => Array
        (
            [0] => 1500
        )

    [payment_method] => Array
        (
            [0] => Cash
        )

    [other_payment_method] => Array
        (
            [0] => 
        )

    [invoice_num] => Array
        (
            [0] => 0847
        )

    [save_batch_expense] => 1
    [validate_only] => 0
)

[26-Aug-2025 15:24:16 Europe/Berlin] PHP Fatal error:  Uncaught mysqli_sql_exception: Column 'addon_id' cannot be null in C:\xampp\htdocs\Financial_Management\inner_pages\expense_logic.php:348
Stack trace:
#0 C:\xampp\htdocs\Financial_Management\inner_pages\expense_logic.php(348): mysqli_query(Object(mysqli), 'INSERT INTO exp...')
#1 {main}
  thrown in C:\xampp\htdocs\Financial_Management\inner_pages\expense_logic.php on line 348
[26-Aug-2025 15:33:18 Europe/Berlin] Session data: Array
(
    [authenticated] => 1
    [auth_user] => Array
        (
            [id] => 119
            [name] => Maria K. Camposanto
            [email] => schoolcamposanto05@gmail.com
            [role] => admin
            [client_id] => 
            [company_id] => 1
        )

    [last_activity] => 1756214583
)

[26-Aug-2025 15:33:18 Europe/Berlin] POST data: Array
(
    [expense_type] => project
    [date] => 2025-08-26
    [client_id] => 219
    [project_id] => project-203
    [main_project_id] => 203
    [addon_id] => 
    [item_name] => Array
        (
            [0] => PVC Pipes
        )

    [store_name] => Array
        (
            [0] => Bellissima Home Depot Trading
        )

    [category_num] => Array
        (
            [0] => 5001
        )

    [amount] => Array
        (
            [0] => 1500
        )

    [payment_method] => Array
        (
            [0] => Cash
        )

    [other_payment_method] => Array
        (
            [0] => 
        )

    [invoice_num] => Array
        (
            [0] => 0847
        )

    [save_batch_expense] => 1
    [validate_only] => 1
)

[26-Aug-2025 15:33:23 Europe/Berlin] Session data: Array
(
    [authenticated] => 1
    [auth_user] => Array
        (
            [id] => 119
            [name] => Maria K. Camposanto
            [email] => schoolcamposanto05@gmail.com
            [role] => admin
            [client_id] => 
            [company_id] => 1
        )

    [last_activity] => 1756214583
)

[26-Aug-2025 15:33:23 Europe/Berlin] POST data: Array
(
    [expense_type] => project
    [date] => 2025-08-26
    [client_id] => 219
    [project_id] => project-203
    [main_project_id] => 203
    [addon_id] => 
    [item_name] => Array
        (
            [0] => PVC Pipes
        )

    [store_name] => Array
        (
            [0] => Bellissima Home Depot Trading
        )

    [category_num] => Array
        (
            [0] => 5001
        )

    [amount] => Array
        (
            [0] => 1500
        )

    [payment_method] => Array
        (
            [0] => Cash
        )

    [other_payment_method] => Array
        (
            [0] => 
        )

    [invoice_num] => Array
        (
            [0] => 0847
        )

    [save_batch_expense] => 1
    [validate_only] => 0
)

[26-Aug-2025 15:33:25 Europe/Berlin] PHP Fatal error:  Uncaught mysqli_sql_exception: Column 'addon_id' cannot be null in C:\xampp\htdocs\Financial_Management\inner_pages\expense_logic.php:348
Stack trace:
#0 C:\xampp\htdocs\Financial_Management\inner_pages\expense_logic.php(348): mysqli_query(Object(mysqli), 'INSERT INTO exp...')
#1 {main}
  thrown in C:\xampp\htdocs\Financial_Management\inner_pages\expense_logic.php on line 348
[26-Aug-2025 15:35:23 Europe/Berlin] Session data: Array
(
    [authenticated] => 1
    [auth_user] => Array
        (
            [id] => 119
            [name] => Maria K. Camposanto
            [email] => schoolcamposanto05@gmail.com
            [role] => admin
            [client_id] => 
            [company_id] => 1
        )

    [last_activity] => 1756215296
)

[26-Aug-2025 15:35:23 Europe/Berlin] POST data: Array
(
    [expense_type] => project
    [date] => 2025-08-26
    [client_id] => 219
    [project_id] => project-203
    [main_project_id] => 203
    [addon_id] => 
    [item_name] => Array
        (
            [0] => PVC Pipes
        )

    [store_name] => Array
        (
            [0] => Bellissima Home Depot Trading
        )

    [category_num] => Array
        (
            [0] => 5001
        )

    [amount] => Array
        (
            [0] => 1234
        )

    [payment_method] => Array
        (
            [0] => Cash
        )

    [other_payment_method] => Array
        (
            [0] => 
        )

    [invoice_num] => Array
        (
            [0] => 0847
        )

    [save_batch_expense] => 1
    [validate_only] => 1
)

[26-Aug-2025 15:35:28 Europe/Berlin] Session data: Array
(
    [authenticated] => 1
    [auth_user] => Array
        (
            [id] => 119
            [name] => Maria K. Camposanto
            [email] => schoolcamposanto05@gmail.com
            [role] => admin
            [client_id] => 
            [company_id] => 1
        )

    [last_activity] => 1756215296
)

[26-Aug-2025 15:35:28 Europe/Berlin] POST data: Array
(
    [expense_type] => project
    [date] => 2025-08-26
    [client_id] => 219
    [project_id] => project-203
    [main_project_id] => 203
    [addon_id] => 
    [item_name] => Array
        (
            [0] => PVC Pipes
        )

    [store_name] => Array
        (
            [0] => Bellissima Home Depot Trading
        )

    [category_num] => Array
        (
            [0] => 5001
        )

    [amount] => Array
        (
            [0] => 1234
        )

    [payment_method] => Array
        (
            [0] => Cash
        )

    [other_payment_method] => Array
        (
            [0] => 
        )

    [invoice_num] => Array
        (
            [0] => 0847
        )

    [save_batch_expense] => 1
    [validate_only] => 0
)

[26-Aug-2025 15:35:30 Europe/Berlin] PHP Fatal error:  Uncaught mysqli_sql_exception: Column 'addon_id' cannot be null in C:\xampp\htdocs\Financial_Management\inner_pages\expense_logic.php:348
Stack trace:
#0 C:\xampp\htdocs\Financial_Management\inner_pages\expense_logic.php(348): mysqli_query(Object(mysqli), 'INSERT INTO exp...')
#1 {main}
  thrown in C:\xampp\htdocs\Financial_Management\inner_pages\expense_logic.php on line 348
[26-Aug-2025 15:46:19 Europe/Berlin] Session data: Array
(
    [authenticated] => 1
    [auth_user] => Array
        (
            [id] => 119
            [name] => Maria K. Camposanto
            [email] => schoolcamposanto05@gmail.com
            [role] => admin
            [client_id] => 
            [company_id] => 1
        )

    [last_activity] => 1756215841
)

[26-Aug-2025 15:46:19 Europe/Berlin] POST data: Array
(
    [expense_type] => project
    [date] => 2025-08-22
    [client_id] => 219
    [project_id] => project-203
    [main_project_id] => 203
    [addon_id] => 
    [item_name] => Array
        (
            [0] => Steel Plate
        )

    [store_name] => Array
        (
            [0] => Bellissima Home Depot Trading
        )

    [category_num] => Array
        (
            [0] => 5001
        )

    [amount] => Array
        (
            [0] => 2500
        )

    [payment_method] => Array
        (
            [0] => Cash
        )

    [other_payment_method] => Array
        (
            [0] => 
        )

    [invoice_num] => Array
        (
            [0] => 0847
        )

    [save_batch_expense] => 1
    [validate_only] => 1
)

[26-Aug-2025 15:46:24 Europe/Berlin] Session data: Array
(
    [authenticated] => 1
    [auth_user] => Array
        (
            [id] => 119
            [name] => Maria K. Camposanto
            [email] => schoolcamposanto05@gmail.com
            [role] => admin
            [client_id] => 
            [company_id] => 1
        )

    [last_activity] => 1756215841
)

[26-Aug-2025 15:46:24 Europe/Berlin] POST data: Array
(
    [expense_type] => project
    [date] => 2025-08-22
    [client_id] => 219
    [project_id] => project-203
    [main_project_id] => 203
    [addon_id] => 
    [item_name] => Array
        (
            [0] => Steel Plate
        )

    [store_name] => Array
        (
            [0] => Bellissima Home Depot Trading
        )

    [category_num] => Array
        (
            [0] => 5001
        )

    [amount] => Array
        (
            [0] => 2500
        )

    [payment_method] => Array
        (
            [0] => Cash
        )

    [other_payment_method] => Array
        (
            [0] => 
        )

    [invoice_num] => Array
        (
            [0] => 0847
        )

    [save_batch_expense] => 1
    [validate_only] => 0
)

[26-Aug-2025 15:46:26 Europe/Berlin] PHP Fatal error:  Uncaught mysqli_sql_exception: Column 'addon_id' cannot be null in C:\xampp\htdocs\Financial_Management\inner_pages\expense_logic.php:348
Stack trace:
#0 C:\xampp\htdocs\Financial_Management\inner_pages\expense_logic.php(348): mysqli_query(Object(mysqli), 'INSERT INTO exp...')
#1 {main}
  thrown in C:\xampp\htdocs\Financial_Management\inner_pages\expense_logic.php on line 348
[26-Aug-2025 15:49:11 Europe/Berlin] Session data: Array
(
    [authenticated] => 1
    [auth_user] => Array
        (
            [id] => 119
            [name] => Maria K. Camposanto
            [email] => schoolcamposanto05@gmail.com
            [role] => admin
            [client_id] => 
            [company_id] => 1
        )

    [last_activity] => 1756215841
)

[26-Aug-2025 15:49:11 Europe/Berlin] POST data: Array
(
    [expense_type] => project
    [date] => 2025-08-22
    [client_id] => 219
    [project_id] => project-203
    [main_project_id] => 203
    [addon_id] => 
    [item_name] => Array
        (
            [0] => Steel Plate
        )

    [store_name] => Array
        (
            [0] => Bellissima Home Depot Trading
        )

    [category_num] => Array
        (
            [0] => 5001
        )

    [amount] => Array
        (
            [0] => 2500
        )

    [payment_method] => Array
        (
            [0] => Cash
        )

    [other_payment_method] => Array
        (
            [0] => 
        )

    [invoice_num] => Array
        (
            [0] => 0847
        )

    [save_batch_expense] => 1
    [validate_only] => 0
)

[26-Aug-2025 15:49:13 Europe/Berlin] PHP Fatal error:  Uncaught mysqli_sql_exception: Column 'addon_id' cannot be null in C:\xampp\htdocs\Financial_Management\inner_pages\expense_logic.php:348
Stack trace:
#0 C:\xampp\htdocs\Financial_Management\inner_pages\expense_logic.php(348): mysqli_query(Object(mysqli), 'INSERT INTO exp...')
#1 {main}
  thrown in C:\xampp\htdocs\Financial_Management\inner_pages\expense_logic.php on line 348
[26-Aug-2025 16:23:24 Europe/Berlin] Session data: Array
(
    [authenticated] => 1
    [auth_user] => Array
        (
            [id] => 57
            [name] => RVR ADMIN
            [email] => rvr_admin@gmail.com
            [role] => admin
            [client_id] => 
            [company_id] => 1
        )

    [last_viewed_log_time] => 2025-08-26 20:55:25
    [last_activity] => 1756217932
)

[26-Aug-2025 16:23:24 Europe/Berlin] POST data: Array
(
    [expense_type] => project
    [date] => 2025-08-26
    [client_id] => 219
    [project_id] => project-203
    [main_project_id] => 203
    [addon_id] => 
    [item_name] => Array
        (
            [0] => Steel Plates
            [1] => Wallpaper
            [2] => Decorations
        )

    [store_name] => Array
        (
            [0] => Steel Store
            [1] => Wallpaper Store
            [2] => Pandayan
        )

    [category_num] => Array
        (
            [0] => 5001
            [1] => 5001
            [2] => 5001
        )

    [amount] => Array
        (
            [0] => 20000
            [1] => 10000
            [2] => 3000
        )

    [payment_method] => Array
        (
            [0] => Cash
            [1] => Cash
            [2] => Cash
        )

    [other_payment_method] => Array
        (
            [0] => 
            [1] => 
            [2] => 
        )

    [invoice_num] => Array
        (
            [0] => 1241354
            [1] => 245245
            [2] => 2452452
        )

    [save_batch_expense] => 1
    [validate_only] => 1
)

[26-Aug-2025 16:25:51 Europe/Berlin] Session data: Array
(
    [authenticated] => 1
    [auth_user] => Array
        (
            [id] => 57
            [name] => RVR ADMIN
            [email] => rvr_admin@gmail.com
            [role] => admin
            [client_id] => 
            [company_id] => 1
        )

    [last_activity] => 1756218270
)

[26-Aug-2025 16:25:51 Europe/Berlin] POST data: Array
(
    [expense_type] => project
    [date] => 2025-08-26
    [client_id] => 
    [main_project_id] => 
    [addon_id] => 
    [item_name] => Array
        (
            [0] => Akari LED bulbs DL 10W
        )

    [store_name] => Array
        (
            [0] => ACE Hardware
        )

    [category_num] => Array
        (
            [0] => 5001
        )

    [amount] => Array
        (
            [0] => 311.55
        )

    [payment_method] => Array
        (
            [0] => Cash
        )

    [other_payment_method] => Array
        (
            [0] => 
        )

    [invoice_num] => Array
        (
            [0] => 110242122
        )

    [save_batch_expense] => 1
    [validate_only] => 1
)

[26-Aug-2025 16:26:58 Europe/Berlin] Session data: Array
(
    [authenticated] => 1
    [auth_user] => Array
        (
            [id] => 57
            [name] => RVR ADMIN
            [email] => rvr_admin@gmail.com
            [role] => admin
            [client_id] => 
            [company_id] => 1
        )

    [last_activity] => 1756218270
)

[26-Aug-2025 16:26:58 Europe/Berlin] POST data: Array
(
    [expense_type] => project
    [date] => 2025-08-26
    [client_id] => 219
    [project_id] => project-203
    [main_project_id] => 203
    [addon_id] => 
    [item_name] => Array
        (
            [0] => Akari LED bulbs DL 10W
        )

    [store_name] => Array
        (
            [0] => ACE Hardware
        )

    [category_num] => Array
        (
            [0] => 5001
        )

    [amount] => Array
        (
            [0] => 311.55
        )

    [payment_method] => Array
        (
            [0] => Cash
        )

    [other_payment_method] => Array
        (
            [0] => 
        )

    [invoice_num] => Array
        (
            [0] => 110242122
        )

    [save_batch_expense] => 1
    [validate_only] => 1
)

[26-Aug-2025 16:32:07 Europe/Berlin] Session data: Array
(
    [authenticated] => 1
    [auth_user] => Array
        (
            [id] => 57
            [name] => RVR ADMIN
            [email] => rvr_admin@gmail.com
            [role] => admin
            [client_id] => 
            [company_id] => 1
        )

    [last_activity] => 1756218270
)

[26-Aug-2025 16:32:07 Europe/Berlin] POST data: Array
(
    [expense_type] => project
    [date] => 2025-08-26
    [client_id] => 219
    [project_id] => project-203
    [main_project_id] => 203
    [addon_id] => 
    [item_name] => Array
        (
            [0] => Akari LED bulbs DL 10W
        )

    [store_name] => Array
        (
            [0] => ACE Hardware
        )

    [category_num] => Array
        (
            [0] => 5001
        )

    [amount] => Array
        (
            [0] => 311.55
        )

    [payment_method] => Array
        (
            [0] => Cash
        )

    [other_payment_method] => Array
        (
            [0] => 
        )

    [invoice_num] => Array
        (
            [0] => 110242122
        )

    [save_batch_expense] => 1
    [validate_only] => 1
)

[26-Aug-2025 16:34:25 Europe/Berlin] Session data: Array
(
    [authenticated] => 1
    [auth_user] => Array
        (
            [id] => 57
            [name] => RVR ADMIN
            [email] => rvr_admin@gmail.com
            [role] => admin
            [client_id] => 
            [company_id] => 1
        )

    [last_activity] => 1756218270
)

[26-Aug-2025 16:34:25 Europe/Berlin] POST data: Array
(
    [expense_type] => project
    [date] => 2025-08-26
    [client_id] => 219
    [project_id] => project-203
    [main_project_id] => 203
    [addon_id] => 
    [item_name] => Array
        (
            [0] => Akari LED bulbs DL 10W
        )

    [store_name] => Array
        (
            [0] => ACE Hardware
        )

    [category_num] => Array
        (
            [0] => 5001
        )

    [amount] => Array
        (
            [0] => 311.55
        )

    [payment_method] => Array
        (
            [0] => Cash
        )

    [other_payment_method] => Array
        (
            [0] => 
        )

    [invoice_num] => Array
        (
            [0] => 110242122
        )

    [save_batch_expense] => 1
    [validate_only] => 1
)

[26-Aug-2025 16:34:32 Europe/Berlin] Session data: Array
(
    [authenticated] => 1
    [auth_user] => Array
        (
            [id] => 57
            [name] => RVR ADMIN
            [email] => rvr_admin@gmail.com
            [role] => admin
            [client_id] => 
            [company_id] => 1
        )

    [last_activity] => 1756218270
)

[26-Aug-2025 16:34:32 Europe/Berlin] POST data: Array
(
    [expense_type] => project
    [date] => 2025-08-26
    [client_id] => 219
    [project_id] => project-203
    [main_project_id] => 203
    [addon_id] => 
    [item_name] => Array
        (
            [0] => Akari LED bulbs DL 10W
        )

    [store_name] => Array
        (
            [0] => ACE Hardware
        )

    [category_num] => Array
        (
            [0] => 5001
        )

    [amount] => Array
        (
            [0] => 311.55
        )

    [payment_method] => Array
        (
            [0] => Cash
        )

    [other_payment_method] => Array
        (
            [0] => 
        )

    [invoice_num] => Array
        (
            [0] => 110242122
        )

    [save_batch_expense] => 1
    [validate_only] => 0
)

[26-Aug-2025 16:34:33 Europe/Berlin] PHP Fatal error:  Uncaught mysqli_sql_exception: Column 'addon_id' cannot be null in C:\xampp\htdocs\Financial_Management\inner_pages\expense_logic.php:348
Stack trace:
#0 C:\xampp\htdocs\Financial_Management\inner_pages\expense_logic.php(348): mysqli_query(Object(mysqli), 'INSERT INTO exp...')
#1 {main}
  thrown in C:\xampp\htdocs\Financial_Management\inner_pages\expense_logic.php on line 348
[26-Aug-2025 16:34:42 Europe/Berlin] Session data: Array
(
    [authenticated] => 1
    [auth_user] => Array
        (
            [id] => 57
            [name] => RVR ADMIN
            [email] => rvr_admin@gmail.com
            [role] => admin
            [client_id] => 
            [company_id] => 1
        )

    [last_activity] => 1756218270
)

[26-Aug-2025 16:34:42 Europe/Berlin] POST data: Array
(
    [expense_type] => project
    [date] => 2025-08-26
    [client_id] => 219
    [project_id] => project-203
    [main_project_id] => 203
    [addon_id] => 
    [item_name] => Array
        (
            [0] => Akari LED bulbs DL 10W
        )

    [store_name] => Array
        (
            [0] => ACE Hardware
        )

    [category_num] => Array
        (
            [0] => 5001
        )

    [amount] => Array
        (
            [0] => 311.55
        )

    [payment_method] => Array
        (
            [0] => Cash
        )

    [other_payment_method] => Array
        (
            [0] => 
        )

    [invoice_num] => Array
        (
            [0] => 110242122
        )

    [save_batch_expense] => 1
    [validate_only] => 1
)

[26-Aug-2025 16:34:43 Europe/Berlin] Session data: Array
(
    [authenticated] => 1
    [auth_user] => Array
        (
            [id] => 57
            [name] => RVR ADMIN
            [email] => rvr_admin@gmail.com
            [role] => admin
            [client_id] => 
            [company_id] => 1
        )

    [last_activity] => 1756218270
)

[26-Aug-2025 16:34:43 Europe/Berlin] POST data: Array
(
    [expense_type] => project
    [date] => 2025-08-26
    [client_id] => 219
    [project_id] => project-203
    [main_project_id] => 203
    [addon_id] => 
    [item_name] => Array
        (
            [0] => Akari LED bulbs DL 10W
        )

    [store_name] => Array
        (
            [0] => ACE Hardware
        )

    [category_num] => Array
        (
            [0] => 5001
        )

    [amount] => Array
        (
            [0] => 311.55
        )

    [payment_method] => Array
        (
            [0] => Cash
        )

    [other_payment_method] => Array
        (
            [0] => 
        )

    [invoice_num] => Array
        (
            [0] => 110242122
        )

    [save_batch_expense] => 1
    [validate_only] => 0
)

[26-Aug-2025 16:34:44 Europe/Berlin] PHP Fatal error:  Uncaught mysqli_sql_exception: Column 'addon_id' cannot be null in C:\xampp\htdocs\Financial_Management\inner_pages\expense_logic.php:348
Stack trace:
#0 C:\xampp\htdocs\Financial_Management\inner_pages\expense_logic.php(348): mysqli_query(Object(mysqli), 'INSERT INTO exp...')
#1 {main}
  thrown in C:\xampp\htdocs\Financial_Management\inner_pages\expense_logic.php on line 348
[26-Aug-2025 16:49:54 Europe/Berlin] Session data: Array
(
    [authenticated] => 1
    [auth_user] => Array
        (
            [id] => 119
            [name] => Maria K. Camposanto
            [email] => schoolcamposanto05@gmail.com
            [role] => admin
            [client_id] => 
            [company_id] => 1
        )

    [last_activity] => 1756219764
)

[26-Aug-2025 16:49:54 Europe/Berlin] POST data: Array
(
    [expense_type] => project
    [date] => 2025-08-26
    [client_id] => 219
    [project_id] => project-203
    [main_project_id] => 203
    [addon_id] => 
    [item_name] => Array
        (
            [0] => Steel Bars
        )

    [store_name] => Array
        (
            [0] => Bellissima Home Depot Trading
        )

    [category_num] => Array
        (
            [0] => 5001
        )

    [amount] => Array
        (
            [0] => 2500
        )

    [payment_method] => Array
        (
            [0] => Cash
        )

    [other_payment_method] => Array
        (
            [0] => 
        )

    [invoice_num] => Array
        (
            [0] => 0847
        )

    [save_batch_expense] => 1
    [validate_only] => 1
)

[26-Aug-2025 16:49:59 Europe/Berlin] Session data: Array
(
    [authenticated] => 1
    [auth_user] => Array
        (
            [id] => 119
            [name] => Maria K. Camposanto
            [email] => schoolcamposanto05@gmail.com
            [role] => admin
            [client_id] => 
            [company_id] => 1
        )

    [last_activity] => 1756219764
)

[26-Aug-2025 16:49:59 Europe/Berlin] POST data: Array
(
    [expense_type] => project
    [date] => 2025-08-26
    [client_id] => 219
    [project_id] => project-203
    [main_project_id] => 203
    [addon_id] => 
    [item_name] => Array
        (
            [0] => Steel Bars
        )

    [store_name] => Array
        (
            [0] => Bellissima Home Depot Trading
        )

    [category_num] => Array
        (
            [0] => 5001
        )

    [amount] => Array
        (
            [0] => 2500
        )

    [payment_method] => Array
        (
            [0] => Cash
        )

    [other_payment_method] => Array
        (
            [0] => 
        )

    [invoice_num] => Array
        (
            [0] => 0847
        )

    [save_batch_expense] => 1
    [validate_only] => 0
)

[26-Aug-2025 16:50:02 Europe/Berlin] PHP Fatal error:  Uncaught mysqli_sql_exception: Column 'addon_id' cannot be null in C:\xampp\htdocs\Financial_Management\inner_pages\expense_logic.php:348
Stack trace:
#0 C:\xampp\htdocs\Financial_Management\inner_pages\expense_logic.php(348): mysqli_query(Object(mysqli), 'INSERT INTO exp...')
#1 {main}
  thrown in C:\xampp\htdocs\Financial_Management\inner_pages\expense_logic.php on line 348
[26-Aug-2025 17:17:24 Europe/Berlin] Session data: Array
(
    [authenticated] => 1
    [auth_user] => Array
        (
            [id] => 119
            [name] => Maria K. Camposanto
            [email] => schoolcamposanto05@gmail.com
            [role] => admin
            [client_id] => 
            [company_id] => 1
        )

    [last_activity] => 1756219764
)

[26-Aug-2025 17:17:24 Europe/Berlin] POST data: Array
(
    [expense_type] => project
    [date] => 2025-08-21
    [client_id] => 219
    [project_id] => project-203
    [main_project_id] => 203
    [addon_id] => 
    [item_name] => Array
        (
            [0] => Steel Bars
        )

    [store_name] => Array
        (
            [0] => Bellissima Home Depot Trading
        )

    [category_num] => Array
        (
            [0] => 5001
        )

    [amount] => Array
        (
            [0] => 2580
        )

    [payment_method] => Array
        (
            [0] => Cash
        )

    [other_payment_method] => Array
        (
            [0] => 
        )

    [invoice_num] => Array
        (
            [0] => 0847
        )

    [save_batch_expense] => 1
    [validate_only] => 1
)

[26-Aug-2025 17:17:30 Europe/Berlin] Session data: Array
(
    [authenticated] => 1
    [auth_user] => Array
        (
            [id] => 119
            [name] => Maria K. Camposanto
            [email] => schoolcamposanto05@gmail.com
            [role] => admin
            [client_id] => 
            [company_id] => 1
        )

    [last_activity] => 1756219764
)

[26-Aug-2025 17:17:30 Europe/Berlin] POST data: Array
(
    [expense_type] => project
    [date] => 2025-08-21
    [client_id] => 219
    [project_id] => project-203
    [main_project_id] => 203
    [addon_id] => 
    [item_name] => Array
        (
            [0] => Steel Bars
        )

    [store_name] => Array
        (
            [0] => Bellissima Home Depot Trading
        )

    [category_num] => Array
        (
            [0] => 5001
        )

    [amount] => Array
        (
            [0] => 2580
        )

    [payment_method] => Array
        (
            [0] => Cash
        )

    [other_payment_method] => Array
        (
            [0] => 
        )

    [invoice_num] => Array
        (
            [0] => 0847
        )

    [save_batch_expense] => 1
    [validate_only] => 0
)

[26-Aug-2025 17:17:32 Europe/Berlin] PHP Fatal error:  Uncaught mysqli_sql_exception: Column 'addon_id' cannot be null in C:\xampp\htdocs\Financial_Management\inner_pages\expense_logic.php:348
Stack trace:
#0 C:\xampp\htdocs\Financial_Management\inner_pages\expense_logic.php(348): mysqli_query(Object(mysqli), 'INSERT INTO exp...')
#1 {main}
  thrown in C:\xampp\htdocs\Financial_Management\inner_pages\expense_logic.php on line 348
[26-Aug-2025 17:17:42 Europe/Berlin] Session data: Array
(
    [authenticated] => 1
    [auth_user] => Array
        (
            [id] => 119
            [name] => Maria K. Camposanto
            [email] => schoolcamposanto05@gmail.com
            [role] => admin
            [client_id] => 
            [company_id] => 1
        )

    [last_activity] => 1756219764
)

[26-Aug-2025 17:17:42 Europe/Berlin] POST data: Array
(
    [expense_type] => project
    [date] => 2025-08-21
    [client_id] => 219
    [project_id] => project-203
    [main_project_id] => 203
    [addon_id] => 
    [item_name] => Array
        (
            [0] => Steel Bars
        )

    [store_name] => Array
        (
            [0] => Bellissima Home Depot Trading
        )

    [category_num] => Array
        (
            [0] => 5001
        )

    [amount] => Array
        (
            [0] => 2580
        )

    [payment_method] => Array
        (
            [0] => Cash
        )

    [other_payment_method] => Array
        (
            [0] => 
        )

    [invoice_num] => Array
        (
            [0] => 0847
        )

    [save_batch_expense] => 1
    [validate_only] => 0
)

[26-Aug-2025 17:17:45 Europe/Berlin] PHP Fatal error:  Uncaught mysqli_sql_exception: Column 'addon_id' cannot be null in C:\xampp\htdocs\Financial_Management\inner_pages\expense_logic.php:348
Stack trace:
#0 C:\xampp\htdocs\Financial_Management\inner_pages\expense_logic.php(348): mysqli_query(Object(mysqli), 'INSERT INTO exp...')
#1 {main}
  thrown in C:\xampp\htdocs\Financial_Management\inner_pages\expense_logic.php on line 348
[26-Aug-2025 17:20:46 Europe/Berlin] Session data: Array
(
    [authenticated] => 1
    [auth_user] => Array
        (
            [id] => 57
            [name] => RVR ADMIN
            [email] => rvr_admin@gmail.com
            [role] => admin
            [client_id] => 
            [company_id] => 1
        )

)

[26-Aug-2025 17:20:46 Europe/Berlin] POST data: Array
(
    [expense_type] => project
    [date] => 2025-08-26
    [client_id] => 
    [main_project_id] => 
    [addon_id] => 
    [item_name] => Array
        (
            [0] => Akari LED bulbs
        )

    [store_name] => Array
        (
            [0] => ACE Hardware
        )

    [category_num] => Array
        (
            [0] => 5001
        )

    [amount] => Array
        (
            [0] => 311.55
        )

    [payment_method] => Array
        (
            [0] => Cash
        )

    [other_payment_method] => Array
        (
            [0] => 
        )

    [invoice_num] => Array
        (
            [0] => 110242122
        )

    [save_batch_expense] => 1
    [validate_only] => 1
)

[26-Aug-2025 17:20:50 Europe/Berlin] Session data: Array
(
    [authenticated] => 1
    [auth_user] => Array
        (
            [id] => 57
            [name] => RVR ADMIN
            [email] => rvr_admin@gmail.com
            [role] => admin
            [client_id] => 
            [company_id] => 1
        )

)

[26-Aug-2025 17:20:50 Europe/Berlin] POST data: Array
(
    [expense_type] => project
    [date] => 2025-08-26
    [client_id] => 
    [main_project_id] => 
    [addon_id] => 
    [item_name] => Array
        (
            [0] => Akari LED bulbs
        )

    [store_name] => Array
        (
            [0] => ACE Hardware
        )

    [category_num] => Array
        (
            [0] => 5001
        )

    [amount] => Array
        (
            [0] => 311.55
        )

    [payment_method] => Array
        (
            [0] => Cash
        )

    [other_payment_method] => Array
        (
            [0] => 
        )

    [invoice_num] => Array
        (
            [0] => 110242122
        )

    [save_batch_expense] => 1
    [validate_only] => 0
)

[26-Aug-2025 17:20:51 Europe/Berlin] PHP Fatal error:  Uncaught mysqli_sql_exception: Column 'addon_id' cannot be null in C:\xampp\htdocs\Financial_Management\inner_pages\expense_logic.php:348
Stack trace:
#0 C:\xampp\htdocs\Financial_Management\inner_pages\expense_logic.php(348): mysqli_query(Object(mysqli), 'INSERT INTO exp...')
#1 {main}
  thrown in C:\xampp\htdocs\Financial_Management\inner_pages\expense_logic.php on line 348
[26-Aug-2025 17:20:52 Europe/Berlin] Session data: Array
(
    [authenticated] => 1
    [auth_user] => Array
        (
            [id] => 57
            [name] => RVR ADMIN
            [email] => rvr_admin@gmail.com
            [role] => admin
            [client_id] => 
            [company_id] => 1
        )

)

[26-Aug-2025 17:20:52 Europe/Berlin] POST data: Array
(
    [expense_type] => project
    [date] => 2025-08-26
    [client_id] => 
    [main_project_id] => 
    [addon_id] => 
    [item_name] => Array
        (
            [0] => Akari LED bulbs
        )

    [store_name] => Array
        (
            [0] => ACE Hardware
        )

    [category_num] => Array
        (
            [0] => 5001
        )

    [amount] => Array
        (
            [0] => 311.55
        )

    [payment_method] => Array
        (
            [0] => Cash
        )

    [other_payment_method] => Array
        (
            [0] => 
        )

    [invoice_num] => Array
        (
            [0] => 110242122
        )

    [save_batch_expense] => 1
    [validate_only] => 0
)

[26-Aug-2025 17:20:53 Europe/Berlin] PHP Fatal error:  Uncaught mysqli_sql_exception: Column 'addon_id' cannot be null in C:\xampp\htdocs\Financial_Management\inner_pages\expense_logic.php:348
Stack trace:
#0 C:\xampp\htdocs\Financial_Management\inner_pages\expense_logic.php(348): mysqli_query(Object(mysqli), 'INSERT INTO exp...')
#1 {main}
  thrown in C:\xampp\htdocs\Financial_Management\inner_pages\expense_logic.php on line 348
[26-Aug-2025 17:20:53 Europe/Berlin] Session data: Array
(
    [authenticated] => 1
    [auth_user] => Array
        (
            [id] => 119
            [name] => Maria K. Camposanto
            [email] => schoolcamposanto05@gmail.com
            [role] => admin
            [client_id] => 
            [company_id] => 1
        )

)

[26-Aug-2025 17:20:53 Europe/Berlin] POST data: Array
(
    [expense_type] => project
    [date] => 2025-08-26
    [client_id] => 219
    [project_id] => project-203
    [main_project_id] => 203
    [addon_id] => 
    [item_name] => Array
        (
            [0] => PVC Pipes
        )

    [store_name] => Array
        (
            [0] => Bellissima Home Depot Trading
        )

    [category_num] => Array
        (
            [0] => 5001
        )

    [amount] => Array
        (
            [0] => 2500
        )

    [payment_method] => Array
        (
            [0] => Cash
        )

    [other_payment_method] => Array
        (
            [0] => 
        )

    [invoice_num] => Array
        (
            [0] => 0847
        )

    [save_batch_expense] => 1
    [validate_only] => 1
)

[26-Aug-2025 17:20:58 Europe/Berlin] Session data: Array
(
    [authenticated] => 1
    [auth_user] => Array
        (
            [id] => 119
            [name] => Maria K. Camposanto
            [email] => schoolcamposanto05@gmail.com
            [role] => admin
            [client_id] => 
            [company_id] => 1
        )

)

[26-Aug-2025 17:20:58 Europe/Berlin] POST data: Array
(
    [expense_type] => project
    [date] => 2025-08-26
    [client_id] => 219
    [project_id] => project-203
    [main_project_id] => 203
    [addon_id] => 
    [item_name] => Array
        (
            [0] => PVC Pipes
        )

    [store_name] => Array
        (
            [0] => Bellissima Home Depot Trading
        )

    [category_num] => Array
        (
            [0] => 5001
        )

    [amount] => Array
        (
            [0] => 2500
        )

    [payment_method] => Array
        (
            [0] => Cash
        )

    [other_payment_method] => Array
        (
            [0] => 
        )

    [invoice_num] => Array
        (
            [0] => 0847
        )

    [save_batch_expense] => 1
    [validate_only] => 0
)

[26-Aug-2025 17:21:01 Europe/Berlin] PHP Fatal error:  Uncaught mysqli_sql_exception: Column 'addon_id' cannot be null in C:\xampp\htdocs\Financial_Management\inner_pages\expense_logic.php:348
Stack trace:
#0 C:\xampp\htdocs\Financial_Management\inner_pages\expense_logic.php(348): mysqli_query(Object(mysqli), 'INSERT INTO exp...')
#1 {main}
  thrown in C:\xampp\htdocs\Financial_Management\inner_pages\expense_logic.php on line 348
[26-Aug-2025 18:03:57 Europe/Berlin] PHP Fatal error:  Uncaught mysqli_sql_exception: Cannot add or update a child row: a foreign key constraint fails (`financial_management`.`payment_clients`, CONSTRAINT `forProject` FOREIGN KEY (`project_id`) REFERENCES `projects` (`project_id`) ON DELETE CASCADE ON UPDATE CASCADE) in C:\xampp\htdocs\Financial_Management\inner_pages\expense_logic.php:515
Stack trace:
#0 C:\xampp\htdocs\Financial_Management\inner_pages\expense_logic.php(515): mysqli_query(Object(mysqli), 'INSERT INTO pay...')
#1 {main}
  thrown in C:\xampp\htdocs\Financial_Management\inner_pages\expense_logic.php on line 515
[26-Aug-2025 18:09:07 Europe/Berlin] PHP Fatal error:  Uncaught mysqli_sql_exception: Cannot add or update a child row: a foreign key constraint fails (`financial_management`.`payment_clients`, CONSTRAINT `forProject` FOREIGN KEY (`project_id`) REFERENCES `projects` (`project_id`) ON DELETE CASCADE ON UPDATE CASCADE) in C:\xampp\htdocs\Financial_Management\inner_pages\expense_logic.php:515
Stack trace:
#0 C:\xampp\htdocs\Financial_Management\inner_pages\expense_logic.php(515): mysqli_query(Object(mysqli), 'INSERT INTO pay...')
#1 {main}
  thrown in C:\xampp\htdocs\Financial_Management\inner_pages\expense_logic.php on line 515
[26-Aug-2025 18:16:08 Europe/Berlin] PHP Warning:  Undefined array key "category_num" in C:\xampp\htdocs\Financial_Management\inner_pages\expense_logic.php on line 383
[26-Aug-2025 18:16:20 Europe/Berlin] PHP Warning:  Undefined array key "category_num" in C:\xampp\htdocs\Financial_Management\inner_pages\expense_logic.php on line 383
[26-Aug-2025 18:16:21 Europe/Berlin] PHP Warning:  Undefined array key "category_num" in C:\xampp\htdocs\Financial_Management\inner_pages\expense_logic.php on line 383
[26-Aug-2025 18:21:23 Europe/Berlin] PHP Fatal error:  Uncaught mysqli_sql_exception: Cannot add or update a child row: a foreign key constraint fails (`financial_management`.`payment_clients`, CONSTRAINT `forProject` FOREIGN KEY (`project_id`) REFERENCES `projects` (`project_id`) ON DELETE CASCADE ON UPDATE CASCADE) in C:\xampp\htdocs\Financial_Management\inner_pages\expense_logic.php:515
Stack trace:
#0 C:\xampp\htdocs\Financial_Management\inner_pages\expense_logic.php(515): mysqli_query(Object(mysqli), 'INSERT INTO pay...')
#1 {main}
  thrown in C:\xampp\htdocs\Financial_Management\inner_pages\expense_logic.php on line 515
[26-Aug-2025 18:24:09 Europe/Berlin] PHP Fatal error:  Uncaught mysqli_sql_exception: Cannot add or update a child row: a foreign key constraint fails (`financial_management`.`payment_clients`, CONSTRAINT `forProject` FOREIGN KEY (`project_id`) REFERENCES `projects` (`project_id`) ON DELETE CASCADE ON UPDATE CASCADE) in C:\xampp\htdocs\Financial_Management\inner_pages\expense_logic.php:515
Stack trace:
#0 C:\xampp\htdocs\Financial_Management\inner_pages\expense_logic.php(515): mysqli_query(Object(mysqli), 'INSERT INTO pay...')
#1 {main}
  thrown in C:\xampp\htdocs\Financial_Management\inner_pages\expense_logic.php on line 515
[26-Aug-2025 18:25:37 Europe/Berlin] Session data: Array
(
    [authenticated] => 1
    [auth_user] => Array
        (
            [id] => 119
            [name] => Maria K. Camposanto
            [email] => schoolcamposanto05@gmail.com
            [role] => admin
            [client_id] => 
            [company_id] => 1
        )

    [last_viewed_log_time] => 2025-08-27 00:00:09
)

[26-Aug-2025 18:25:37 Europe/Berlin] POST data: Array
(
    [expense_type] => project
    [date] => 2025-08-27
    [client_id] => 219
    [project_id] => project-207
    [main_project_id] => 207
    [addon_id] => 
    [item_name] => Array
        (
            [0] => Steel Bars
        )

    [store_name] => Array
        (
            [0] => Wilcon Depot
        )

    [category_num] => Array
        (
            [0] => 5001
        )

    [amount] => Array
        (
            [0] => 2580
        )

    [payment_method] => Array
        (
            [0] => Cash
        )

    [other_payment_method] => Array
        (
            [0] => 
        )

    [invoice_num] => Array
        (
            [0] => 0847
        )

    [save_batch_expense] => 1
    [validate_only] => 1
)

[26-Aug-2025 18:25:48 Europe/Berlin] Session data: Array
(
    [authenticated] => 1
    [auth_user] => Array
        (
            [id] => 119
            [name] => Maria K. Camposanto
            [email] => schoolcamposanto05@gmail.com
            [role] => admin
            [client_id] => 
            [company_id] => 1
        )

    [last_viewed_log_time] => 2025-08-27 00:00:09
)

[26-Aug-2025 18:25:48 Europe/Berlin] POST data: Array
(
    [expense_type] => project
    [date] => 2025-08-27
    [client_id] => 219
    [project_id] => project-207
    [main_project_id] => 207
    [addon_id] => 
    [item_name] => Array
        (
            [0] => Steel Bars
        )

    [store_name] => Array
        (
            [0] => Bellissima Home Depot Trading
        )

    [category_num] => Array
        (
            [0] => 5001
        )

    [amount] => Array
        (
            [0] => 2580
        )

    [payment_method] => Array
        (
            [0] => Cash
        )

    [other_payment_method] => Array
        (
            [0] => 
        )

    [invoice_num] => Array
        (
            [0] => 0847
        )

    [save_batch_expense] => 1
    [validate_only] => 1
)

[26-Aug-2025 18:25:52 Europe/Berlin] Session data: Array
(
    [authenticated] => 1
    [auth_user] => Array
        (
            [id] => 119
            [name] => Maria K. Camposanto
            [email] => schoolcamposanto05@gmail.com
            [role] => admin
            [client_id] => 
            [company_id] => 1
        )

    [last_viewed_log_time] => 2025-08-27 00:00:09
)

[26-Aug-2025 18:25:52 Europe/Berlin] POST data: Array
(
    [expense_type] => project
    [date] => 2025-08-27
    [client_id] => 219
    [project_id] => project-207
    [main_project_id] => 207
    [addon_id] => 
    [item_name] => Array
        (
            [0] => Steel Bars
        )

    [store_name] => Array
        (
            [0] => Bellissima Home Depot Trading
        )

    [category_num] => Array
        (
            [0] => 5001
        )

    [amount] => Array
        (
            [0] => 2580
        )

    [payment_method] => Array
        (
            [0] => Cash
        )

    [other_payment_method] => Array
        (
            [0] => 
        )

    [invoice_num] => Array
        (
            [0] => 0847
        )

    [save_batch_expense] => 1
    [validate_only] => 0
)

[26-Aug-2025 18:25:54 Europe/Berlin] PHP Fatal error:  Uncaught mysqli_sql_exception: Column 'addon_id' cannot be null in C:\xampp\htdocs\Financial_Management\inner_pages\expense_logic.php:348
Stack trace:
#0 C:\xampp\htdocs\Financial_Management\inner_pages\expense_logic.php(348): mysqli_query(Object(mysqli), 'INSERT INTO exp...')
#1 {main}
  thrown in C:\xampp\htdocs\Financial_Management\inner_pages\expense_logic.php on line 348
[26-Aug-2025 18:31:56 Europe/Berlin] Session data: Array
(
    [authenticated] => 1
    [auth_user] => Array
        (
            [id] => 119
            [name] => Maria K. Camposanto
            [email] => schoolcamposanto05@gmail.com
            [role] => admin
            [client_id] => 
            [company_id] => 1
        )

    [last_viewed_log_time] => 2025-08-27 00:00:09
)

[26-Aug-2025 18:31:56 Europe/Berlin] POST data: Array
(
    [expense_type] => project
    [date] => 2025-08-22
    [client_id] => 219
    [project_id] => project-207
    [main_project_id] => 207
    [addon_id] => 
    [item_name] => Array
        (
            [0] => Steel Bars
        )

    [store_name] => Array
        (
            [0] => Bellissima Home Depot Trading
        )

    [category_num] => Array
        (
            [0] => 5001
        )

    [amount] => Array
        (
            [0] => 2580
        )

    [payment_method] => Array
        (
            [0] => Cash
        )

    [other_payment_method] => Array
        (
            [0] => 
        )

    [invoice_num] => Array
        (
            [0] => 0847
        )

    [save_batch_expense] => 1
    [validate_only] => 1
)

[26-Aug-2025 18:32:01 Europe/Berlin] Session data: Array
(
    [authenticated] => 1
    [auth_user] => Array
        (
            [id] => 119
            [name] => Maria K. Camposanto
            [email] => schoolcamposanto05@gmail.com
            [role] => admin
            [client_id] => 
            [company_id] => 1
        )

    [last_viewed_log_time] => 2025-08-27 00:00:09
)

[26-Aug-2025 18:32:01 Europe/Berlin] POST data: Array
(
    [expense_type] => project
    [date] => 2025-08-22
    [client_id] => 219
    [project_id] => project-207
    [main_project_id] => 207
    [addon_id] => 
    [item_name] => Array
        (
            [0] => Steel Bars
        )

    [store_name] => Array
        (
            [0] => Bellissima Home Depot Trading
        )

    [category_num] => Array
        (
            [0] => 5001
        )

    [amount] => Array
        (
            [0] => 2580
        )

    [payment_method] => Array
        (
            [0] => Cash
        )

    [other_payment_method] => Array
        (
            [0] => 
        )

    [invoice_num] => Array
        (
            [0] => 0847
        )

    [save_batch_expense] => 1
    [validate_only] => 0
)

[26-Aug-2025 18:32:03 Europe/Berlin] PHP Fatal error:  Uncaught mysqli_sql_exception: Column 'addon_id' cannot be null in C:\xampp\htdocs\Financial_Management\inner_pages\expense_logic.php:348
Stack trace:
#0 C:\xampp\htdocs\Financial_Management\inner_pages\expense_logic.php(348): mysqli_query(Object(mysqli), 'INSERT INTO exp...')
#1 {main}
  thrown in C:\xampp\htdocs\Financial_Management\inner_pages\expense_logic.php on line 348
[26-Aug-2025 19:09:21 Europe/Berlin] Session data: Array
(
    [authenticated] => 1
    [auth_user] => Array
        (
            [id] => 119
            [name] => Maria K. Camposanto
            [email] => schoolcamposanto05@gmail.com
            [role] => admin
            [client_id] => 
            [company_id] => 1
        )

    [last_viewed_log_time] => 2025-08-27 00:00:09
)

[26-Aug-2025 19:09:21 Europe/Berlin] POST data: Array
(
    [expense_type] => project
    [date] => 2025-08-27
    [client_id] => 215
    [project_id] => project-205
    [main_project_id] => 205
    [addon_id] => 
    [item_name] => Array
        (
            [0] => Steel Bars
        )

    [store_name] => Array
        (
            [0] => Maquiling Builders
        )

    [category_num] => Array
        (
            [0] => 5001
        )

    [amount] => Array
        (
            [0] => 2500
        )

    [payment_method] => Array
        (
            [0] => Cash
        )

    [other_payment_method] => Array
        (
            [0] => 
        )

    [invoice_num] => Array
        (
            [0] => 0000000062220
        )

    [save_batch_expense] => 1
    [validate_only] => 1
)

[26-Aug-2025 19:09:25 Europe/Berlin] Session data: Array
(
    [authenticated] => 1
    [auth_user] => Array
        (
            [id] => 119
            [name] => Maria K. Camposanto
            [email] => schoolcamposanto05@gmail.com
            [role] => admin
            [client_id] => 
            [company_id] => 1
        )

    [last_viewed_log_time] => 2025-08-27 00:00:09
)

[26-Aug-2025 19:09:25 Europe/Berlin] POST data: Array
(
    [expense_type] => project
    [date] => 2025-08-27
    [client_id] => 215
    [project_id] => project-205
    [main_project_id] => 205
    [addon_id] => 
    [item_name] => Array
        (
            [0] => Steel Bars
        )

    [store_name] => Array
        (
            [0] => Maquiling Builders
        )

    [category_num] => Array
        (
            [0] => 5001
        )

    [amount] => Array
        (
            [0] => 2500
        )

    [payment_method] => Array
        (
            [0] => Cash
        )

    [other_payment_method] => Array
        (
            [0] => 
        )

    [invoice_num] => Array
        (
            [0] => 0000000062220
        )

    [save_batch_expense] => 1
    [validate_only] => 0
)

[26-Aug-2025 19:09:27 Europe/Berlin] PHP Fatal error:  Uncaught mysqli_sql_exception: Column 'addon_id' cannot be null in C:\xampp\htdocs\Financial_Management\inner_pages\expense_logic.php:351
Stack trace:
#0 C:\xampp\htdocs\Financial_Management\inner_pages\expense_logic.php(351): mysqli_query(Object(mysqli), 'INSERT INTO exp...')
#1 {main}
  thrown in C:\xampp\htdocs\Financial_Management\inner_pages\expense_logic.php on line 351
[26-Aug-2025 19:23:03 Europe/Berlin] Session data: Array
(
    [authenticated] => 1
    [auth_user] => Array
        (
            [id] => 119
            [name] => Maria K. Camposanto
            [email] => schoolcamposanto05@gmail.com
            [role] => admin
            [client_id] => 
            [company_id] => 1
        )

    [last_viewed_log_time] => 2025-08-27 00:00:09
)

[26-Aug-2025 19:23:03 Europe/Berlin] POST data: Array
(
    [expense_type] => project
    [date] => 2025-08-27
    [client_id] => 215
    [project_id] => project-205
    [main_project_id] => 205
    [addon_id] => 
    [item_name] => Array
        (
            [0] => Steel Bars
        )

    [store_name] => Array
        (
            [0] => Jollibee Turbina
        )

    [category_num] => Array
        (
            [0] => 5001
        )

    [amount] => Array
        (
            [0] => 2500
        )

    [payment_method] => Array
        (
            [0] => Cash
        )

    [other_payment_method] => Array
        (
            [0] => 
        )

    [invoice_num] => Array
        (
            [0] => 0847
        )

    [save_batch_expense] => 1
    [validate_only] => 1
)

[26-Aug-2025 19:23:28 Europe/Berlin] Session data: Array
(
    [authenticated] => 1
    [auth_user] => Array
        (
            [id] => 119
            [name] => Maria K. Camposanto
            [email] => schoolcamposanto05@gmail.com
            [role] => admin
            [client_id] => 
            [company_id] => 1
        )

    [last_viewed_log_time] => 2025-08-27 00:00:09
)

[26-Aug-2025 19:23:28 Europe/Berlin] POST data: Array
(
    [expense_type] => project
    [date] => 2025-08-27
    [client_id] => 215
    [project_id] => project-205
    [main_project_id] => 205
    [addon_id] => 
    [item_name] => Array
        (
            [0] => Steel Bars
        )

    [store_name] => Array
        (
            [0] => Maquiling Builders
        )

    [category_num] => Array
        (
            [0] => 5001
        )

    [amount] => Array
        (
            [0] => 2500
        )

    [payment_method] => Array
        (
            [0] => Cash
        )

    [other_payment_method] => Array
        (
            [0] => 
        )

    [invoice_num] => Array
        (
            [0] => 0000000062220
        )

    [save_batch_expense] => 1
    [validate_only] => 1
)

[26-Aug-2025 19:23:32 Europe/Berlin] Session data: Array
(
    [authenticated] => 1
    [auth_user] => Array
        (
            [id] => 119
            [name] => Maria K. Camposanto
            [email] => schoolcamposanto05@gmail.com
            [role] => admin
            [client_id] => 
            [company_id] => 1
        )

    [last_viewed_log_time] => 2025-08-27 00:00:09
)

[26-Aug-2025 19:23:32 Europe/Berlin] POST data: Array
(
    [expense_type] => project
    [date] => 2025-08-27
    [client_id] => 215
    [project_id] => project-205
    [main_project_id] => 205
    [addon_id] => 
    [item_name] => Array
        (
            [0] => Steel Bars
        )

    [store_name] => Array
        (
            [0] => Maquiling Builders
        )

    [category_num] => Array
        (
            [0] => 5001
        )

    [amount] => Array
        (
            [0] => 2500
        )

    [payment_method] => Array
        (
            [0] => Cash
        )

    [other_payment_method] => Array
        (
            [0] => 
        )

    [invoice_num] => Array
        (
            [0] => 0000000062220
        )

    [save_batch_expense] => 1
    [validate_only] => 0
)

[26-Aug-2025 19:23:34 Europe/Berlin] PHP Fatal error:  Uncaught mysqli_sql_exception: Column 'addon_id' cannot be null in C:\xampp\htdocs\Financial_Management\inner_pages\expense_logic.php:351
Stack trace:
#0 C:\xampp\htdocs\Financial_Management\inner_pages\expense_logic.php(351): mysqli_query(Object(mysqli), 'INSERT INTO exp...')
#1 {main}
  thrown in C:\xampp\htdocs\Financial_Management\inner_pages\expense_logic.php on line 351
[26-Aug-2025 19:30:18 Europe/Berlin] Session data: Array
(
    [authenticated] => 1
    [auth_user] => Array
        (
            [id] => 119
            [name] => Maria K. Camposanto
            [email] => schoolcamposanto05@gmail.com
            [role] => admin
            [client_id] => 
            [company_id] => 1
        )

    [last_viewed_log_time] => 2025-08-27 00:00:09
)

[26-Aug-2025 19:30:18 Europe/Berlin] POST data: Array
(
    [expense_type] => project
    [date] => 2025-08-22
    [client_id] => 215
    [project_id] => project-205
    [main_project_id] => 205
    [addon_id] => 
    [item_name] => Array
        (
            [0] => Steel Bars
        )

    [store_name] => Array
        (
            [0] => Maquiling Builders
        )

    [category_num] => Array
        (
            [0] => 5001
        )

    [amount] => Array
        (
            [0] => 2580
        )

    [payment_method] => Array
        (
            [0] => Cash
        )

    [other_payment_method] => Array
        (
            [0] => 
        )

    [invoice_num] => Array
        (
            [0] => 0000000062220
        )

    [save_batch_expense] => 1
    [validate_only] => 1
)

[26-Aug-2025 19:30:23 Europe/Berlin] Session data: Array
(
    [authenticated] => 1
    [auth_user] => Array
        (
            [id] => 119
            [name] => Maria K. Camposanto
            [email] => schoolcamposanto05@gmail.com
            [role] => admin
            [client_id] => 
            [company_id] => 1
        )

    [last_viewed_log_time] => 2025-08-27 00:00:09
)

[26-Aug-2025 19:30:23 Europe/Berlin] POST data: Array
(
    [expense_type] => project
    [date] => 2025-08-22
    [client_id] => 215
    [project_id] => project-205
    [main_project_id] => 205
    [addon_id] => 
    [item_name] => Array
        (
            [0] => Steel Bars
        )

    [store_name] => Array
        (
            [0] => Maquiling Builders
        )

    [category_num] => Array
        (
            [0] => 5001
        )

    [amount] => Array
        (
            [0] => 2580
        )

    [payment_method] => Array
        (
            [0] => Cash
        )

    [other_payment_method] => Array
        (
            [0] => 
        )

    [invoice_num] => Array
        (
            [0] => 0000000062220
        )

    [save_batch_expense] => 1
    [validate_only] => 0
)

[26-Aug-2025 19:30:25 Europe/Berlin] PHP Fatal error:  Uncaught mysqli_sql_exception: Column 'addon_id' cannot be null in C:\xampp\htdocs\Financial_Management\inner_pages\expense_logic.php:351
Stack trace:
#0 C:\xampp\htdocs\Financial_Management\inner_pages\expense_logic.php(351): mysqli_query(Object(mysqli), 'INSERT INTO exp...')
#1 {main}
  thrown in C:\xampp\htdocs\Financial_Management\inner_pages\expense_logic.php on line 351
[26-Aug-2025 19:30:30 Europe/Berlin] Session data: Array
(
    [authenticated] => 1
    [auth_user] => Array
        (
            [id] => 119
            [name] => Maria K. Camposanto
            [email] => schoolcamposanto05@gmail.com
            [role] => admin
            [client_id] => 
            [company_id] => 1
        )

    [last_viewed_log_time] => 2025-08-27 00:00:09
)

[26-Aug-2025 19:30:30 Europe/Berlin] POST data: Array
(
    [expense_type] => project
    [date] => 2025-08-22
    [client_id] => 215
    [project_id] => addon-20
    [main_project_id] => 205
    [addon_id] => 20
    [item_name] => Array
        (
            [0] => Steel Bars
        )

    [store_name] => Array
        (
            [0] => Maquiling Builders
        )

    [category_num] => Array
        (
            [0] => 5001
        )

    [amount] => Array
        (
            [0] => 2580
        )

    [payment_method] => Array
        (
            [0] => Cash
        )

    [other_payment_method] => Array
        (
            [0] => 
        )

    [invoice_num] => Array
        (
            [0] => 0000000062220
        )

    [save_batch_expense] => 1
    [validate_only] => 1
)

[26-Aug-2025 19:30:34 Europe/Berlin] Session data: Array
(
    [authenticated] => 1
    [auth_user] => Array
        (
            [id] => 119
            [name] => Maria K. Camposanto
            [email] => schoolcamposanto05@gmail.com
            [role] => admin
            [client_id] => 
            [company_id] => 1
        )

    [last_viewed_log_time] => 2025-08-27 00:00:09
)

[26-Aug-2025 19:30:34 Europe/Berlin] POST data: Array
(
    [expense_type] => project
    [date] => 2025-08-22
    [client_id] => 215
    [project_id] => addon-20
    [main_project_id] => 205
    [addon_id] => 20
    [item_name] => Array
        (
            [0] => Steel Bars
        )

    [store_name] => Array
        (
            [0] => Maquiling Builders
        )

    [category_num] => Array
        (
            [0] => 5001
        )

    [amount] => Array
        (
            [0] => 2580
        )

    [payment_method] => Array
        (
            [0] => Cash
        )

    [other_payment_method] => Array
        (
            [0] => 
        )

    [invoice_num] => Array
        (
            [0] => 0000000062220
        )

    [save_batch_expense] => 1
    [validate_only] => 0
)

[26-Aug-2025 19:33:02 Europe/Berlin] Session data: Array
(
    [authenticated] => 1
    [auth_user] => Array
        (
            [id] => 119
            [name] => Maria K. Camposanto
            [email] => schoolcamposanto05@gmail.com
            [role] => admin
            [client_id] => 
            [company_id] => 1
        )

    [last_viewed_log_time] => 2025-08-27 00:00:09
)

[26-Aug-2025 19:33:02 Europe/Berlin] POST data: Array
(
    [expense_type] => project
    [date] => 2025-08-22
    [client_id] => 215
    [project_id] => project-205
    [main_project_id] => 205
    [addon_id] => 
    [item_name] => Array
        (
            [0] => PVC Pipes
        )

    [store_name] => Array
        (
            [0] => Maquiling Builders
        )

    [category_num] => Array
        (
            [0] => 5001
        )

    [amount] => Array
        (
            [0] => 3680
        )

    [payment_method] => Array
        (
            [0] => Cash
        )

    [other_payment_method] => Array
        (
            [0] => 
        )

    [invoice_num] => Array
        (
            [0] => 0000000062291
        )

    [save_batch_expense] => 1
    [validate_only] => 1
)

[26-Aug-2025 19:33:35 Europe/Berlin] Session data: Array
(
    [authenticated] => 1
    [auth_user] => Array
        (
            [id] => 119
            [name] => Maria K. Camposanto
            [email] => schoolcamposanto05@gmail.com
            [role] => admin
            [client_id] => 
            [company_id] => 1
        )

    [last_viewed_log_time] => 2025-08-27 00:00:09
)

[26-Aug-2025 19:33:35 Europe/Berlin] POST data: Array
(
    [expense_type] => project
    [date] => 2025-08-22
    [client_id] => 215
    [project_id] => project-205
    [main_project_id] => 205
    [addon_id] => 
    [item_name] => Array
        (
            [0] => PVC Pipes
        )

    [store_name] => Array
        (
            [0] => Maquiling Builders
        )

    [category_num] => Array
        (
            [0] => 5001
        )

    [amount] => Array
        (
            [0] => 3680
        )

    [payment_method] => Array
        (
            [0] => Cash
        )

    [other_payment_method] => Array
        (
            [0] => 
        )

    [invoice_num] => Array
        (
            [0] => 0000000062219
        )

    [save_batch_expense] => 1
    [validate_only] => 1
)

[26-Aug-2025 19:34:06 Europe/Berlin] Session data: Array
(
    [authenticated] => 1
    [auth_user] => Array
        (
            [id] => 119
            [name] => Maria K. Camposanto
            [email] => schoolcamposanto05@gmail.com
            [role] => admin
            [client_id] => 
            [company_id] => 1
        )

    [last_viewed_log_time] => 2025-08-27 00:00:09
)

[26-Aug-2025 19:34:06 Europe/Berlin] POST data: Array
(
    [expense_type] => project
    [date] => 2025-08-22
    [client_id] => 215
    [project_id] => project-205
    [main_project_id] => 205
    [addon_id] => 
    [item_name] => Array
        (
            [0] => PVC Pipes
        )

    [store_name] => Array
        (
            [0] => Maquiling Builders
        )

    [category_num] => Array
        (
            [0] => 5001
        )

    [amount] => Array
        (
            [0] => 3680
        )

    [payment_method] => Array
        (
            [0] => Cash
        )

    [other_payment_method] => Array
        (
            [0] => 
        )

    [invoice_num] => Array
        (
            [0] => 0000000082219
        )

    [save_batch_expense] => 1
    [validate_only] => 1
)

[26-Aug-2025 19:34:11 Europe/Berlin] Session data: Array
(
    [authenticated] => 1
    [auth_user] => Array
        (
            [id] => 119
            [name] => Maria K. Camposanto
            [email] => schoolcamposanto05@gmail.com
            [role] => admin
            [client_id] => 
            [company_id] => 1
        )

    [last_viewed_log_time] => 2025-08-27 00:00:09
)

[26-Aug-2025 19:34:11 Europe/Berlin] POST data: Array
(
    [expense_type] => project
    [date] => 2025-08-22
    [client_id] => 215
    [project_id] => project-205
    [main_project_id] => 205
    [addon_id] => 
    [item_name] => Array
        (
            [0] => PVC Pipes
        )

    [store_name] => Array
        (
            [0] => Maquiling Builders
        )

    [category_num] => Array
        (
            [0] => 5001
        )

    [amount] => Array
        (
            [0] => 3680
        )

    [payment_method] => Array
        (
            [0] => Cash
        )

    [other_payment_method] => Array
        (
            [0] => 
        )

    [invoice_num] => Array
        (
            [0] => 0000000082219
        )

    [save_batch_expense] => 1
    [validate_only] => 0
)

[26-Aug-2025 19:34:13 Europe/Berlin] PHP Fatal error:  Uncaught mysqli_sql_exception: Column 'addon_id' cannot be null in C:\xampp\htdocs\Financial_Management\inner_pages\expense_logic.php:351
Stack trace:
#0 C:\xampp\htdocs\Financial_Management\inner_pages\expense_logic.php(351): mysqli_query(Object(mysqli), 'INSERT INTO exp...')
#1 {main}
  thrown in C:\xampp\htdocs\Financial_Management\inner_pages\expense_logic.php on line 351
[26-Aug-2025 19:48:29 Europe/Berlin] PHP Fatal error:  Uncaught mysqli_sql_exception: Cannot add or update a child row: a foreign key constraint fails (`financial_management`.`payment_clients`, CONSTRAINT `forProject` FOREIGN KEY (`project_id`) REFERENCES `projects` (`project_id`) ON DELETE CASCADE ON UPDATE CASCADE) in C:\xampp\htdocs\Financial_Management\inner_pages\expense_logic.php:518
Stack trace:
#0 C:\xampp\htdocs\Financial_Management\inner_pages\expense_logic.php(518): mysqli_query(Object(mysqli), 'INSERT INTO pay...')
#1 {main}
  thrown in C:\xampp\htdocs\Financial_Management\inner_pages\expense_logic.php on line 518
[26-Aug-2025 19:52:51 Europe/Berlin] PHP Fatal error:  Uncaught mysqli_sql_exception: Cannot add or update a child row: a foreign key constraint fails (`financial_management`.`payment_clients`, CONSTRAINT `forProject` FOREIGN KEY (`project_id`) REFERENCES `projects` (`project_id`) ON DELETE CASCADE ON UPDATE CASCADE) in C:\xampp\htdocs\Financial_Management\inner_pages\expense_logic.php:518
Stack trace:
#0 C:\xampp\htdocs\Financial_Management\inner_pages\expense_logic.php(518): mysqli_query(Object(mysqli), 'INSERT INTO pay...')
#1 {main}
  thrown in C:\xampp\htdocs\Financial_Management\inner_pages\expense_logic.php on line 518
[26-Aug-2025 20:07:47 Europe/Berlin] Session data: Array
(
    [authenticated] => 1
    [auth_user] => Array
        (
            [id] => 119
            [name] => Maria K. Camposanto
            [email] => schoolcamposanto05@gmail.com
            [role] => admin
            [client_id] => 
            [company_id] => 1
        )

    [last_viewed_log_time] => 2025-08-27 00:00:09
)

[26-Aug-2025 20:07:47 Europe/Berlin] POST data: Array
(
    [expense_type] => project
    [date] => 2025-08-26
    [client_id] => 219
    [project_id] => project-209
    [main_project_id] => 209
    [addon_id] => 
    [item_name] => Array
        (
            [0] => PVC Pipes
        )

    [store_name] => Array
        (
            [0] => Maquiling Builders
        )

    [category_num] => Array
        (
            [0] => 5001
        )

    [amount] => Array
        (
            [0] => 3580
        )

    [payment_method] => Array
        (
            [0] => Cash
        )

    [other_payment_method] => Array
        (
            [0] => 
        )

    [invoice_num] => Array
        (
            [0] => 0000000069846
        )

    [save_batch_expense] => 1
    [validate_only] => 1
)

[26-Aug-2025 20:07:54 Europe/Berlin] Session data: Array
(
    [authenticated] => 1
    [auth_user] => Array
        (
            [id] => 119
            [name] => Maria K. Camposanto
            [email] => schoolcamposanto05@gmail.com
            [role] => admin
            [client_id] => 
            [company_id] => 1
        )

    [last_viewed_log_time] => 2025-08-27 00:00:09
)

[26-Aug-2025 20:07:54 Europe/Berlin] POST data: Array
(
    [expense_type] => project
    [date] => 2025-08-26
    [client_id] => 219
    [project_id] => project-209
    [main_project_id] => 209
    [addon_id] => 
    [item_name] => Array
        (
            [0] => PVC Pipes
        )

    [store_name] => Array
        (
            [0] => Maquiling Builders
        )

    [category_num] => Array
        (
            [0] => 5001
        )

    [amount] => Array
        (
            [0] => 3580
        )

    [payment_method] => Array
        (
            [0] => Cash
        )

    [other_payment_method] => Array
        (
            [0] => 
        )

    [invoice_num] => Array
        (
            [0] => 0000000069846
        )

    [save_batch_expense] => 1
    [validate_only] => 0
)

[26-Aug-2025 20:07:59 Europe/Berlin] PHP Fatal error:  Uncaught mysqli_sql_exception: Column 'addon_id' cannot be null in C:\xampp\htdocs\Financial_Management\inner_pages\expense_logic.php:351
Stack trace:
#0 C:\xampp\htdocs\Financial_Management\inner_pages\expense_logic.php(351): mysqli_query(Object(mysqli), 'INSERT INTO exp...')
#1 {main}
  thrown in C:\xampp\htdocs\Financial_Management\inner_pages\expense_logic.php on line 351
[26-Aug-2025 20:12:50 Europe/Berlin] Session data: Array
(
    [authenticated] => 1
    [auth_user] => Array
        (
            [id] => 119
            [name] => Maria K. Camposanto
            [email] => schoolcamposanto05@gmail.com
            [role] => admin
            [client_id] => 
            [company_id] => 1
        )

    [last_viewed_log_time] => 2025-08-27 00:00:09
)

[26-Aug-2025 20:12:50 Europe/Berlin] POST data: Array
(
    [expense_type] => project
    [date] => 2025-08-27
    [client_id] => 219
    [project_id] => project-209
    [main_project_id] => 209
    [addon_id] => 
    [item_name] => Array
        (
            [0] => PVC Pipes
        )

    [store_name] => Array
        (
            [0] => Merrymart Grocery
        )

    [category_num] => Array
        (
            [0] => 5001
        )

    [amount] => Array
        (
            [0] => 2500
        )

    [payment_method] => Array
        (
            [0] => Cash
        )

    [other_payment_method] => Array
        (
            [0] => 
        )

    [invoice_num] => Array
        (
            [0] => 00045966
        )

    [save_batch_expense] => 1
    [validate_only] => 1
)

[26-Aug-2025 20:13:33 Europe/Berlin] Session data: Array
(
    [authenticated] => 1
    [auth_user] => Array
        (
            [id] => 119
            [name] => Maria K. Camposanto
            [email] => schoolcamposanto05@gmail.com
            [role] => admin
            [client_id] => 
            [company_id] => 1
        )

    [last_viewed_log_time] => 2025-08-27 00:00:09
)

[26-Aug-2025 20:13:33 Europe/Berlin] POST data: Array
(
    [expense_type] => project
    [date] => 2025-08-27
    [client_id] => 219
    [project_id] => project-209
    [main_project_id] => 209
    [addon_id] => 
    [item_name] => Array
        (
            [0] => PVC Pipes
        )

    [store_name] => Array
        (
            [0] => Merrymart Calamba
        )

    [category_num] => Array
        (
            [0] => 5001
        )

    [amount] => Array
        (
            [0] => 2500
        )

    [payment_method] => Array
        (
            [0] => Cash
        )

    [other_payment_method] => Array
        (
            [0] => 
        )

    [invoice_num] => Array
        (
            [0] => 0583
        )

    [save_batch_expense] => 1
    [validate_only] => 1
)

[26-Aug-2025 20:14:25 Europe/Berlin] Session data: Array
(
    [authenticated] => 1
    [auth_user] => Array
        (
            [id] => 119
            [name] => Maria K. Camposanto
            [email] => schoolcamposanto05@gmail.com
            [role] => admin
            [client_id] => 
            [company_id] => 1
        )

    [last_viewed_log_time] => 2025-08-27 00:00:09
)

[26-Aug-2025 20:14:25 Europe/Berlin] POST data: Array
(
    [expense_type] => project
    [date] => 2025-08-27
    [client_id] => 219
    [project_id] => project-209
    [main_project_id] => 209
    [addon_id] => 
    [item_name] => Array
        (
            [0] => PVC Pipes
        )

    [store_name] => Array
        (
            [0] => Merrymart Calamba
        )

    [category_num] => Array
        (
            [0] => 5001
        )

    [amount] => Array
        (
            [0] => 2500
        )

    [payment_method] => Array
        (
            [0] => Cash
        )

    [other_payment_method] => Array
        (
            [0] => 
        )

    [invoice_num] => Array
        (
            [0] => 853
        )

    [save_batch_expense] => 1
    [validate_only] => 1
)

[26-Aug-2025 20:14:30 Europe/Berlin] Session data: Array
(
    [authenticated] => 1
    [auth_user] => Array
        (
            [id] => 119
            [name] => Maria K. Camposanto
            [email] => schoolcamposanto05@gmail.com
            [role] => admin
            [client_id] => 
            [company_id] => 1
        )

    [last_viewed_log_time] => 2025-08-27 00:00:09
)

[26-Aug-2025 20:14:30 Europe/Berlin] POST data: Array
(
    [expense_type] => project
    [date] => 2025-08-27
    [client_id] => 219
    [project_id] => project-209
    [main_project_id] => 209
    [addon_id] => 
    [item_name] => Array
        (
            [0] => PVC Pipes
        )

    [store_name] => Array
        (
            [0] => Merrymart Calamba
        )

    [category_num] => Array
        (
            [0] => 5001
        )

    [amount] => Array
        (
            [0] => 2500
        )

    [payment_method] => Array
        (
            [0] => Cash
        )

    [other_payment_method] => Array
        (
            [0] => 
        )

    [invoice_num] => Array
        (
            [0] => 853
        )

    [save_batch_expense] => 1
    [validate_only] => 0
)

[26-Aug-2025 20:14:33 Europe/Berlin] PHP Fatal error:  Uncaught mysqli_sql_exception: Column 'addon_id' cannot be null in C:\xampp\htdocs\Financial_Management\inner_pages\expense_logic.php:351
Stack trace:
#0 C:\xampp\htdocs\Financial_Management\inner_pages\expense_logic.php(351): mysqli_query(Object(mysqli), 'INSERT INTO exp...')
#1 {main}
  thrown in C:\xampp\htdocs\Financial_Management\inner_pages\expense_logic.php on line 351
[26-Aug-2025 20:20:19 Europe/Berlin] Session data: Array
(
    [authenticated] => 1
    [auth_user] => Array
        (
            [id] => 119
            [name] => Maria K. Camposanto
            [email] => schoolcamposanto05@gmail.com
            [role] => admin
            [client_id] => 
            [company_id] => 1
        )

    [last_viewed_log_time] => 2025-08-27 00:00:09
)

[26-Aug-2025 20:20:19 Europe/Berlin] POST data: Array
(
    [expense_type] => project
    [date] => 2025-08-27
    [client_id] => 219
    [project_id] => project-209
    [main_project_id] => 209
    [addon_id] => 
    [item_name] => Array
        (
            [0] => Steel Bars
        )

    [store_name] => Array
        (
            [0] => Merrymart Grocery
        )

    [category_num] => Array
        (
            [0] => 5001
        )

    [amount] => Array
        (
            [0] => 3200
        )

    [payment_method] => Array
        (
            [0] => Cash
        )

    [other_payment_method] => Array
        (
            [0] => 
        )

    [invoice_num] => Array
        (
            [0] => 853
        )

    [save_batch_expense] => 1
    [validate_only] => 1
)

[26-Aug-2025 20:20:25 Europe/Berlin] Session data: Array
(
    [authenticated] => 1
    [auth_user] => Array
        (
            [id] => 119
            [name] => Maria K. Camposanto
            [email] => schoolcamposanto05@gmail.com
            [role] => admin
            [client_id] => 
            [company_id] => 1
        )

    [last_viewed_log_time] => 2025-08-27 00:00:09
)

[26-Aug-2025 20:20:25 Europe/Berlin] POST data: Array
(
    [expense_type] => project
    [date] => 2025-08-27
    [client_id] => 219
    [project_id] => project-209
    [main_project_id] => 209
    [addon_id] => 
    [item_name] => Array
        (
            [0] => Steel Bars
        )

    [store_name] => Array
        (
            [0] => Merrymart Grocery
        )

    [category_num] => Array
        (
            [0] => 5001
        )

    [amount] => Array
        (
            [0] => 3200
        )

    [payment_method] => Array
        (
            [0] => Cash
        )

    [other_payment_method] => Array
        (
            [0] => 
        )

    [invoice_num] => Array
        (
            [0] => 853
        )

    [save_batch_expense] => 1
    [validate_only] => 0
)

[26-Aug-2025 20:20:29 Europe/Berlin] PHP Fatal error:  Uncaught mysqli_sql_exception: Column 'addon_id' cannot be null in C:\xampp\htdocs\Financial_Management\inner_pages\expense_logic.php:351
Stack trace:
#0 C:\xampp\htdocs\Financial_Management\inner_pages\expense_logic.php(351): mysqli_query(Object(mysqli), 'INSERT INTO exp...')
#1 {main}
  thrown in C:\xampp\htdocs\Financial_Management\inner_pages\expense_logic.php on line 351
[26-Aug-2025 20:20:39 Europe/Berlin] Session data: Array
(
    [authenticated] => 1
    [auth_user] => Array
        (
            [id] => 119
            [name] => Maria K. Camposanto
            [email] => schoolcamposanto05@gmail.com
            [role] => admin
            [client_id] => 
            [company_id] => 1
        )

    [last_viewed_log_time] => 2025-08-27 00:00:09
)

[26-Aug-2025 20:20:39 Europe/Berlin] POST data: Array
(
    [expense_type] => project
    [date] => 2025-08-26
    [client_id] => 219
    [project_id] => project-209
    [main_project_id] => 209
    [addon_id] => 
    [item_name] => Array
        (
            [0] => Steel Bars
        )

    [store_name] => Array
        (
            [0] => Merrymart Grocery
        )

    [category_num] => Array
        (
            [0] => 5001
        )

    [amount] => Array
        (
            [0] => 3200
        )

    [payment_method] => Array
        (
            [0] => Cash
        )

    [other_payment_method] => Array
        (
            [0] => 
        )

    [invoice_num] => Array
        (
            [0] => 853
        )

    [save_batch_expense] => 1
    [validate_only] => 1
)

[26-Aug-2025 20:20:46 Europe/Berlin] Session data: Array
(
    [authenticated] => 1
    [auth_user] => Array
        (
            [id] => 119
            [name] => Maria K. Camposanto
            [email] => schoolcamposanto05@gmail.com
            [role] => admin
            [client_id] => 
            [company_id] => 1
        )

    [last_viewed_log_time] => 2025-08-27 00:00:09
)

[26-Aug-2025 20:20:46 Europe/Berlin] POST data: Array
(
    [expense_type] => project
    [date] => 2025-08-26
    [client_id] => 219
    [project_id] => project-209
    [main_project_id] => 209
    [addon_id] => 
    [item_name] => Array
        (
            [0] => Steel Bars
        )

    [store_name] => Array
        (
            [0] => Merrymart Grocery
        )

    [category_num] => Array
        (
            [0] => 5001
        )

    [amount] => Array
        (
            [0] => 3200
        )

    [payment_method] => Array
        (
            [0] => Cash
        )

    [other_payment_method] => Array
        (
            [0] => 
        )

    [invoice_num] => Array
        (
            [0] => 853
        )

    [save_batch_expense] => 1
    [validate_only] => 0
)

[26-Aug-2025 20:20:48 Europe/Berlin] PHP Fatal error:  Uncaught mysqli_sql_exception: Column 'addon_id' cannot be null in C:\xampp\htdocs\Financial_Management\inner_pages\expense_logic.php:351
Stack trace:
#0 C:\xampp\htdocs\Financial_Management\inner_pages\expense_logic.php(351): mysqli_query(Object(mysqli), 'INSERT INTO exp...')
#1 {main}
  thrown in C:\xampp\htdocs\Financial_Management\inner_pages\expense_logic.php on line 351
[27-Aug-2025 11:05:46 Europe/Berlin] Session data: Array
(
    [authenticated] => 1
    [auth_user] => Array
        (
            [id] => 119
            [name] => Maria K. Camposanto
            [email] => schoolcamposanto05@gmail.com
            [role] => admin
            [client_id] => 
            [company_id] => 1
        )

    [last_viewed_log_time] => 2025-08-27 14:44:07
)

[27-Aug-2025 11:05:46 Europe/Berlin] POST data: Array
(
    [expense_type] => project
    [date] => 2025-08-27
    [client_id] => 219
    [project_id] => project-209
    [main_project_id] => 209
    [addon_id] => 
    [item_name] => Array
        (
            [0] => Steel Bars
        )

    [store_name] => Array
        (
            [0] => Maquiling Builders
        )

    [category_num] => Array
        (
            [0] => 5001
        )

    [amount] => Array
        (
            [0] => 2580
        )

    [payment_method] => Array
        (
            [0] => Cash
        )

    [other_payment_method] => Array
        (
            [0] => 
        )

    [invoice_num] => Array
        (
            [0] => 0000000062220
        )

    [save_batch_expense] => 1
    [validate_only] => 1
)

[27-Aug-2025 11:06:03 Europe/Berlin] Session data: Array
(
    [authenticated] => 1
    [auth_user] => Array
        (
            [id] => 119
            [name] => Maria K. Camposanto
            [email] => schoolcamposanto05@gmail.com
            [role] => admin
            [client_id] => 
            [company_id] => 1
        )

    [last_viewed_log_time] => 2025-08-27 14:44:07
)

[27-Aug-2025 11:06:03 Europe/Berlin] POST data: Array
(
    [expense_type] => project
    [date] => 2025-08-27
    [client_id] => 219
    [project_id] => project-209
    [main_project_id] => 209
    [addon_id] => 
    [item_name] => Array
        (
            [0] => Steel Bars
        )

    [store_name] => Array
        (
            [0] => Maquiling Builders
        )

    [category_num] => Array
        (
            [0] => 5001
        )

    [amount] => Array
        (
            [0] => 2580
        )

    [payment_method] => Array
        (
            [0] => Cash
        )

    [other_payment_method] => Array
        (
            [0] => 
        )

    [invoice_num] => Array
        (
            [0] => 0000000062220
        )

    [save_batch_expense] => 1
    [validate_only] => 1
)

[27-Aug-2025 11:06:27 Europe/Berlin] Session data: Array
(
    [authenticated] => 1
    [auth_user] => Array
        (
            [id] => 119
            [name] => Maria K. Camposanto
            [email] => schoolcamposanto05@gmail.com
            [role] => admin
            [client_id] => 
            [company_id] => 1
        )

    [last_viewed_log_time] => 2025-08-27 14:44:07
)

[27-Aug-2025 11:06:27 Europe/Berlin] POST data: Array
(
    [expense_type] => project
    [date] => 2025-08-27
    [client_id] => 219
    [project_id] => project-209
    [main_project_id] => 209
    [addon_id] => 
    [item_name] => Array
        (
            [0] => Steel Bars
        )

    [store_name] => Array
        (
            [0] => Maquiling Builders
        )

    [category_num] => Array
        (
            [0] => 5001
        )

    [amount] => Array
        (
            [0] => 2580
        )

    [payment_method] => Array
        (
            [0] => Cash
        )

    [other_payment_method] => Array
        (
            [0] => 
        )

    [invoice_num] => Array
        (
            [0] => 0000000062220
        )

    [save_batch_expense] => 1
    [validate_only] => 1
)

[27-Aug-2025 11:06:57 Europe/Berlin] Session data: Array
(
    [authenticated] => 1
    [auth_user] => Array
        (
            [id] => 119
            [name] => Maria K. Camposanto
            [email] => schoolcamposanto05@gmail.com
            [role] => admin
            [client_id] => 
            [company_id] => 1
        )

    [last_viewed_log_time] => 2025-08-27 14:44:07
)

[27-Aug-2025 11:06:57 Europe/Berlin] POST data: Array
(
    [expense_type] => project
    [date] => 2025-08-27
    [client_id] => 219
    [project_id] => project-209
    [main_project_id] => 209
    [addon_id] => 
    [item_name] => Array
        (
            [0] => Steel Bars
        )

    [store_name] => Array
        (
            [0] => Maquiling Builders
        )

    [category_num] => Array
        (
            [0] => 5001
        )

    [amount] => Array
        (
            [0] => 2580
        )

    [payment_method] => Array
        (
            [0] => Cash
        )

    [other_payment_method] => Array
        (
            [0] => 
        )

    [invoice_num] => Array
        (
            [0] => 0000000082219
        )

    [save_batch_expense] => 1
    [validate_only] => 1
)

[27-Aug-2025 11:07:02 Europe/Berlin] Session data: Array
(
    [authenticated] => 1
    [auth_user] => Array
        (
            [id] => 119
            [name] => Maria K. Camposanto
            [email] => schoolcamposanto05@gmail.com
            [role] => admin
            [client_id] => 
            [company_id] => 1
        )

    [last_viewed_log_time] => 2025-08-27 14:44:07
)

[27-Aug-2025 11:07:02 Europe/Berlin] POST data: Array
(
    [expense_type] => project
    [date] => 2025-08-27
    [client_id] => 219
    [project_id] => project-209
    [main_project_id] => 209
    [addon_id] => 
    [item_name] => Array
        (
            [0] => Steel Bars
        )

    [store_name] => Array
        (
            [0] => Maquiling Builders
        )

    [category_num] => Array
        (
            [0] => 5001
        )

    [amount] => Array
        (
            [0] => 2580
        )

    [payment_method] => Array
        (
            [0] => Cash
        )

    [other_payment_method] => Array
        (
            [0] => 
        )

    [invoice_num] => Array
        (
            [0] => 0000000082219
        )

    [save_batch_expense] => 1
    [validate_only] => 0
)

[27-Aug-2025 11:07:05 Europe/Berlin] PHP Fatal error:  Uncaught mysqli_sql_exception: Column 'addon_id' cannot be null in C:\xampp\htdocs\Financial_Management\inner_pages\expense_logic.php:351
Stack trace:
#0 C:\xampp\htdocs\Financial_Management\inner_pages\expense_logic.php(351): mysqli_query(Object(mysqli), 'INSERT INTO exp...')
#1 {main}
  thrown in C:\xampp\htdocs\Financial_Management\inner_pages\expense_logic.php on line 351
[27-Aug-2025 11:21:34 Europe/Berlin] Session data: Array
(
    [authenticated] => 1
    [auth_user] => Array
        (
            [id] => 119
            [name] => Maria K. Camposanto
            [email] => schoolcamposanto05@gmail.com
            [role] => admin
            [client_id] => 
            [company_id] => 1
        )

    [last_viewed_log_time] => 2025-08-27 14:44:07
)

[27-Aug-2025 11:21:34 Europe/Berlin] POST data: Array
(
    [expense_type] => project
    [date] => 
    [client_id] => 219
    [project_id] => project-209
    [main_project_id] => 209
    [addon_id] => 
    [item_name] => Array
        (
            [0] => Steel Bars
        )

    [store_name] => Array
        (
            [0] => Maquiling Builders
        )

    [category_num] => Array
        (
            [0] => 5001
        )

    [amount] => Array
        (
            [0] => 2368
        )

    [payment_method] => Array
        (
            [0] => Cash
        )

    [other_payment_method] => Array
        (
            [0] => 
        )

    [invoice_num] => Array
        (
            [0] => 0000000082219
        )

    [save_batch_expense] => 1
    [validate_only] => 1
)

[27-Aug-2025 11:21:39 Europe/Berlin] Session data: Array
(
    [authenticated] => 1
    [auth_user] => Array
        (
            [id] => 119
            [name] => Maria K. Camposanto
            [email] => schoolcamposanto05@gmail.com
            [role] => admin
            [client_id] => 
            [company_id] => 1
        )

    [last_viewed_log_time] => 2025-08-27 14:44:07
)

[27-Aug-2025 11:21:39 Europe/Berlin] POST data: Array
(
    [expense_type] => project
    [date] => 
    [client_id] => 219
    [project_id] => project-209
    [main_project_id] => 209
    [addon_id] => 
    [item_name] => Array
        (
            [0] => Steel Bars
        )

    [store_name] => Array
        (
            [0] => Maquiling Builders
        )

    [category_num] => Array
        (
            [0] => 5001
        )

    [amount] => Array
        (
            [0] => 2368
        )

    [payment_method] => Array
        (
            [0] => Cash
        )

    [other_payment_method] => Array
        (
            [0] => 
        )

    [invoice_num] => Array
        (
            [0] => 0000000082219
        )

    [save_batch_expense] => 1
    [validate_only] => 0
)

[27-Aug-2025 11:21:41 Europe/Berlin] PHP Fatal error:  Uncaught mysqli_sql_exception: Column 'addon_id' cannot be null in C:\xampp\htdocs\Financial_Management\inner_pages\expense_logic.php:348
Stack trace:
#0 C:\xampp\htdocs\Financial_Management\inner_pages\expense_logic.php(348): mysqli_query(Object(mysqli), 'INSERT INTO exp...')
#1 {main}
  thrown in C:\xampp\htdocs\Financial_Management\inner_pages\expense_logic.php on line 348
[27-Aug-2025 11:35:12 Europe/Berlin] Session data: Array
(
    [authenticated] => 1
    [auth_user] => Array
        (
            [id] => 119
            [name] => Maria K. Camposanto
            [email] => schoolcamposanto05@gmail.com
            [role] => admin
            [client_id] => 
            [company_id] => 1
        )

    [last_viewed_log_time] => 2025-08-27 14:44:07
)

[27-Aug-2025 11:35:12 Europe/Berlin] POST data: Array
(
    [expense_type] => project
    [date] => 
    [client_id] => 219
    [project_id] => project-209
    [main_project_id] => 209
    [addon_id] => 
    [item_name] => Array
        (
            [0] => Steel Bars
        )

    [store_name] => Array
        (
            [0] => Maquiling Builders
        )

    [category_num] => Array
        (
            [0] => 5001
        )

    [amount] => Array
        (
            [0] => 2850
        )

    [payment_method] => Array
        (
            [0] => Cash
        )

    [other_payment_method] => Array
        (
            [0] => 
        )

    [invoice_num] => Array
        (
            [0] => 0000000082219
        )

    [save_batch_expense] => 1
    [validate_only] => 1
)

[27-Aug-2025 11:35:17 Europe/Berlin] Session data: Array
(
    [authenticated] => 1
    [auth_user] => Array
        (
            [id] => 119
            [name] => Maria K. Camposanto
            [email] => schoolcamposanto05@gmail.com
            [role] => admin
            [client_id] => 
            [company_id] => 1
        )

    [last_viewed_log_time] => 2025-08-27 14:44:07
)

[27-Aug-2025 11:35:17 Europe/Berlin] POST data: Array
(
    [expense_type] => project
    [date] => 
    [client_id] => 219
    [project_id] => project-209
    [main_project_id] => 209
    [addon_id] => 
    [item_name] => Array
        (
            [0] => Steel Bars
        )

    [store_name] => Array
        (
            [0] => Maquiling Builders
        )

    [category_num] => Array
        (
            [0] => 5001
        )

    [amount] => Array
        (
            [0] => 2850
        )

    [payment_method] => Array
        (
            [0] => Cash
        )

    [other_payment_method] => Array
        (
            [0] => 
        )

    [invoice_num] => Array
        (
            [0] => 0000000082219
        )

    [save_batch_expense] => 1
    [validate_only] => 0
)

[27-Aug-2025 11:35:19 Europe/Berlin] PHP Fatal error:  Uncaught mysqli_sql_exception: Column 'addon_id' cannot be null in C:\xampp\htdocs\Financial_Management\inner_pages\expense_logic.php:350
Stack trace:
#0 C:\xampp\htdocs\Financial_Management\inner_pages\expense_logic.php(350): mysqli_query(Object(mysqli), 'INSERT INTO exp...')
#1 {main}
  thrown in C:\xampp\htdocs\Financial_Management\inner_pages\expense_logic.php on line 350
[27-Aug-2025 12:02:53 Europe/Berlin] Session data: Array
(
    [authenticated] => 1
    [auth_user] => Array
        (
            [id] => 119
            [name] => Maria K. Camposanto
            [email] => schoolcamposanto05@gmail.com
            [role] => admin
            [client_id] => 
            [company_id] => 1
        )

)

[27-Aug-2025 12:02:53 Europe/Berlin] POST data: Array
(
    [expense_type] => project
    [date] => 2025-08-22
    [client_id] => 219
    [project_id] => project-209
    [main_project_id] => 209
    [addon_id] => 
    [item_name] => Array
        (
            [0] => Steel Bars
        )

    [store_name] => Array
        (
            [0] => Maquiling Builders
        )

    [category_num] => Array
        (
            [0] => 5001
        )

    [amount] => Array
        (
            [0] => 9750
        )

    [payment_method] => Array
        (
            [0] => Cash
        )

    [other_payment_method] => Array
        (
            [0] => 
        )

    [invoice_num] => Array
        (
            [0] => 0000000082219
        )

    [save_batch_expense] => 1
    [validate_only] => 1
)

[27-Aug-2025 12:02:58 Europe/Berlin] Session data: Array
(
    [authenticated] => 1
    [auth_user] => Array
        (
            [id] => 119
            [name] => Maria K. Camposanto
            [email] => schoolcamposanto05@gmail.com
            [role] => admin
            [client_id] => 
            [company_id] => 1
        )

)

[27-Aug-2025 12:02:58 Europe/Berlin] POST data: Array
(
    [expense_type] => project
    [date] => 2025-08-22
    [client_id] => 219
    [project_id] => project-209
    [main_project_id] => 209
    [addon_id] => 
    [item_name] => Array
        (
            [0] => Steel Bars
        )

    [store_name] => Array
        (
            [0] => Maquiling Builders
        )

    [category_num] => Array
        (
            [0] => 5001
        )

    [amount] => Array
        (
            [0] => 9750
        )

    [payment_method] => Array
        (
            [0] => Cash
        )

    [other_payment_method] => Array
        (
            [0] => 
        )

    [invoice_num] => Array
        (
            [0] => 0000000082219
        )

    [save_batch_expense] => 1
    [validate_only] => 0
)

[27-Aug-2025 12:03:00 Europe/Berlin] PHP Fatal error:  Uncaught mysqli_sql_exception: Column 'addon_id' cannot be null in C:\xampp\htdocs\Financial_Management\inner_pages\expense_logic.php:348
Stack trace:
#0 C:\xampp\htdocs\Financial_Management\inner_pages\expense_logic.php(348): mysqli_query(Object(mysqli), 'INSERT INTO exp...')
#1 {main}
  thrown in C:\xampp\htdocs\Financial_Management\inner_pages\expense_logic.php on line 348
[27-Aug-2025 12:06:35 Europe/Berlin] Session data: Array
(
    [authenticated] => 1
    [auth_user] => Array
        (
            [id] => 119
            [name] => Maria K. Camposanto
            [email] => schoolcamposanto05@gmail.com
            [role] => admin
            [client_id] => 
            [company_id] => 1
        )

)

[27-Aug-2025 12:06:35 Europe/Berlin] POST data: Array
(
    [expense_type] => project
    [date] => 2025-08-27
    [client_id] => 219
    [project_id] => project-209
    [main_project_id] => 209
    [addon_id] => 
    [item_name] => Array
        (
            [0] => PVC Pipes
        )

    [store_name] => Array
        (
            [0] => Maquiling Builders
        )

    [category_num] => Array
        (
            [0] => 5001
        )

    [amount] => Array
        (
            [0] => 2580
        )

    [payment_method] => Array
        (
            [0] => Cash
        )

    [other_payment_method] => Array
        (
            [0] => 
        )

    [invoice_num] => Array
        (
            [0] => 0000000082219
        )

    [save_batch_expense] => 1
    [validate_only] => 1
)

[27-Aug-2025 12:06:41 Europe/Berlin] Session data: Array
(
    [authenticated] => 1
    [auth_user] => Array
        (
            [id] => 119
            [name] => Maria K. Camposanto
            [email] => schoolcamposanto05@gmail.com
            [role] => admin
            [client_id] => 
            [company_id] => 1
        )

)

[27-Aug-2025 12:06:41 Europe/Berlin] POST data: Array
(
    [expense_type] => project
    [date] => 2025-08-27
    [client_id] => 219
    [project_id] => project-209
    [main_project_id] => 209
    [addon_id] => 
    [item_name] => Array
        (
            [0] => PVC Pipes
        )

    [store_name] => Array
        (
            [0] => Maquiling Builders
        )

    [category_num] => Array
        (
            [0] => 5001
        )

    [amount] => Array
        (
            [0] => 2580
        )

    [payment_method] => Array
        (
            [0] => Cash
        )

    [other_payment_method] => Array
        (
            [0] => 
        )

    [invoice_num] => Array
        (
            [0] => 0000000082219
        )

    [save_batch_expense] => 1
    [validate_only] => 0
)

[27-Aug-2025 12:06:43 Europe/Berlin] PHP Fatal error:  Uncaught mysqli_sql_exception: Column 'addon_id' cannot be null in C:\xampp\htdocs\Financial_Management\inner_pages\expense_logic.php:348
Stack trace:
#0 C:\xampp\htdocs\Financial_Management\inner_pages\expense_logic.php(348): mysqli_query(Object(mysqli), 'INSERT INTO exp...')
#1 {main}
  thrown in C:\xampp\htdocs\Financial_Management\inner_pages\expense_logic.php on line 348
[27-Aug-2025 12:14:34 Europe/Berlin] Session data: Array
(
    [authenticated] => 1
    [auth_user] => Array
        (
            [id] => 119
            [name] => Maria K. Camposanto
            [email] => schoolcamposanto05@gmail.com
            [role] => admin
            [client_id] => 
            [company_id] => 1
        )

)

[27-Aug-2025 12:14:34 Europe/Berlin] POST data: Array
(
    [expense_type] => project
    [date] => 2025-08-22
    [client_id] => 219
    [project_id] => project-209
    [main_project_id] => 209
    [addon_id] => 
    [item_name] => Array
        (
            [0] => Steel Bars
        )

    [store_name] => Array
        (
            [0] => Maquiling Builders
        )

    [category_num] => Array
        (
            [0] => 5001
        )

    [amount] => Array
        (
            [0] => 8540
        )

    [payment_method] => Array
        (
            [0] => Cash
        )

    [other_payment_method] => Array
        (
            [0] => 
        )

    [invoice_num] => Array
        (
            [0] => 0000000082219
        )

    [save_batch_expense] => 1
    [validate_only] => 1
)

[27-Aug-2025 12:14:39 Europe/Berlin] Session data: Array
(
    [authenticated] => 1
    [auth_user] => Array
        (
            [id] => 119
            [name] => Maria K. Camposanto
            [email] => schoolcamposanto05@gmail.com
            [role] => admin
            [client_id] => 
            [company_id] => 1
        )

)

[27-Aug-2025 12:14:39 Europe/Berlin] POST data: Array
(
    [expense_type] => project
    [date] => 2025-08-22
    [client_id] => 219
    [project_id] => project-209
    [main_project_id] => 209
    [addon_id] => 
    [item_name] => Array
        (
            [0] => Steel Bars
        )

    [store_name] => Array
        (
            [0] => Maquiling Builders
        )

    [category_num] => Array
        (
            [0] => 5001
        )

    [amount] => Array
        (
            [0] => 8540
        )

    [payment_method] => Array
        (
            [0] => Cash
        )

    [other_payment_method] => Array
        (
            [0] => 
        )

    [invoice_num] => Array
        (
            [0] => 0000000082219
        )

    [save_batch_expense] => 1
    [validate_only] => 0
)

[27-Aug-2025 12:14:41 Europe/Berlin] PHP Fatal error:  Uncaught mysqli_sql_exception: Column 'addon_id' cannot be null in C:\xampp\htdocs\Financial_Management\inner_pages\expense_logic.php:348
Stack trace:
#0 C:\xampp\htdocs\Financial_Management\inner_pages\expense_logic.php(348): mysqli_query(Object(mysqli), 'INSERT INTO exp...')
#1 {main}
  thrown in C:\xampp\htdocs\Financial_Management\inner_pages\expense_logic.php on line 348
[27-Aug-2025 12:23:46 Europe/Berlin] Session data: Array
(
    [authenticated] => 1
    [auth_user] => Array
        (
            [id] => 119
            [name] => Maria K. Camposanto
            [email] => schoolcamposanto05@gmail.com
            [role] => admin
            [client_id] => 
            [company_id] => 1
        )

)

[27-Aug-2025 12:23:46 Europe/Berlin] POST data: Array
(
    [expense_type] => project
    [date] => 2025-08-27
    [client_id] => 219
    [project_id] => project-209
    [main_project_id] => 209
    [addon_id] => 
    [item_name] => Array
        (
            [0] => PVC Pipes
        )

    [store_name] => Array
        (
            [0] => Maquiling Builders
        )

    [category_num] => Array
        (
            [0] => 5001
        )

    [amount] => Array
        (
            [0] => 2850
        )

    [payment_method] => Array
        (
            [0] => Cash
        )

    [other_payment_method] => Array
        (
            [0] => 
        )

    [invoice_num] => Array
        (
            [0] => 0000000082219
        )

    [save_batch_expense] => 1
    [validate_only] => 1
)

[27-Aug-2025 12:23:48 Europe/Berlin] PHP Warning:  Undefined variable $row in C:\xampp\htdocs\Financial_Management\inner_pages\expense_logic.php on line 332
[27-Aug-2025 12:23:48 Europe/Berlin] PHP Warning:  Trying to access array offset on value of type null in C:\xampp\htdocs\Financial_Management\inner_pages\expense_logic.php on line 332
[27-Aug-2025 12:23:48 Europe/Berlin] PHP Deprecated:  mysqli_real_escape_string(): Passing null to parameter #2 ($string) of type string is deprecated in C:\xampp\htdocs\Financial_Management\inner_pages\expense_logic.php on line 332
[27-Aug-2025 12:23:48 Europe/Berlin] PHP Warning:  Undefined variable $row in C:\xampp\htdocs\Financial_Management\inner_pages\expense_logic.php on line 333
[27-Aug-2025 12:23:48 Europe/Berlin] PHP Warning:  Trying to access array offset on value of type null in C:\xampp\htdocs\Financial_Management\inner_pages\expense_logic.php on line 333
[27-Aug-2025 12:23:48 Europe/Berlin] PHP Deprecated:  mysqli_real_escape_string(): Passing null to parameter #2 ($string) of type string is deprecated in C:\xampp\htdocs\Financial_Management\inner_pages\expense_logic.php on line 333
[27-Aug-2025 12:23:48 Europe/Berlin] PHP Warning:  Undefined variable $row in C:\xampp\htdocs\Financial_Management\inner_pages\expense_logic.php on line 334
[27-Aug-2025 12:23:48 Europe/Berlin] PHP Warning:  Trying to access array offset on value of type null in C:\xampp\htdocs\Financial_Management\inner_pages\expense_logic.php on line 334
[27-Aug-2025 12:23:48 Europe/Berlin] PHP Deprecated:  mysqli_real_escape_string(): Passing null to parameter #2 ($string) of type string is deprecated in C:\xampp\htdocs\Financial_Management\inner_pages\expense_logic.php on line 334
[27-Aug-2025 12:23:48 Europe/Berlin] PHP Warning:  Undefined variable $row in C:\xampp\htdocs\Financial_Management\inner_pages\expense_logic.php on line 335
[27-Aug-2025 12:23:48 Europe/Berlin] PHP Warning:  Trying to access array offset on value of type null in C:\xampp\htdocs\Financial_Management\inner_pages\expense_logic.php on line 335
[27-Aug-2025 12:23:48 Europe/Berlin] PHP Deprecated:  mysqli_real_escape_string(): Passing null to parameter #2 ($string) of type string is deprecated in C:\xampp\htdocs\Financial_Management\inner_pages\expense_logic.php on line 335
[27-Aug-2025 12:23:48 Europe/Berlin] PHP Warning:  Undefined variable $row in C:\xampp\htdocs\Financial_Management\inner_pages\expense_logic.php on line 336
[27-Aug-2025 12:23:48 Europe/Berlin] PHP Warning:  Trying to access array offset on value of type null in C:\xampp\htdocs\Financial_Management\inner_pages\expense_logic.php on line 336
[27-Aug-2025 12:23:48 Europe/Berlin] PHP Deprecated:  mysqli_real_escape_string(): Passing null to parameter #2 ($string) of type string is deprecated in C:\xampp\htdocs\Financial_Management\inner_pages\expense_logic.php on line 336
[27-Aug-2025 12:23:48 Europe/Berlin] PHP Warning:  Undefined variable $row in C:\xampp\htdocs\Financial_Management\inner_pages\expense_logic.php on line 337
[27-Aug-2025 12:23:48 Europe/Berlin] PHP Warning:  Trying to access array offset on value of type null in C:\xampp\htdocs\Financial_Management\inner_pages\expense_logic.php on line 337
[27-Aug-2025 12:23:48 Europe/Berlin] PHP Deprecated:  mysqli_real_escape_string(): Passing null to parameter #2 ($string) of type string is deprecated in C:\xampp\htdocs\Financial_Management\inner_pages\expense_logic.php on line 337
[27-Aug-2025 12:23:51 Europe/Berlin] Session data: Array
(
    [authenticated] => 1
    [auth_user] => Array
        (
            [id] => 119
            [name] => Maria K. Camposanto
            [email] => schoolcamposanto05@gmail.com
            [role] => admin
            [client_id] => 
            [company_id] => 1
        )

)

[27-Aug-2025 12:23:51 Europe/Berlin] POST data: Array
(
    [expense_type] => project
    [date] => 2025-08-27
    [client_id] => 219
    [project_id] => project-209
    [main_project_id] => 209
    [addon_id] => 
    [item_name] => Array
        (
            [0] => PVC Pipes
        )

    [store_name] => Array
        (
            [0] => Maquiling Builders
        )

    [category_num] => Array
        (
            [0] => 5001
        )

    [amount] => Array
        (
            [0] => 2850
        )

    [payment_method] => Array
        (
            [0] => Cash
        )

    [other_payment_method] => Array
        (
            [0] => 
        )

    [invoice_num] => Array
        (
            [0] => 0000000082219
        )

    [save_batch_expense] => 1
    [validate_only] => 0
)

[27-Aug-2025 12:23:53 Europe/Berlin] PHP Warning:  Undefined variable $row in C:\xampp\htdocs\Financial_Management\inner_pages\expense_logic.php on line 332
[27-Aug-2025 12:23:53 Europe/Berlin] PHP Warning:  Trying to access array offset on value of type null in C:\xampp\htdocs\Financial_Management\inner_pages\expense_logic.php on line 332
[27-Aug-2025 12:23:53 Europe/Berlin] PHP Deprecated:  mysqli_real_escape_string(): Passing null to parameter #2 ($string) of type string is deprecated in C:\xampp\htdocs\Financial_Management\inner_pages\expense_logic.php on line 332
[27-Aug-2025 12:23:53 Europe/Berlin] PHP Warning:  Undefined variable $row in C:\xampp\htdocs\Financial_Management\inner_pages\expense_logic.php on line 333
[27-Aug-2025 12:23:53 Europe/Berlin] PHP Warning:  Trying to access array offset on value of type null in C:\xampp\htdocs\Financial_Management\inner_pages\expense_logic.php on line 333
[27-Aug-2025 12:23:53 Europe/Berlin] PHP Deprecated:  mysqli_real_escape_string(): Passing null to parameter #2 ($string) of type string is deprecated in C:\xampp\htdocs\Financial_Management\inner_pages\expense_logic.php on line 333
[27-Aug-2025 12:23:53 Europe/Berlin] PHP Warning:  Undefined variable $row in C:\xampp\htdocs\Financial_Management\inner_pages\expense_logic.php on line 334
[27-Aug-2025 12:23:53 Europe/Berlin] PHP Warning:  Trying to access array offset on value of type null in C:\xampp\htdocs\Financial_Management\inner_pages\expense_logic.php on line 334
[27-Aug-2025 12:23:53 Europe/Berlin] PHP Deprecated:  mysqli_real_escape_string(): Passing null to parameter #2 ($string) of type string is deprecated in C:\xampp\htdocs\Financial_Management\inner_pages\expense_logic.php on line 334
[27-Aug-2025 12:23:53 Europe/Berlin] PHP Warning:  Undefined variable $row in C:\xampp\htdocs\Financial_Management\inner_pages\expense_logic.php on line 335
[27-Aug-2025 12:23:53 Europe/Berlin] PHP Warning:  Trying to access array offset on value of type null in C:\xampp\htdocs\Financial_Management\inner_pages\expense_logic.php on line 335
[27-Aug-2025 12:23:53 Europe/Berlin] PHP Deprecated:  mysqli_real_escape_string(): Passing null to parameter #2 ($string) of type string is deprecated in C:\xampp\htdocs\Financial_Management\inner_pages\expense_logic.php on line 335
[27-Aug-2025 12:23:53 Europe/Berlin] PHP Warning:  Undefined variable $row in C:\xampp\htdocs\Financial_Management\inner_pages\expense_logic.php on line 336
[27-Aug-2025 12:23:53 Europe/Berlin] PHP Warning:  Trying to access array offset on value of type null in C:\xampp\htdocs\Financial_Management\inner_pages\expense_logic.php on line 336
[27-Aug-2025 12:23:53 Europe/Berlin] PHP Deprecated:  mysqli_real_escape_string(): Passing null to parameter #2 ($string) of type string is deprecated in C:\xampp\htdocs\Financial_Management\inner_pages\expense_logic.php on line 336
[27-Aug-2025 12:23:53 Europe/Berlin] PHP Warning:  Undefined variable $row in C:\xampp\htdocs\Financial_Management\inner_pages\expense_logic.php on line 337
[27-Aug-2025 12:23:53 Europe/Berlin] PHP Warning:  Trying to access array offset on value of type null in C:\xampp\htdocs\Financial_Management\inner_pages\expense_logic.php on line 337
[27-Aug-2025 12:23:53 Europe/Berlin] PHP Deprecated:  mysqli_real_escape_string(): Passing null to parameter #2 ($string) of type string is deprecated in C:\xampp\htdocs\Financial_Management\inner_pages\expense_logic.php on line 337
[27-Aug-2025 12:23:53 Europe/Berlin] PHP Fatal error:  Uncaught mysqli_sql_exception: Column 'addon_id' cannot be null in C:\xampp\htdocs\Financial_Management\inner_pages\expense_logic.php:358
Stack trace:
#0 C:\xampp\htdocs\Financial_Management\inner_pages\expense_logic.php(358): mysqli_query(Object(mysqli), 'INSERT INTO exp...')
#1 {main}
  thrown in C:\xampp\htdocs\Financial_Management\inner_pages\expense_logic.php on line 358
[27-Aug-2025 12:27:51 Europe/Berlin] Session data: Array
(
    [authenticated] => 1
    [auth_user] => Array
        (
            [id] => 119
            [name] => Maria K. Camposanto
            [email] => schoolcamposanto05@gmail.com
            [role] => admin
            [client_id] => 
            [company_id] => 1
        )

)

[27-Aug-2025 12:27:51 Europe/Berlin] POST data: Array
(
    [expense_type] => project
    [date] => 2025-08-27
    [client_id] => 219
    [project_id] => project-209
    [main_project_id] => 209
    [addon_id] => 
    [item_name] => Array
        (
            [0] => PVC Pipes
        )

    [store_name] => Array
        (
            [0] => Maquiling Builders
        )

    [category_num] => Array
        (
            [0] => 5001
        )

    [amount] => Array
        (
            [0] => 8950
        )

    [payment_method] => Array
        (
            [0] => Cash
        )

    [other_payment_method] => Array
        (
            [0] => 
        )

    [invoice_num] => Array
        (
            [0] => 0000000082219
        )

    [save_batch_expense] => 1
    [validate_only] => 1
)

[27-Aug-2025 12:27:55 Europe/Berlin] Session data: Array
(
    [authenticated] => 1
    [auth_user] => Array
        (
            [id] => 119
            [name] => Maria K. Camposanto
            [email] => schoolcamposanto05@gmail.com
            [role] => admin
            [client_id] => 
            [company_id] => 1
        )

)

[27-Aug-2025 12:27:55 Europe/Berlin] POST data: Array
(
    [expense_type] => project
    [date] => 2025-08-27
    [client_id] => 219
    [project_id] => project-209
    [main_project_id] => 209
    [addon_id] => 
    [item_name] => Array
        (
            [0] => PVC Pipes
        )

    [store_name] => Array
        (
            [0] => Maquiling Builders
        )

    [category_num] => Array
        (
            [0] => 5001
        )

    [amount] => Array
        (
            [0] => 8950
        )

    [payment_method] => Array
        (
            [0] => Cash
        )

    [other_payment_method] => Array
        (
            [0] => 
        )

    [invoice_num] => Array
        (
            [0] => 0000000082219
        )

    [save_batch_expense] => 1
    [validate_only] => 0
)

[27-Aug-2025 12:27:57 Europe/Berlin] PHP Fatal error:  Uncaught mysqli_sql_exception: Column 'addon_id' cannot be null in C:\xampp\htdocs\Financial_Management\inner_pages\expense_logic.php:360
Stack trace:
#0 C:\xampp\htdocs\Financial_Management\inner_pages\expense_logic.php(360): mysqli_query(Object(mysqli), 'INSERT INTO exp...')
#1 {main}
  thrown in C:\xampp\htdocs\Financial_Management\inner_pages\expense_logic.php on line 360
[27-Aug-2025 12:31:48 Europe/Berlin] Session data: Array
(
    [authenticated] => 1
    [auth_user] => Array
        (
            [id] => 119
            [name] => Maria K. Camposanto
            [email] => schoolcamposanto05@gmail.com
            [role] => admin
            [client_id] => 
            [company_id] => 1
        )

)

[27-Aug-2025 12:31:48 Europe/Berlin] POST data: Array
(
    [expense_type] => project
    [date] => 2025-08-27
    [client_id] => 219
    [project_id] => project-209
    [main_project_id] => 209
    [addon_id] => 
    [item_name] => Array
        (
            [0] => PVC Pipes
        )

    [store_name] => Array
        (
            [0] => Maquiling Builders
        )

    [category_num] => Array
        (
            [0] => 5001
        )

    [amount] => Array
        (
            [0] => 6320
        )

    [payment_method] => Array
        (
            [0] => Cash
        )

    [other_payment_method] => Array
        (
            [0] => 
        )

    [invoice_num] => Array
        (
            [0] => 0000000082219
        )

    [save_batch_expense] => 1
    [validate_only] => 1
)

[27-Aug-2025 12:31:53 Europe/Berlin] Session data: Array
(
    [authenticated] => 1
    [auth_user] => Array
        (
            [id] => 119
            [name] => Maria K. Camposanto
            [email] => schoolcamposanto05@gmail.com
            [role] => admin
            [client_id] => 
            [company_id] => 1
        )

)

[27-Aug-2025 12:31:53 Europe/Berlin] POST data: Array
(
    [expense_type] => project
    [date] => 2025-08-27
    [client_id] => 219
    [project_id] => project-209
    [main_project_id] => 209
    [addon_id] => 
    [item_name] => Array
        (
            [0] => PVC Pipes
        )

    [store_name] => Array
        (
            [0] => Maquiling Builders
        )

    [category_num] => Array
        (
            [0] => 5001
        )

    [amount] => Array
        (
            [0] => 6320
        )

    [payment_method] => Array
        (
            [0] => Cash
        )

    [other_payment_method] => Array
        (
            [0] => 
        )

    [invoice_num] => Array
        (
            [0] => 0000000082219
        )

    [save_batch_expense] => 1
    [validate_only] => 0
)

[27-Aug-2025 12:31:56 Europe/Berlin] Row to insert: Array
(
    [row_num] => 0
    [user_id] => 119
    [client] => 219
    [main_project_id] => 209
    [addon_id] => 
    [date] => 2025-08-27
    [description] => PVC Pipes
    [category_num] => 5001
    [category] => Construction Supplies
    [invoice_num] => 0000000082219
    [store_name] => Maquiling Builders
    [amount] => 6320
    [payment_method] => Cash
    [receipt_file] => New_Receipt3.jpg
    [receipt_tmp] => C:\xampp\tmp\php26A5.tmp
    [final_path] => ../receipts/project_expenses_files/New_Receipt3.jpg
)

[27-Aug-2025 12:31:56 Europe/Berlin] PHP Fatal error:  Uncaught mysqli_sql_exception: Column 'addon_id' cannot be null in C:\xampp\htdocs\Financial_Management\inner_pages\expense_logic.php:374
Stack trace:
#0 C:\xampp\htdocs\Financial_Management\inner_pages\expense_logic.php(374): mysqli_query(Object(mysqli), 'INSERT INTO exp...')
#1 {main}
  thrown in C:\xampp\htdocs\Financial_Management\inner_pages\expense_logic.php on line 374
[27-Aug-2025 12:35:00 Europe/Berlin] Session data: Array
(
    [authenticated] => 1
    [auth_user] => Array
        (
            [id] => 119
            [name] => Maria K. Camposanto
            [email] => schoolcamposanto05@gmail.com
            [role] => admin
            [client_id] => 
            [company_id] => 1
        )

)

[27-Aug-2025 12:35:00 Europe/Berlin] POST data: Array
(
    [expense_type] => project
    [date] => 2025-08-25
    [client_id] => 219
    [project_id] => project-209
    [main_project_id] => 209
    [addon_id] => 
    [item_name] => Array
        (
            [0] => PVC Pipes
        )

    [store_name] => Array
        (
            [0] => Maquiling Builders
        )

    [category_num] => Array
        (
            [0] => 5001
        )

    [amount] => Array
        (
            [0] => 8520
        )

    [payment_method] => Array
        (
            [0] => Cash
        )

    [other_payment_method] => Array
        (
            [0] => 
        )

    [invoice_num] => Array
        (
            [0] => 0000000082219
        )

    [save_batch_expense] => 1
    [validate_only] => 1
)

[27-Aug-2025 12:35:04 Europe/Berlin] Session data: Array
(
    [authenticated] => 1
    [auth_user] => Array
        (
            [id] => 119
            [name] => Maria K. Camposanto
            [email] => schoolcamposanto05@gmail.com
            [role] => admin
            [client_id] => 
            [company_id] => 1
        )

)

[27-Aug-2025 12:35:04 Europe/Berlin] POST data: Array
(
    [expense_type] => project
    [date] => 2025-08-25
    [client_id] => 219
    [project_id] => project-209
    [main_project_id] => 209
    [addon_id] => 
    [item_name] => Array
        (
            [0] => PVC Pipes
        )

    [store_name] => Array
        (
            [0] => Maquiling Builders
        )

    [category_num] => Array
        (
            [0] => 5001
        )

    [amount] => Array
        (
            [0] => 8520
        )

    [payment_method] => Array
        (
            [0] => Cash
        )

    [other_payment_method] => Array
        (
            [0] => 
        )

    [invoice_num] => Array
        (
            [0] => 0000000082219
        )

    [save_batch_expense] => 1
    [validate_only] => 0
)

[27-Aug-2025 12:35:06 Europe/Berlin] Row to insert: Array
(
    [row_num] => 0
    [user_id] => 119
    [client] => 219
    [main_project_id] => 209
    [addon_id] => 
    [date] => 2025-08-25
    [description] => PVC Pipes
    [category_num] => 5001
    [category] => Construction Supplies
    [invoice_num] => 0000000082219
    [store_name] => Maquiling Builders
    [amount] => 8520
    [payment_method] => Cash
    [receipt_file] => New_Receipt3.jpg
    [receipt_tmp] => C:\xampp\tmp\phpFD4.tmp
    [final_path] => ../receipts/project_expenses_files/New_Receipt3.jpg
)

[27-Aug-2025 12:35:06 Europe/Berlin] PHP Fatal error:  Uncaught mysqli_sql_exception: Column 'addon_id' cannot be null in C:\xampp\htdocs\Financial_Management\inner_pages\expense_logic.php:383
Stack trace:
#0 C:\xampp\htdocs\Financial_Management\inner_pages\expense_logic.php(383): mysqli_query(Object(mysqli), 'INSERT INTO exp...')
#1 {main}
  thrown in C:\xampp\htdocs\Financial_Management\inner_pages\expense_logic.php on line 383
[27-Aug-2025 12:42:01 Europe/Berlin] Session data: Array
(
    [authenticated] => 1
    [auth_user] => Array
        (
            [id] => 119
            [name] => Maria K. Camposanto
            [email] => schoolcamposanto05@gmail.com
            [role] => admin
            [client_id] => 
            [company_id] => 1
        )

)

[27-Aug-2025 12:42:01 Europe/Berlin] POST data: Array
(
    [expense_type] => project
    [date] => 2025-08-27
    [client_id] => 219
    [project_id] => project-209
    [main_project_id] => 209
    [addon_id] => 
    [item_name] => Array
        (
            [0] => Steel Bars
        )

    [store_name] => Array
        (
            [0] => Maquiling Builders
        )

    [category_num] => Array
        (
            [0] => 5001
        )

    [amount] => Array
        (
            [0] => 3520
        )

    [payment_method] => Array
        (
            [0] => Cash
        )

    [other_payment_method] => Array
        (
            [0] => 
        )

    [invoice_num] => Array
        (
            [0] => 00000000822
        )

    [save_batch_expense] => 1
    [validate_only] => 1
)

[27-Aug-2025 12:42:10 Europe/Berlin] Session data: Array
(
    [authenticated] => 1
    [auth_user] => Array
        (
            [id] => 119
            [name] => Maria K. Camposanto
            [email] => schoolcamposanto05@gmail.com
            [role] => admin
            [client_id] => 
            [company_id] => 1
        )

)

[27-Aug-2025 12:42:10 Europe/Berlin] POST data: Array
(
    [expense_type] => project
    [date] => 2025-08-27
    [client_id] => 219
    [project_id] => project-209
    [main_project_id] => 209
    [addon_id] => 
    [item_name] => Array
        (
            [0] => Steel Bars
        )

    [store_name] => Array
        (
            [0] => Maquiling Builders
        )

    [category_num] => Array
        (
            [0] => 5001
        )

    [amount] => Array
        (
            [0] => 3520
        )

    [payment_method] => Array
        (
            [0] => Cash
        )

    [other_payment_method] => Array
        (
            [0] => 
        )

    [invoice_num] => Array
        (
            [0] => 000000
        )

    [save_batch_expense] => 1
    [validate_only] => 1
)

[27-Aug-2025 12:42:53 Europe/Berlin] Session data: Array
(
    [authenticated] => 1
    [auth_user] => Array
        (
            [id] => 119
            [name] => Maria K. Camposanto
            [email] => schoolcamposanto05@gmail.com
            [role] => admin
            [client_id] => 
            [company_id] => 1
        )

)

[27-Aug-2025 12:42:53 Europe/Berlin] POST data: Array
(
    [expense_type] => project
    [date] => 2025-08-27
    [client_id] => 219
    [project_id] => project-209
    [main_project_id] => 209
    [addon_id] => 
    [item_name] => Array
        (
            [0] => PVC Pipes
        )

    [store_name] => Array
        (
            [0] => Wilcon Depot
        )

    [category_num] => Array
        (
            [0] => 5001
        )

    [amount] => Array
        (
            [0] => 8582
        )

    [payment_method] => Array
        (
            [0] => Cash
        )

    [other_payment_method] => Array
        (
            [0] => 
        )

    [invoice_num] => Array
        (
            [0] => 00128795
        )

    [save_batch_expense] => 1
    [validate_only] => 1
)

[27-Aug-2025 12:43:10 Europe/Berlin] Session data: Array
(
    [authenticated] => 1
    [auth_user] => Array
        (
            [id] => 119
            [name] => Maria K. Camposanto
            [email] => schoolcamposanto05@gmail.com
            [role] => admin
            [client_id] => 
            [company_id] => 1
        )

)

[27-Aug-2025 12:43:10 Europe/Berlin] POST data: Array
(
    [expense_type] => project
    [date] => 2025-08-27
    [client_id] => 219
    [project_id] => project-209
    [main_project_id] => 209
    [addon_id] => 
    [item_name] => Array
        (
            [0] => PVC Pipes
        )

    [store_name] => Array
        (
            [0] => Maquiling Builders
        )

    [category_num] => Array
        (
            [0] => 5001
        )

    [amount] => Array
        (
            [0] => 8582
        )

    [payment_method] => Array
        (
            [0] => Cash
        )

    [other_payment_method] => Array
        (
            [0] => 
        )

    [invoice_num] => Array
        (
            [0] => 0000000082219
        )

    [save_batch_expense] => 1
    [validate_only] => 1
)

[27-Aug-2025 12:43:14 Europe/Berlin] Session data: Array
(
    [authenticated] => 1
    [auth_user] => Array
        (
            [id] => 119
            [name] => Maria K. Camposanto
            [email] => schoolcamposanto05@gmail.com
            [role] => admin
            [client_id] => 
            [company_id] => 1
        )

)

[27-Aug-2025 12:43:14 Europe/Berlin] POST data: Array
(
    [expense_type] => project
    [date] => 2025-08-27
    [client_id] => 219
    [project_id] => project-209
    [main_project_id] => 209
    [addon_id] => 
    [item_name] => Array
        (
            [0] => PVC Pipes
        )

    [store_name] => Array
        (
            [0] => Maquiling Builders
        )

    [category_num] => Array
        (
            [0] => 5001
        )

    [amount] => Array
        (
            [0] => 8582
        )

    [payment_method] => Array
        (
            [0] => Cash
        )

    [other_payment_method] => Array
        (
            [0] => 
        )

    [invoice_num] => Array
        (
            [0] => 0000000082219
        )

    [save_batch_expense] => 1
    [validate_only] => 0
)

[27-Aug-2025 12:43:16 Europe/Berlin] Row to insert: Array
(
    [row_num] => 0
    [user_id] => 119
    [client] => 219
    [main_project_id] => 209
    [addon_id] => 
    [date] => 2025-08-27
    [description] => PVC Pipes
    [category_num] => 5001
    [category] => Construction Supplies
    [invoice_num] => 0000000082219
    [store_name] => Maquiling Builders
    [amount] => 8582
    [payment_method] => Cash
    [receipt_file] => New_Receipt3.jpg
    [receipt_tmp] => C:\xampp\tmp\php898B.tmp
    [final_path] => ../receipts/project_expenses_files/New_Receipt3.jpg
)

[27-Aug-2025 12:43:16 Europe/Berlin] PHP Fatal error:  Uncaught mysqli_sql_exception: Column 'addon_id' cannot be null in C:\xampp\htdocs\Financial_Management\inner_pages\expense_logic.php:383
Stack trace:
#0 C:\xampp\htdocs\Financial_Management\inner_pages\expense_logic.php(383): mysqli_query(Object(mysqli), 'INSERT INTO exp...')
#1 {main}
  thrown in C:\xampp\htdocs\Financial_Management\inner_pages\expense_logic.php on line 383
[27-Aug-2025 12:50:28 Europe/Berlin] Session data: Array
(
    [authenticated] => 1
    [auth_user] => Array
        (
            [id] => 119
            [name] => Maria K. Camposanto
            [email] => schoolcamposanto05@gmail.com
            [role] => admin
            [client_id] => 
            [company_id] => 1
        )

)

[27-Aug-2025 12:50:28 Europe/Berlin] POST data: Array
(
    [expense_type] => project
    [date] => 2025-08-27
    [client_id] => 219
    [project_id] => project-209
    [main_project_id] => 209
    [addon_id] => 
    [item_name] => Array
        (
            [0] => 15.69 Liters Diesel
        )

    [store_name] => Array
        (
            [0] => Maquiling Builders
        )

    [category_num] => Array
        (
            [0] => 5001
        )

    [amount] => Array
        (
            [0] => 1287.32
        )

    [payment_method] => Array
        (
            [0] => Cash
        )

    [other_payment_method] => Array
        (
            [0] => 
        )

    [invoice_num] => Array
        (
            [0] => 000369
        )

    [save_batch_expense] => 1
    [validate_only] => 1
)

[27-Aug-2025 12:50:42 Europe/Berlin] Session data: Array
(
    [authenticated] => 1
    [auth_user] => Array
        (
            [id] => 119
            [name] => Maria K. Camposanto
            [email] => schoolcamposanto05@gmail.com
            [role] => admin
            [client_id] => 
            [company_id] => 1
        )

)

[27-Aug-2025 12:50:42 Europe/Berlin] POST data: Array
(
    [expense_type] => project
    [date] => 2025-08-27
    [client_id] => 219
    [project_id] => project-209
    [main_project_id] => 209
    [addon_id] => 
    [item_name] => Array
        (
            [0] => 15.69 Liters Diesel
        )

    [store_name] => Array
        (
            [0] => Maquiling Builders
        )

    [category_num] => Array
        (
            [0] => 5001
        )

    [amount] => Array
        (
            [0] => 1287.32
        )

    [payment_method] => Array
        (
            [0] => Cash
        )

    [other_payment_method] => Array
        (
            [0] => 
        )

    [invoice_num] => Array
        (
            [0] => 0000000082219
        )

    [save_batch_expense] => 1
    [validate_only] => 1
)

[27-Aug-2025 12:50:46 Europe/Berlin] Session data: Array
(
    [authenticated] => 1
    [auth_user] => Array
        (
            [id] => 119
            [name] => Maria K. Camposanto
            [email] => schoolcamposanto05@gmail.com
            [role] => admin
            [client_id] => 
            [company_id] => 1
        )

)

[27-Aug-2025 12:50:46 Europe/Berlin] POST data: Array
(
    [expense_type] => project
    [date] => 2025-08-27
    [client_id] => 219
    [project_id] => project-209
    [main_project_id] => 209
    [addon_id] => 
    [item_name] => Array
        (
            [0] => 15.69 Liters Diesel
        )

    [store_name] => Array
        (
            [0] => Maquiling Builders
        )

    [category_num] => Array
        (
            [0] => 5001
        )

    [amount] => Array
        (
            [0] => 1287.32
        )

    [payment_method] => Array
        (
            [0] => Cash
        )

    [other_payment_method] => Array
        (
            [0] => 
        )

    [invoice_num] => Array
        (
            [0] => 0000000082219
        )

    [save_batch_expense] => 1
    [validate_only] => 0
)

[27-Aug-2025 12:50:48 Europe/Berlin] Row to insert: Array
(
    [row_num] => 0
    [user_id] => 119
    [client] => 219
    [main_project_id] => 209
    [addon_id] => 
    [date] => 2025-08-27
    [description] => 15.69 Liters Diesel
    [category_num] => 5001
    [category] => Construction Supplies
    [invoice_num] => 0000000082219
    [store_name] => Maquiling Builders
    [amount] => 1287.32
    [payment_method] => Cash
    [receipt_file] => New_Receipt3.jpg
    [receipt_tmp] => C:\xampp\tmp\php6FAB.tmp
    [final_path] => ../receipts/project_expenses_files/New_Receipt3.jpg
)

[27-Aug-2025 12:50:48 Europe/Berlin] PHP Fatal error:  Uncaught mysqli_sql_exception: Column 'addon_id' cannot be null in C:\xampp\htdocs\Financial_Management\inner_pages\expense_logic.php:385
Stack trace:
#0 C:\xampp\htdocs\Financial_Management\inner_pages\expense_logic.php(385): mysqli_query(Object(mysqli), 'INSERT INTO exp...')
#1 {main}
  thrown in C:\xampp\htdocs\Financial_Management\inner_pages\expense_logic.php on line 385
[27-Aug-2025 12:52:03 Europe/Berlin] Session data: Array
(
    [authenticated] => 1
    [auth_user] => Array
        (
            [id] => 119
            [name] => Maria K. Camposanto
            [email] => schoolcamposanto05@gmail.com
            [role] => admin
            [client_id] => 
            [company_id] => 1
        )

)

[27-Aug-2025 12:52:03 Europe/Berlin] POST data: Array
(
    [expense_type] => project
    [date] => 2025-08-27
    [client_id] => 219
    [project_id] => project-209
    [main_project_id] => 209
    [addon_id] => 
    [item_name] => Array
        (
            [0] => Steel Bars
        )

    [store_name] => Array
        (
            [0] => Maquiling Builders
        )

    [category_num] => Array
        (
            [0] => 5001
        )

    [amount] => Array
        (
            [0] => 1245
        )

    [payment_method] => Array
        (
            [0] => Cash
        )

    [other_payment_method] => Array
        (
            [0] => 
        )

    [invoice_num] => Array
        (
            [0] => 0000000082219
        )

    [save_batch_expense] => 1
    [validate_only] => 1
)

[27-Aug-2025 12:52:07 Europe/Berlin] Session data: Array
(
    [authenticated] => 1
    [auth_user] => Array
        (
            [id] => 119
            [name] => Maria K. Camposanto
            [email] => schoolcamposanto05@gmail.com
            [role] => admin
            [client_id] => 
            [company_id] => 1
        )

)

[27-Aug-2025 12:52:07 Europe/Berlin] POST data: Array
(
    [expense_type] => project
    [date] => 2025-08-27
    [client_id] => 219
    [project_id] => project-209
    [main_project_id] => 209
    [addon_id] => 
    [item_name] => Array
        (
            [0] => Steel Bars
        )

    [store_name] => Array
        (
            [0] => Maquiling Builders
        )

    [category_num] => Array
        (
            [0] => 5001
        )

    [amount] => Array
        (
            [0] => 1245
        )

    [payment_method] => Array
        (
            [0] => Cash
        )

    [other_payment_method] => Array
        (
            [0] => 
        )

    [invoice_num] => Array
        (
            [0] => 0000000082219
        )

    [save_batch_expense] => 1
    [validate_only] => 0
)

[27-Aug-2025 12:52:09 Europe/Berlin] Row to insert: Array
(
    [row_num] => 0
    [user_id] => 119
    [client] => 219
    [main_project_id] => 209
    [addon_id] => 
    [date] => 2025-08-27
    [description] => Steel Bars
    [category_num] => 5001
    [category] => Construction Supplies
    [invoice_num] => 0000000082219
    [store_name] => Maquiling Builders
    [amount] => 1245
    [payment_method] => Cash
    [receipt_file] => New_Receipt3.jpg
    [receipt_tmp] => C:\xampp\tmp\phpA9C4.tmp
    [final_path] => ../receipts/project_expenses_files/New_Receipt3.jpg
)

[27-Aug-2025 12:52:09 Europe/Berlin] PHP Fatal error:  Uncaught mysqli_sql_exception: Column 'addon_id' cannot be null in C:\xampp\htdocs\Financial_Management\inner_pages\expense_logic.php:383
Stack trace:
#0 C:\xampp\htdocs\Financial_Management\inner_pages\expense_logic.php(383): mysqli_query(Object(mysqli), 'INSERT INTO exp...')
#1 {main}
  thrown in C:\xampp\htdocs\Financial_Management\inner_pages\expense_logic.php on line 383
[27-Aug-2025 14:16:57 Europe/Berlin] PHP Warning:  Undefined array key "addon_title" in C:\xampp\htdocs\Financial_Management\inner_pages\expense_logic.php on line 629
[27-Aug-2025 14:17:51 Europe/Berlin] PHP Warning:  Undefined array key "addon_title" in C:\xampp\htdocs\Financial_Management\inner_pages\expense_logic.php on line 629
[27-Aug-2025 14:18:38 Europe/Berlin] PHP Warning:  Undefined array key "addon_title" in C:\xampp\htdocs\Financial_Management\inner_pages\expense_logic.php on line 629
[27-Aug-2025 14:21:24 Europe/Berlin] PHP Warning:  Undefined array key "addon_title" in C:\xampp\htdocs\Financial_Management\inner_pages\expense_logic.php on line 637
[27-Aug-2025 14:26:45 Europe/Berlin] PHP Warning:  Undefined array key "addon_title" in C:\xampp\htdocs\Financial_Management\inner_pages\expense_logic.php on line 642
[27-Aug-2025 14:27:10 Europe/Berlin] PHP Warning:  Undefined array key "addon_title" in C:\xampp\htdocs\Financial_Management\inner_pages\expense_logic.php on line 642
[27-Aug-2025 14:40:07 Europe/Berlin] PHP Warning:  Undefined array key "addon_title" in C:\xampp\htdocs\Financial_Management\inner_pages\expense_logic.php on line 642
[27-Aug-2025 14:40:34 Europe/Berlin] PHP Warning:  Undefined array key "addon_title" in C:\xampp\htdocs\Financial_Management\inner_pages\expense_logic.php on line 642
[27-Aug-2025 14:42:15 Europe/Berlin] PHP Warning:  Undefined array key "addon_title" in C:\xampp\htdocs\Financial_Management\inner_pages\expense_logic.php on line 642
[27-Aug-2025 14:42:24 Europe/Berlin] PHP Warning:  Undefined array key "addon_title" in C:\xampp\htdocs\Financial_Management\inner_pages\expense_logic.php on line 642
[27-Aug-2025 14:43:40 Europe/Berlin] Session data: Array
(
    [authenticated] => 1
    [auth_user] => Array
        (
            [id] => 119
            [name] => Maria K. Camposanto
            [email] => schoolcamposanto05@gmail.com
            [role] => admin
            [client_id] => 
            [company_id] => 1
        )

)

[27-Aug-2025 14:43:40 Europe/Berlin] POST data: Array
(
    [expense_type] => project
    [date] => 2025-08-27
    [client_id] => 219
    [project_id] => project-209
    [main_project_id] => 209
    [addon_id] => 
    [item_name] => Array
        (
            [0] => Steel Bars
        )

    [store_name] => Array
        (
            [0] => Maquiling Builders
        )

    [category_num] => Array
        (
            [0] => 5001
        )

    [amount] => Array
        (
            [0] => 1000
        )

    [payment_method] => Array
        (
            [0] => Cash
        )

    [other_payment_method] => Array
        (
            [0] => 
        )

    [invoice_num] => Array
        (
            [0] => 0000000062220
        )

    [save_batch_expense] => 1
    [validate_only] => 1
)

[27-Aug-2025 14:44:24 Europe/Berlin] Session data: Array
(
    [authenticated] => 1
    [auth_user] => Array
        (
            [id] => 119
            [name] => Maria K. Camposanto
            [email] => schoolcamposanto05@gmail.com
            [role] => admin
            [client_id] => 
            [company_id] => 1
        )

)

[27-Aug-2025 14:44:24 Europe/Berlin] POST data: Array
(
    [expense_type] => project
    [date] => 2025-08-27
    [client_id] => 219
    [project_id] => project-209
    [main_project_id] => 209
    [addon_id] => 
    [item_name] => Array
        (
            [0] => Steel Bars
        )

    [store_name] => Array
        (
            [0] => Maquiling Builders
        )

    [category_num] => Array
        (
            [0] => 5001
        )

    [amount] => Array
        (
            [0] => 1000
        )

    [payment_method] => Array
        (
            [0] => Cash
        )

    [other_payment_method] => Array
        (
            [0] => 
        )

    [invoice_num] => Array
        (
            [0] => 0000000082219
        )

    [save_batch_expense] => 1
    [validate_only] => 1
)

[27-Aug-2025 14:44:28 Europe/Berlin] Session data: Array
(
    [authenticated] => 1
    [auth_user] => Array
        (
            [id] => 119
            [name] => Maria K. Camposanto
            [email] => schoolcamposanto05@gmail.com
            [role] => admin
            [client_id] => 
            [company_id] => 1
        )

)

[27-Aug-2025 14:44:28 Europe/Berlin] POST data: Array
(
    [expense_type] => project
    [date] => 2025-08-27
    [client_id] => 219
    [project_id] => project-209
    [main_project_id] => 209
    [addon_id] => 
    [item_name] => Array
        (
            [0] => Steel Bars
        )

    [store_name] => Array
        (
            [0] => Maquiling Builders
        )

    [category_num] => Array
        (
            [0] => 5001
        )

    [amount] => Array
        (
            [0] => 1000
        )

    [payment_method] => Array
        (
            [0] => Cash
        )

    [other_payment_method] => Array
        (
            [0] => 
        )

    [invoice_num] => Array
        (
            [0] => 0000000082219
        )

    [save_batch_expense] => 1
    [validate_only] => 0
)

[27-Aug-2025 14:44:30 Europe/Berlin] Row to insert: Array
(
    [row_num] => 0
    [user_id] => 119
    [client] => 219
    [main_project_id] => 209
    [addon_id] => 
    [date] => 2025-08-27
    [description] => Steel Bars
    [category_num] => 5001
    [category] => Construction Supplies
    [invoice_num] => 0000000082219
    [store_name] => Maquiling Builders
    [amount] => 1000
    [payment_method] => Cash
    [receipt_file] => New_Receipt3.jpg
    [receipt_tmp] => C:\xampp\tmp\php8777.tmp
    [final_path] => ../receipts/project_expenses_files/New_Receipt3.jpg
)

[27-Aug-2025 14:44:30 Europe/Berlin] PHP Fatal error:  Uncaught mysqli_sql_exception: Column 'addon_id' cannot be null in C:\xampp\htdocs\Financial_Management\inner_pages\expense_logic.php:383
Stack trace:
#0 C:\xampp\htdocs\Financial_Management\inner_pages\expense_logic.php(383): mysqli_query(Object(mysqli), 'INSERT INTO exp...')
#1 {main}
  thrown in C:\xampp\htdocs\Financial_Management\inner_pages\expense_logic.php on line 383
[27-Aug-2025 14:46:06 Europe/Berlin] Session data: Array
(
    [authenticated] => 1
    [auth_user] => Array
        (
            [id] => 119
            [name] => Maria K. Camposanto
            [email] => schoolcamposanto05@gmail.com
            [role] => admin
            [client_id] => 
            [company_id] => 1
        )

)

[27-Aug-2025 14:46:06 Europe/Berlin] POST data: Array
(
    [expense_type] => project
    [date] => 2025-08-27
    [client_id] => 219
    [main_project_id] => 
    [addon_id] => 
    [item_name] => Array
        (
            [0] => Steel Bars
        )

    [store_name] => Array
        (
            [0] => Maquiling Builders
        )

    [category_num] => Array
        (
            [0] => 5001
        )

    [amount] => Array
        (
            [0] => 1000
        )

    [payment_method] => Array
        (
            [0] => Cash
        )

    [other_payment_method] => Array
        (
            [0] => 
        )

    [invoice_num] => Array
        (
            [0] => 0000000082219
        )

    [save_batch_expense] => 1
    [validate_only] => 1
)

[27-Aug-2025 14:46:10 Europe/Berlin] Session data: Array
(
    [authenticated] => 1
    [auth_user] => Array
        (
            [id] => 119
            [name] => Maria K. Camposanto
            [email] => schoolcamposanto05@gmail.com
            [role] => admin
            [client_id] => 
            [company_id] => 1
        )

)

[27-Aug-2025 14:46:10 Europe/Berlin] POST data: Array
(
    [expense_type] => project
    [date] => 2025-08-27
    [client_id] => 219
    [main_project_id] => 
    [addon_id] => 
    [item_name] => Array
        (
            [0] => Steel Bars
        )

    [store_name] => Array
        (
            [0] => Maquiling Builders
        )

    [category_num] => Array
        (
            [0] => 5001
        )

    [amount] => Array
        (
            [0] => 1000
        )

    [payment_method] => Array
        (
            [0] => Cash
        )

    [other_payment_method] => Array
        (
            [0] => 
        )

    [invoice_num] => Array
        (
            [0] => 0000000082219
        )

    [save_batch_expense] => 1
    [validate_only] => 0
)

[27-Aug-2025 14:46:12 Europe/Berlin] Row to insert: Array
(
    [row_num] => 0
    [user_id] => 119
    [client] => 219
    [main_project_id] => 
    [addon_id] => 
    [date] => 2025-08-27
    [description] => Steel Bars
    [category_num] => 5001
    [category] => Construction Supplies
    [invoice_num] => 0000000082219
    [store_name] => Maquiling Builders
    [amount] => 1000
    [payment_method] => Cash
    [receipt_file] => New_Receipt3.jpg
    [receipt_tmp] => C:\xampp\tmp\php159A.tmp
    [final_path] => ../receipts/project_expenses_files/New_Receipt3.jpg
)

[27-Aug-2025 14:46:12 Europe/Berlin] PHP Fatal error:  Uncaught mysqli_sql_exception: Column 'addon_id' cannot be null in C:\xampp\htdocs\Financial_Management\inner_pages\expense_logic.php:383
Stack trace:
#0 C:\xampp\htdocs\Financial_Management\inner_pages\expense_logic.php(383): mysqli_query(Object(mysqli), 'INSERT INTO exp...')
#1 {main}
  thrown in C:\xampp\htdocs\Financial_Management\inner_pages\expense_logic.php on line 383
[27-Aug-2025 14:53:56 Europe/Berlin] Session data: Array
(
    [authenticated] => 1
    [auth_user] => Array
        (
            [id] => 119
            [name] => Maria K. Camposanto
            [email] => schoolcamposanto05@gmail.com
            [role] => admin
            [client_id] => 
            [company_id] => 1
        )

)

[27-Aug-2025 14:53:56 Europe/Berlin] POST data: Array
(
    [expense_type] => project
    [date] => 2025-08-27
    [client_id] => 219
    [project_id] => addon-21
    [main_project_id] => 209
    [addon_id] => 21
    [item_name] => Array
        (
            [0] => Steel Bars
        )

    [store_name] => Array
        (
            [0] => Maquiling Builders
        )

    [category_num] => Array
        (
            [0] => 5001
        )

    [amount] => Array
        (
            [0] => 2503
        )

    [payment_method] => Array
        (
            [0] => Cash
        )

    [other_payment_method] => Array
        (
            [0] => 
        )

    [invoice_num] => Array
        (
            [0] => 0000000082219
        )

    [save_batch_expense] => 1
    [validate_only] => 1
)

[27-Aug-2025 14:54:00 Europe/Berlin] Session data: Array
(
    [authenticated] => 1
    [auth_user] => Array
        (
            [id] => 119
            [name] => Maria K. Camposanto
            [email] => schoolcamposanto05@gmail.com
            [role] => admin
            [client_id] => 
            [company_id] => 1
        )

)

[27-Aug-2025 14:54:00 Europe/Berlin] POST data: Array
(
    [expense_type] => project
    [date] => 2025-08-27
    [client_id] => 219
    [project_id] => addon-21
    [main_project_id] => 209
    [addon_id] => 21
    [item_name] => Array
        (
            [0] => Steel Bars
        )

    [store_name] => Array
        (
            [0] => Maquiling Builders
        )

    [category_num] => Array
        (
            [0] => 5001
        )

    [amount] => Array
        (
            [0] => 2503
        )

    [payment_method] => Array
        (
            [0] => Cash
        )

    [other_payment_method] => Array
        (
            [0] => 
        )

    [invoice_num] => Array
        (
            [0] => 0000000082219
        )

    [save_batch_expense] => 1
    [validate_only] => 0
)

[27-Aug-2025 14:54:02 Europe/Berlin] Row to insert: Array
(
    [row_num] => 0
    [user_id] => 119
    [client] => 219
    [main_project_id] => 209
    [addon_id] => 21
    [date] => 2025-08-27
    [description] => Steel Bars
    [category_num] => 5001
    [category] => Construction Supplies
    [invoice_num] => 0000000082219
    [store_name] => Maquiling Builders
    [amount] => 2503
    [payment_method] => Cash
    [receipt_file] => New_Receipt3.jpg
    [receipt_tmp] => C:\xampp\tmp\php419C.tmp
    [final_path] => ../receipts/project_expenses_files/New_Receipt3.jpg
)

[27-Aug-2025 15:00:35 Europe/Berlin] Session data: Array
(
    [authenticated] => 1
    [auth_user] => Array
        (
            [id] => 119
            [name] => Maria K. Camposanto
            [email] => schoolcamposanto05@gmail.com
            [role] => admin
            [client_id] => 
            [company_id] => 1
        )

)

[27-Aug-2025 15:00:35 Europe/Berlin] POST data: Array
(
    [expense_type] => project
    [date] => 2025-08-27
    [client_id] => 219
    [project_id] => project-209
    [main_project_id] => 209
    [addon_id] => 
    [item_name] => Array
        (
            [0] => PVC Pipes
        )

    [store_name] => Array
        (
            [0] => Bellissima Home Depot Trading
        )

    [category_num] => Array
        (
            [0] => 5001
        )

    [amount] => Array
        (
            [0] => 1250
        )

    [payment_method] => Array
        (
            [0] => Cash
        )

    [other_payment_method] => Array
        (
            [0] => 
        )

    [invoice_num] => Array
        (
            [0] => 0847
        )

    [save_batch_expense] => 1
    [validate_only] => 1
)

[27-Aug-2025 15:00:46 Europe/Berlin] Session data: Array
(
    [authenticated] => 1
    [auth_user] => Array
        (
            [id] => 119
            [name] => Maria K. Camposanto
            [email] => schoolcamposanto05@gmail.com
            [role] => admin
            [client_id] => 
            [company_id] => 1
        )

)

[27-Aug-2025 15:00:46 Europe/Berlin] POST data: Array
(
    [expense_type] => project
    [date] => 2025-08-27
    [client_id] => 219
    [project_id] => project-209
    [main_project_id] => 209
    [addon_id] => 
    [item_name] => Array
        (
            [0] => PVC Pipes
        )

    [store_name] => Array
        (
            [0] => Bellissima Home Depot Trading
        )

    [category_num] => Array
        (
            [0] => 5001
        )

    [amount] => Array
        (
            [0] => 1250
        )

    [payment_method] => Array
        (
            [0] => Cash
        )

    [other_payment_method] => Array
        (
            [0] => 
        )

    [invoice_num] => Array
        (
            [0] => 0847
        )

    [save_batch_expense] => 1
    [validate_only] => 1
)

[27-Aug-2025 15:01:44 Europe/Berlin] Session data: Array
(
    [authenticated] => 1
    [auth_user] => Array
        (
            [id] => 119
            [name] => Maria K. Camposanto
            [email] => schoolcamposanto05@gmail.com
            [role] => admin
            [client_id] => 
            [company_id] => 1
        )

)

[27-Aug-2025 15:01:44 Europe/Berlin] POST data: Array
(
    [expense_type] => project
    [date] => 2025-08-25
    [client_id] => 219
    [project_id] => project-209
    [main_project_id] => 209
    [addon_id] => 
    [item_name] => Array
        (
            [0] => PVC Pipes
        )

    [store_name] => Array
        (
            [0] => Maquiling Builders
        )

    [category_num] => Array
        (
            [0] => 5001
        )

    [amount] => Array
        (
            [0] => 1250
        )

    [payment_method] => Array
        (
            [0] => Cash
        )

    [other_payment_method] => Array
        (
            [0] => 
        )

    [invoice_num] => Array
        (
            [0] => 0000000069846
        )

    [save_batch_expense] => 1
    [validate_only] => 1
)

[27-Aug-2025 15:01:50 Europe/Berlin] Session data: Array
(
    [authenticated] => 1
    [auth_user] => Array
        (
            [id] => 119
            [name] => Maria K. Camposanto
            [email] => schoolcamposanto05@gmail.com
            [role] => admin
            [client_id] => 
            [company_id] => 1
        )

)

[27-Aug-2025 15:01:50 Europe/Berlin] POST data: Array
(
    [expense_type] => project
    [date] => 2025-08-25
    [client_id] => 219
    [project_id] => project-209
    [main_project_id] => 209
    [addon_id] => 
    [item_name] => Array
        (
            [0] => PVC Pipes
        )

    [store_name] => Array
        (
            [0] => Maquiling Builders
        )

    [category_num] => Array
        (
            [0] => 5001
        )

    [amount] => Array
        (
            [0] => 1250
        )

    [payment_method] => Array
        (
            [0] => Cash
        )

    [other_payment_method] => Array
        (
            [0] => 
        )

    [invoice_num] => Array
        (
            [0] => 0000000069846
        )

    [save_batch_expense] => 1
    [validate_only] => 0
)

[27-Aug-2025 15:01:53 Europe/Berlin] Row to insert: Array
(
    [row_num] => 0
    [user_id] => 119
    [client] => 219
    [main_project_id] => 209
    [addon_id] => 
    [date] => 2025-08-25
    [description] => PVC Pipes
    [category_num] => 5001
    [category] => Construction Supplies
    [invoice_num] => 0000000069846
    [store_name] => Maquiling Builders
    [amount] => 1250
    [payment_method] => Cash
    [receipt_file] => NewTest2.jpg
    [receipt_tmp] => C:\xampp\tmp\php6C19.tmp
    [final_path] => ../receipts/project_expenses_files/NewTest2.jpg
)

[27-Aug-2025 15:01:53 Europe/Berlin] PHP Fatal error:  Uncaught mysqli_sql_exception: Column 'addon_id' cannot be null in C:\xampp\htdocs\Financial_Management\inner_pages\expense_logic.php:384
Stack trace:
#0 C:\xampp\htdocs\Financial_Management\inner_pages\expense_logic.php(384): mysqli_query(Object(mysqli), 'INSERT INTO exp...')
#1 {main}
  thrown in C:\xampp\htdocs\Financial_Management\inner_pages\expense_logic.php on line 384
[27-Aug-2025 15:05:01 Europe/Berlin] Session data: Array
(
    [authenticated] => 1
    [auth_user] => Array
        (
            [id] => 119
            [name] => Maria K. Camposanto
            [email] => schoolcamposanto05@gmail.com
            [role] => admin
            [client_id] => 
            [company_id] => 1
        )

)

[27-Aug-2025 15:05:01 Europe/Berlin] POST data: Array
(
    [expense_type] => project
    [date] => 2025-08-25
    [client_id] => 219
    [project_id] => project-209
    [main_project_id] => 209
    [addon_id] => 
    [item_name] => Array
        (
            [0] => PVC Pipes
        )

    [store_name] => Array
        (
            [0] => Maquiling Builders
        )

    [category_num] => Array
        (
            [0] => 5001
        )

    [amount] => Array
        (
            [0] => 1000
        )

    [payment_method] => Array
        (
            [0] => Cash
        )

    [other_payment_method] => Array
        (
            [0] => 
        )

    [invoice_num] => Array
        (
            [0] => 0000000069846
        )

    [save_batch_expense] => 1
    [validate_only] => 1
)

[27-Aug-2025 15:05:07 Europe/Berlin] Session data: Array
(
    [authenticated] => 1
    [auth_user] => Array
        (
            [id] => 119
            [name] => Maria K. Camposanto
            [email] => schoolcamposanto05@gmail.com
            [role] => admin
            [client_id] => 
            [company_id] => 1
        )

)

[27-Aug-2025 15:05:07 Europe/Berlin] POST data: Array
(
    [expense_type] => project
    [date] => 2025-08-25
    [client_id] => 219
    [project_id] => project-209
    [main_project_id] => 209
    [addon_id] => 
    [item_name] => Array
        (
            [0] => PVC Pipes
        )

    [store_name] => Array
        (
            [0] => Maquiling Builders
        )

    [category_num] => Array
        (
            [0] => 5001
        )

    [amount] => Array
        (
            [0] => 1000
        )

    [payment_method] => Array
        (
            [0] => Cash
        )

    [other_payment_method] => Array
        (
            [0] => 
        )

    [invoice_num] => Array
        (
            [0] => 0000000069846
        )

    [save_batch_expense] => 1
    [validate_only] => 0
)

[27-Aug-2025 15:05:11 Europe/Berlin] Row to insert: Array
(
    [row_num] => 0
    [user_id] => 119
    [client] => 219
    [main_project_id] => 209
    [addon_id] => 
    [date] => 2025-08-25
    [description] => PVC Pipes
    [category_num] => 5001
    [category] => Construction Supplies
    [invoice_num] => 0000000069846
    [store_name] => Maquiling Builders
    [amount] => 1000
    [payment_method] => Cash
    [receipt_file] => NewTest2.jpg
    [receipt_tmp] => C:\xampp\tmp\php6F59.tmp
    [final_path] => ../receipts/project_expenses_files/NewTest2.jpg
)

[27-Aug-2025 15:05:11 Europe/Berlin] PHP Fatal error:  Uncaught mysqli_sql_exception: Column 'addon_id' cannot be null in C:\xampp\htdocs\Financial_Management\inner_pages\expense_logic.php:384
Stack trace:
#0 C:\xampp\htdocs\Financial_Management\inner_pages\expense_logic.php(384): mysqli_query(Object(mysqli), 'INSERT INTO exp...')
#1 {main}
  thrown in C:\xampp\htdocs\Financial_Management\inner_pages\expense_logic.php on line 384
[27-Aug-2025 15:07:18 Europe/Berlin] Session data: Array
(
    [authenticated] => 1
    [auth_user] => Array
        (
            [id] => 119
            [name] => Maria K. Camposanto
            [email] => schoolcamposanto05@gmail.com
            [role] => admin
            [client_id] => 
            [company_id] => 1
        )

)

[27-Aug-2025 15:07:18 Europe/Berlin] POST data: Array
(
    [expense_type] => project
    [date] => 2025-08-25
    [client_id] => 219
    [project_id] => project-209
    [main_project_id] => 209
    [addon_id] => 
    [item_name] => Array
        (
            [0] => PVC Pipes
        )

    [store_name] => Array
        (
            [0] => Maquiling Builders
        )

    [category_num] => Array
        (
            [0] => 5001
        )

    [amount] => Array
        (
            [0] => 2500
        )

    [payment_method] => Array
        (
            [0] => Cash
        )

    [other_payment_method] => Array
        (
            [0] => 
        )

    [invoice_num] => Array
        (
            [0] => 0000000069846
        )

    [save_batch_expense] => 1
    [validate_only] => 1
)

[27-Aug-2025 15:07:25 Europe/Berlin] Session data: Array
(
    [authenticated] => 1
    [auth_user] => Array
        (
            [id] => 119
            [name] => Maria K. Camposanto
            [email] => schoolcamposanto05@gmail.com
            [role] => admin
            [client_id] => 
            [company_id] => 1
        )

)

[27-Aug-2025 15:07:25 Europe/Berlin] POST data: Array
(
    [expense_type] => project
    [date] => 2025-08-25
    [client_id] => 219
    [project_id] => project-209
    [main_project_id] => 209
    [addon_id] => 
    [item_name] => Array
        (
            [0] => PVC Pipes
        )

    [store_name] => Array
        (
            [0] => Maquiling Builders
        )

    [category_num] => Array
        (
            [0] => 5001
        )

    [amount] => Array
        (
            [0] => 2500
        )

    [payment_method] => Array
        (
            [0] => Cash
        )

    [other_payment_method] => Array
        (
            [0] => 
        )

    [invoice_num] => Array
        (
            [0] => 0000000069846
        )

    [save_batch_expense] => 1
    [validate_only] => 0
)

[27-Aug-2025 15:07:29 Europe/Berlin] Row to insert: Array
(
    [row_num] => 0
    [user_id] => 119
    [client] => 219
    [main_project_id] => 209
    [addon_id] => 
    [date] => 2025-08-25
    [description] => PVC Pipes
    [category_num] => 5001
    [category] => Construction Supplies
    [invoice_num] => 0000000069846
    [store_name] => Maquiling Builders
    [amount] => 2500
    [payment_method] => Cash
    [receipt_file] => NewTest2.jpg
    [receipt_tmp] => C:\xampp\tmp\php8903.tmp
    [final_path] => ../receipts/project_expenses_files/NewTest2.jpg
)

[27-Aug-2025 15:07:29 Europe/Berlin] PHP Fatal error:  Uncaught mysqli_sql_exception: Column 'addon_id' cannot be null in C:\xampp\htdocs\Financial_Management\inner_pages\expense_logic.php:397
Stack trace:
#0 C:\xampp\htdocs\Financial_Management\inner_pages\expense_logic.php(397): mysqli_query(Object(mysqli), 'INSERT INTO exp...')
#1 {main}
  thrown in C:\xampp\htdocs\Financial_Management\inner_pages\expense_logic.php on line 397
[27-Aug-2025 15:13:15 Europe/Berlin] Session data: Array
(
    [authenticated] => 1
    [auth_user] => Array
        (
            [id] => 119
            [name] => Maria K. Camposanto
            [email] => schoolcamposanto05@gmail.com
            [role] => admin
            [client_id] => 
            [company_id] => 1
        )

)

[27-Aug-2025 15:13:15 Europe/Berlin] POST data: Array
(
    [expense_type] => project
    [date] => 2025-08-25
    [client_id] => 219
    [project_id] => project-209
    [main_project_id] => 209
    [addon_id] => 
    [item_name] => Array
        (
            [0] => PVC Pipes
        )

    [store_name] => Array
        (
            [0] => Maquiling Builders
        )

    [category_num] => Array
        (
            [0] => 5001
        )

    [amount] => Array
        (
            [0] => 1000
        )

    [payment_method] => Array
        (
            [0] => Cash
        )

    [other_payment_method] => Array
        (
            [0] => 
        )

    [invoice_num] => Array
        (
            [0] => 0000000069846
        )

    [save_batch_expense] => 1
    [validate_only] => 1
)

[27-Aug-2025 15:13:22 Europe/Berlin] Session data: Array
(
    [authenticated] => 1
    [auth_user] => Array
        (
            [id] => 119
            [name] => Maria K. Camposanto
            [email] => schoolcamposanto05@gmail.com
            [role] => admin
            [client_id] => 
            [company_id] => 1
        )

)

[27-Aug-2025 15:13:22 Europe/Berlin] POST data: Array
(
    [expense_type] => project
    [date] => 2025-08-25
    [client_id] => 219
    [project_id] => project-209
    [main_project_id] => 209
    [addon_id] => 
    [item_name] => Array
        (
            [0] => PVC Pipes
        )

    [store_name] => Array
        (
            [0] => Maquiling Builders
        )

    [category_num] => Array
        (
            [0] => 5001
        )

    [amount] => Array
        (
            [0] => 1000
        )

    [payment_method] => Array
        (
            [0] => Cash
        )

    [other_payment_method] => Array
        (
            [0] => 
        )

    [invoice_num] => Array
        (
            [0] => 0000000069846
        )

    [save_batch_expense] => 1
    [validate_only] => 0
)

[27-Aug-2025 15:21:36 Europe/Berlin] Session data: Array
(
    [authenticated] => 1
    [auth_user] => Array
        (
            [id] => 119
            [name] => Maria K. Camposanto
            [email] => schoolcamposanto05@gmail.com
            [role] => admin
            [client_id] => 
            [company_id] => 1
        )

)

[27-Aug-2025 15:21:36 Europe/Berlin] POST data: Array
(
    [expense_type] => project
    [date] => 2025-08-22
    [client_id] => 219
    [project_id] => project-209
    [main_project_id] => 209
    [addon_id] => 
    [item_name] => Array
        (
            [0] => PVC Pipes
        )

    [store_name] => Array
        (
            [0] => Maquiling Builders
        )

    [category_num] => Array
        (
            [0] => 5001
        )

    [amount] => Array
        (
            [0] => 2500
        )

    [payment_method] => Array
        (
            [0] => Cash
        )

    [other_payment_method] => Array
        (
            [0] => 
        )

    [invoice_num] => Array
        (
            [0] => 0000000069846
        )

    [save_batch_expense] => 1
    [validate_only] => 1
)

[27-Aug-2025 15:22:17 Europe/Berlin] Session data: Array
(
    [authenticated] => 1
    [auth_user] => Array
        (
            [id] => 119
            [name] => Maria K. Camposanto
            [email] => schoolcamposanto05@gmail.com
            [role] => admin
            [client_id] => 
            [company_id] => 1
        )

)

[27-Aug-2025 15:22:17 Europe/Berlin] POST data: Array
(
    [expense_type] => project
    [date] => 2025-08-22
    [client_id] => 219
    [project_id] => project-209
    [main_project_id] => 209
    [addon_id] => 
    [item_name] => Array
        (
            [0] => PVC Pipes
        )

    [store_name] => Array
        (
            [0] => Maquiling Builders
        )

    [category_num] => Array
        (
            [0] => 5001
        )

    [amount] => Array
        (
            [0] => 2500
        )

    [payment_method] => Array
        (
            [0] => Cash
        )

    [other_payment_method] => Array
        (
            [0] => 
        )

    [invoice_num] => Array
        (
            [0] => 0000000069846
        )

    [save_batch_expense] => 1
    [validate_only] => 1
)

[27-Aug-2025 15:22:31 Europe/Berlin] Session data: Array
(
    [authenticated] => 1
    [auth_user] => Array
        (
            [id] => 119
            [name] => Maria K. Camposanto
            [email] => schoolcamposanto05@gmail.com
            [role] => admin
            [client_id] => 
            [company_id] => 1
        )

)

[27-Aug-2025 15:22:31 Europe/Berlin] POST data: Array
(
    [expense_type] => project
    [date] => 2025-08-22
    [client_id] => 219
    [project_id] => project-209
    [main_project_id] => 209
    [addon_id] => 
    [item_name] => Array
        (
            [0] => PVC Pipes
        )

    [store_name] => Array
        (
            [0] => Maquiling Builders
        )

    [category_num] => Array
        (
            [0] => 5001
        )

    [amount] => Array
        (
            [0] => 2500
        )

    [payment_method] => Array
        (
            [0] => Cash
        )

    [other_payment_method] => Array
        (
            [0] => 
        )

    [invoice_num] => Array
        (
            [0] => 0000000069846
        )

    [save_batch_expense] => 1
    [validate_only] => 0
)

[27-Aug-2025 15:22:35 Europe/Berlin] Row to insert: Array
(
    [row_num] => 0
    [user_id] => 119
    [client] => 219
    [main_project_id] => 209
    [addon_id] => 
    [date] => 2025-08-22
    [description] => PVC Pipes
    [category_num] => 5001
    [category] => Construction Supplies
    [invoice_num] => 0000000069846
    [store_name] => Maquiling Builders
    [amount] => 2500
    [payment_method] => Cash
    [receipt_file] => NewTest2.jpg
    [receipt_tmp] => C:\xampp\tmp\php5DFD.tmp
    [final_path] => ../receipts/project_expenses_files/NewTest2.jpg
)

[27-Aug-2025 15:22:35 Europe/Berlin] PHP Fatal error:  Uncaught mysqli_sql_exception: Column 'addon_id' cannot be null in C:\xampp\htdocs\Financial_Management\inner_pages\expense_logic.php:400
Stack trace:
#0 C:\xampp\htdocs\Financial_Management\inner_pages\expense_logic.php(400): mysqli_query(Object(mysqli), 'INSERT INTO exp...')
#1 {main}
  thrown in C:\xampp\htdocs\Financial_Management\inner_pages\expense_logic.php on line 400
[27-Aug-2025 15:26:46 Europe/Berlin] Session data: Array
(
    [authenticated] => 1
    [auth_user] => Array
        (
            [id] => 119
            [name] => Maria K. Camposanto
            [email] => schoolcamposanto05@gmail.com
            [role] => admin
            [client_id] => 
            [company_id] => 1
        )

)

[27-Aug-2025 15:26:46 Europe/Berlin] POST data: Array
(
    [expense_type] => project
    [date] => 2025-08-27
    [client_id] => 219
    [project_id] => addon-21
    [main_project_id] => 209
    [addon_id] => 21
    [item_name] => Array
        (
            [0] => PVC Pipes
        )

    [store_name] => Array
        (
            [0] => Maquiling Builders
        )

    [category_num] => Array
        (
            [0] => 5001
        )

    [amount] => Array
        (
            [0] => 1234
        )

    [payment_method] => Array
        (
            [0] => Cash
        )

    [other_payment_method] => Array
        (
            [0] => 
        )

    [invoice_num] => Array
        (
            [0] => 0000000069846
        )

    [save_batch_expense] => 1
    [validate_only] => 1
)

[27-Aug-2025 15:26:51 Europe/Berlin] Session data: Array
(
    [authenticated] => 1
    [auth_user] => Array
        (
            [id] => 119
            [name] => Maria K. Camposanto
            [email] => schoolcamposanto05@gmail.com
            [role] => admin
            [client_id] => 
            [company_id] => 1
        )

)

[27-Aug-2025 15:26:51 Europe/Berlin] POST data: Array
(
    [expense_type] => project
    [date] => 2025-08-27
    [client_id] => 219
    [project_id] => addon-21
    [main_project_id] => 209
    [addon_id] => 21
    [item_name] => Array
        (
            [0] => PVC Pipes
        )

    [store_name] => Array
        (
            [0] => Maquiling Builders
        )

    [category_num] => Array
        (
            [0] => 5001
        )

    [amount] => Array
        (
            [0] => 1234
        )

    [payment_method] => Array
        (
            [0] => Cash
        )

    [other_payment_method] => Array
        (
            [0] => 
        )

    [invoice_num] => Array
        (
            [0] => 0000000069846
        )

    [save_batch_expense] => 1
    [validate_only] => 0
)

[27-Aug-2025 15:26:55 Europe/Berlin] Row to insert: Array
(
    [row_num] => 0
    [user_id] => 119
    [client] => 219
    [main_project_id] => 209
    [addon_id] => 21
    [date] => 2025-08-27
    [description] => PVC Pipes
    [category_num] => 5001
    [category] => Construction Supplies
    [invoice_num] => 0000000069846
    [store_name] => Maquiling Builders
    [amount] => 1234
    [payment_method] => Cash
    [receipt_file] => NewTest2.jpg
    [receipt_tmp] => C:\xampp\tmp\php566A.tmp
    [final_path] => ../receipts/project_expenses_files/NewTest2.jpg
)

[27-Aug-2025 15:43:33 Europe/Berlin] Session data: Array
(
    [authenticated] => 1
    [auth_user] => Array
        (
            [id] => 119
            [name] => Maria K. Camposanto
            [email] => schoolcamposanto05@gmail.com
            [role] => admin
            [client_id] => 
            [company_id] => 1
        )

)

[27-Aug-2025 15:43:33 Europe/Berlin] POST data: Array
(
    [expense_type] => project
    [date] => 2025-08-27
    [client_id] => 219
    [project_id] => project-209
    [main_project_id] => 209
    [addon_id] => 
    [item_name] => Array
        (
            [0] => Steel Plate
        )

    [store_name] => Array
        (
            [0] => Maquiling Builders
        )

    [category_num] => Array
        (
            [0] => 5001
        )

    [amount] => Array
        (
            [0] => 5200
        )

    [payment_method] => Array
        (
            [0] => Cash
        )

    [other_payment_method] => Array
        (
            [0] => 
        )

    [invoice_num] => Array
        (
            [0] => 000012
        )

    [save_batch_expense] => 1
    [validate_only] => 1
)

[27-Aug-2025 15:43:44 Europe/Berlin] Session data: Array
(
    [authenticated] => 1
    [auth_user] => Array
        (
            [id] => 119
            [name] => Maria K. Camposanto
            [email] => schoolcamposanto05@gmail.com
            [role] => admin
            [client_id] => 
            [company_id] => 1
        )

)

[27-Aug-2025 15:43:44 Europe/Berlin] POST data: Array
(
    [expense_type] => project
    [date] => 2025-08-27
    [client_id] => 219
    [project_id] => project-209
    [main_project_id] => 209
    [addon_id] => 
    [item_name] => Array
        (
            [0] => Steel Plate
        )

    [store_name] => Array
        (
            [0] => Maquiling Builders
        )

    [category_num] => Array
        (
            [0] => 5001
        )

    [amount] => Array
        (
            [0] => 5200
        )

    [payment_method] => Array
        (
            [0] => Cash
        )

    [other_payment_method] => Array
        (
            [0] => 
        )

    [invoice_num] => Array
        (
            [0] => 0000000062291
        )

    [save_batch_expense] => 1
    [validate_only] => 1
)

[27-Aug-2025 15:44:08 Europe/Berlin] Session data: Array
(
    [authenticated] => 1
    [auth_user] => Array
        (
            [id] => 119
            [name] => Maria K. Camposanto
            [email] => schoolcamposanto05@gmail.com
            [role] => admin
            [client_id] => 
            [company_id] => 1
        )

)

[27-Aug-2025 15:44:08 Europe/Berlin] POST data: Array
(
    [expense_type] => project
    [date] => 2025-08-27
    [client_id] => 219
    [project_id] => project-209
    [main_project_id] => 209
    [addon_id] => 
    [item_name] => Array
        (
            [0] => Steel Plate
        )

    [store_name] => Array
        (
            [0] => Maquiling Builders
        )

    [category_num] => Array
        (
            [0] => 5001
        )

    [amount] => Array
        (
            [0] => 5200
        )

    [payment_method] => Array
        (
            [0] => Cash
        )

    [other_payment_method] => Array
        (
            [0] => 
        )

    [invoice_num] => Array
        (
            [0] => 0000000062291
        )

    [save_batch_expense] => 1
    [validate_only] => 0
)

[27-Aug-2025 15:44:11 Europe/Berlin] Row to insert: Array
(
    [row_num] => 0
    [user_id] => 119
    [client] => 219
    [main_project_id] => 209
    [addon_id] => 
    [date] => 2025-08-27
    [description] => Steel Plate
    [category_num] => 5001
    [category] => Construction Supplies
    [invoice_num] => 0000000062291
    [store_name] => Maquiling Builders
    [amount] => 5200
    [payment_method] => Cash
    [receipt_file] => New_Receipt1.jpg
    [receipt_tmp] => C:\xampp\tmp\php2983.tmp
    [final_path] => ../receipts/project_expenses_files/New_Receipt1.jpg
)

[27-Aug-2025 15:44:11 Europe/Berlin] PHP Fatal error:  Uncaught mysqli_sql_exception: Column 'addon_id' cannot be null in C:\xampp\htdocs\Financial_Management\inner_pages\expense_logic.php:396
Stack trace:
#0 C:\xampp\htdocs\Financial_Management\inner_pages\expense_logic.php(396): mysqli_query(Object(mysqli), 'INSERT INTO exp...')
#1 {main}
  thrown in C:\xampp\htdocs\Financial_Management\inner_pages\expense_logic.php on line 396
[27-Aug-2025 15:45:50 Europe/Berlin] Session data: Array
(
    [authenticated] => 1
    [auth_user] => Array
        (
            [id] => 119
            [name] => Maria K. Camposanto
            [email] => schoolcamposanto05@gmail.com
            [role] => admin
            [client_id] => 
            [company_id] => 1
        )

)

[27-Aug-2025 15:45:50 Europe/Berlin] POST data: Array
(
    [expense_type] => project
    [date] => 2025-08-27
    [client_id] => 219
    [project_id] => addon-21
    [main_project_id] => 209
    [addon_id] => 21
    [item_name] => Array
        (
            [0] => Graphite Tiles
        )

    [store_name] => Array
        (
            [0] => Maquiling Builders
        )

    [category_num] => Array
        (
            [0] => 5001
        )

    [amount] => Array
        (
            [0] => 3250.84
        )

    [payment_method] => Array
        (
            [0] => Cash
        )

    [other_payment_method] => Array
        (
            [0] => 
        )

    [invoice_num] => Array
        (
            [0] => 0000000082219
        )

    [save_batch_expense] => 1
    [validate_only] => 1
)

[27-Aug-2025 15:46:06 Europe/Berlin] Session data: Array
(
    [authenticated] => 1
    [auth_user] => Array
        (
            [id] => 119
            [name] => Maria K. Camposanto
            [email] => schoolcamposanto05@gmail.com
            [role] => admin
            [client_id] => 
            [company_id] => 1
        )

)

[27-Aug-2025 15:46:06 Europe/Berlin] POST data: Array
(
    [expense_type] => project
    [date] => 2025-08-27
    [client_id] => 219
    [project_id] => addon-21
    [main_project_id] => 209
    [addon_id] => 21
    [item_name] => Array
        (
            [0] => Graphite Tiles
        )

    [store_name] => Array
        (
            [0] => Maquiling Builders
        )

    [category_num] => Array
        (
            [0] => 5001
        )

    [amount] => Array
        (
            [0] => 3250.84
        )

    [payment_method] => Array
        (
            [0] => Cash
        )

    [other_payment_method] => Array
        (
            [0] => 
        )

    [invoice_num] => Array
        (
            [0] => 0000000082219
        )

    [save_batch_expense] => 1
    [validate_only] => 1
)

[27-Aug-2025 15:46:26 Europe/Berlin] Session data: Array
(
    [authenticated] => 1
    [auth_user] => Array
        (
            [id] => 119
            [name] => Maria K. Camposanto
            [email] => schoolcamposanto05@gmail.com
            [role] => admin
            [client_id] => 
            [company_id] => 1
        )

)

[27-Aug-2025 15:46:26 Europe/Berlin] POST data: Array
(
    [expense_type] => project
    [date] => 2025-08-27
    [client_id] => 219
    [project_id] => addon-21
    [main_project_id] => 209
    [addon_id] => 21
    [item_name] => Array
        (
            [0] => Graphite Tiles
        )

    [store_name] => Array
        (
            [0] => Maquiling Builders
        )

    [category_num] => Array
        (
            [0] => 5001
        )

    [amount] => Array
        (
            [0] => 3250.84
        )

    [payment_method] => Array
        (
            [0] => Cash
        )

    [other_payment_method] => Array
        (
            [0] => 
        )

    [invoice_num] => Array
        (
            [0] => 0000000069846
        )

    [save_batch_expense] => 1
    [validate_only] => 1
)

[27-Aug-2025 15:46:53 Europe/Berlin] Session data: Array
(
    [authenticated] => 1
    [auth_user] => Array
        (
            [id] => 119
            [name] => Maria K. Camposanto
            [email] => schoolcamposanto05@gmail.com
            [role] => admin
            [client_id] => 
            [company_id] => 1
        )

)

[27-Aug-2025 15:46:53 Europe/Berlin] POST data: Array
(
    [expense_type] => project
    [date] => 2025-08-27
    [client_id] => 219
    [project_id] => addon-21
    [main_project_id] => 209
    [addon_id] => 21
    [item_name] => Array
        (
            [0] => Graphite Tiles
        )

    [store_name] => Array
        (
            [0] => Maquiling Builders
        )

    [category_num] => Array
        (
            [0] => 5001
        )

    [amount] => Array
        (
            [0] => 3250.84
        )

    [payment_method] => Array
        (
            [0] => Cash
        )

    [other_payment_method] => Array
        (
            [0] => 
        )

    [invoice_num] => Array
        (
            [0] => 0000000082219
        )

    [save_batch_expense] => 1
    [validate_only] => 1
)

[27-Aug-2025 15:47:18 Europe/Berlin] Session data: Array
(
    [authenticated] => 1
    [auth_user] => Array
        (
            [id] => 119
            [name] => Maria K. Camposanto
            [email] => schoolcamposanto05@gmail.com
            [role] => admin
            [client_id] => 
            [company_id] => 1
        )

)

[27-Aug-2025 15:47:18 Europe/Berlin] POST data: Array
(
    [expense_type] => project
    [date] => 2025-08-27
    [client_id] => 219
    [project_id] => addon-21
    [main_project_id] => 209
    [addon_id] => 21
    [item_name] => Array
        (
            [0] => Graphite Tiles
        )

    [store_name] => Array
        (
            [0] => Maquiling Builders
        )

    [category_num] => Array
        (
            [0] => 5001
        )

    [amount] => Array
        (
            [0] => 3250.84
        )

    [payment_method] => Array
        (
            [0] => Cash
        )

    [other_payment_method] => Array
        (
            [0] => 
        )

    [invoice_num] => Array
        (
            [0] => 0000000062219
        )

    [save_batch_expense] => 1
    [validate_only] => 1
)

[27-Aug-2025 15:47:42 Europe/Berlin] Session data: Array
(
    [authenticated] => 1
    [auth_user] => Array
        (
            [id] => 119
            [name] => Maria K. Camposanto
            [email] => schoolcamposanto05@gmail.com
            [role] => admin
            [client_id] => 
            [company_id] => 1
        )

)

[27-Aug-2025 15:47:42 Europe/Berlin] POST data: Array
(
    [expense_type] => project
    [date] => 2025-08-27
    [client_id] => 219
    [project_id] => addon-21
    [main_project_id] => 209
    [addon_id] => 21
    [item_name] => Array
        (
            [0] => Graphite Tiles
        )

    [store_name] => Array
        (
            [0] => Maquiling Builders
        )

    [category_num] => Array
        (
            [0] => 5001
        )

    [amount] => Array
        (
            [0] => 3250.84
        )

    [payment_method] => Array
        (
            [0] => Cash
        )

    [other_payment_method] => Array
        (
            [0] => 
        )

    [invoice_num] => Array
        (
            [0] => 0000000062291
        )

    [save_batch_expense] => 1
    [validate_only] => 1
)

[27-Aug-2025 15:47:49 Europe/Berlin] Session data: Array
(
    [authenticated] => 1
    [auth_user] => Array
        (
            [id] => 119
            [name] => Maria K. Camposanto
            [email] => schoolcamposanto05@gmail.com
            [role] => admin
            [client_id] => 
            [company_id] => 1
        )

)

[27-Aug-2025 15:47:49 Europe/Berlin] POST data: Array
(
    [expense_type] => project
    [date] => 2025-08-27
    [client_id] => 219
    [project_id] => addon-21
    [main_project_id] => 209
    [addon_id] => 21
    [item_name] => Array
        (
            [0] => Graphite Tiles
        )

    [store_name] => Array
        (
            [0] => Maquiling Builders
        )

    [category_num] => Array
        (
            [0] => 5001
        )

    [amount] => Array
        (
            [0] => 3250.84
        )

    [payment_method] => Array
        (
            [0] => Cash
        )

    [other_payment_method] => Array
        (
            [0] => 
        )

    [invoice_num] => Array
        (
            [0] => 0000000062291
        )

    [save_batch_expense] => 1
    [validate_only] => 0
)

[27-Aug-2025 15:47:51 Europe/Berlin] Row to insert: Array
(
    [row_num] => 0
    [user_id] => 119
    [client] => 219
    [main_project_id] => 209
    [addon_id] => 21
    [date] => 2025-08-27
    [description] => Graphite Tiles
    [category_num] => 5001
    [category] => Construction Supplies
    [invoice_num] => 0000000062291
    [store_name] => Maquiling Builders
    [amount] => 3250.84
    [payment_method] => Cash
    [receipt_file] => New_Receipt1.jpg
    [receipt_tmp] => C:\xampp\tmp\php8596.tmp
    [final_path] => ../receipts/project_expenses_files/New_Receipt1.jpg
)

[27-Aug-2025 15:51:28 Europe/Berlin] Session data: Array
(
    [authenticated] => 1
    [auth_user] => Array
        (
            [id] => 119
            [name] => Maria K. Camposanto
            [email] => schoolcamposanto05@gmail.com
            [role] => admin
            [client_id] => 
            [company_id] => 1
        )

)

[27-Aug-2025 15:51:28 Europe/Berlin] POST data: Array
(
    [expense_type] => project
    [date] => 2025-08-27
    [client_id] => 219
    [project_id] => project-209
    [main_project_id] => 209
    [addon_id] => 
    [item_name] => Array
        (
            [0] => PVC Pipes
        )

    [store_name] => Array
        (
            [0] => Watsons
        )

    [category_num] => Array
        (
            [0] => 5001
        )

    [amount] => Array
        (
            [0] => 250
        )

    [payment_method] => Array
        (
            [0] => Cash
        )

    [other_payment_method] => Array
        (
            [0] => 
        )

    [invoice_num] => Array
        (
            [0] => 0000097270
        )

    [save_batch_expense] => 1
    [validate_only] => 1
)

[27-Aug-2025 15:51:33 Europe/Berlin] Session data: Array
(
    [authenticated] => 1
    [auth_user] => Array
        (
            [id] => 119
            [name] => Maria K. Camposanto
            [email] => schoolcamposanto05@gmail.com
            [role] => admin
            [client_id] => 
            [company_id] => 1
        )

)

[27-Aug-2025 15:51:33 Europe/Berlin] POST data: Array
(
    [expense_type] => project
    [date] => 2025-08-27
    [client_id] => 219
    [project_id] => project-209
    [main_project_id] => 209
    [addon_id] => 
    [item_name] => Array
        (
            [0] => PVC Pipes
        )

    [store_name] => Array
        (
            [0] => Watsons
        )

    [category_num] => Array
        (
            [0] => 5001
        )

    [amount] => Array
        (
            [0] => 250
        )

    [payment_method] => Array
        (
            [0] => Cash
        )

    [other_payment_method] => Array
        (
            [0] => 
        )

    [invoice_num] => Array
        (
            [0] => 0000097270
        )

    [save_batch_expense] => 1
    [validate_only] => 0
)

[27-Aug-2025 15:51:35 Europe/Berlin] Row to insert: Array
(
    [row_num] => 0
    [user_id] => 119
    [client] => 219
    [main_project_id] => 209
    [addon_id] => 
    [date] => 2025-08-27
    [description] => PVC Pipes
    [category_num] => 5001
    [category] => Construction Supplies
    [invoice_num] => 0000097270
    [store_name] => Watsons
    [amount] => 250
    [payment_method] => Cash
    [receipt_file] => TestNew1.jpg
    [receipt_tmp] => C:\xampp\tmp\phpF1EF.tmp
    [final_path] => ../receipts/project_expenses_files/TestNew1.jpg
)

[27-Aug-2025 15:51:35 Europe/Berlin] PHP Fatal error:  Uncaught mysqli_sql_exception: Column 'addon_id' cannot be null in C:\xampp\htdocs\Financial_Management\inner_pages\expense_logic.php:396
Stack trace:
#0 C:\xampp\htdocs\Financial_Management\inner_pages\expense_logic.php(396): mysqli_query(Object(mysqli), 'INSERT INTO exp...')
#1 {main}
  thrown in C:\xampp\htdocs\Financial_Management\inner_pages\expense_logic.php on line 396
[27-Aug-2025 16:07:07 Europe/Berlin] Session data: Array
(
    [authenticated] => 1
    [auth_user] => Array
        (
            [id] => 119
            [name] => Maria K. Camposanto
            [email] => schoolcamposanto05@gmail.com
            [role] => admin
            [client_id] => 
            [company_id] => 1
        )

)

[27-Aug-2025 16:07:07 Europe/Berlin] POST data: Array
(
    [expense_type] => project
    [date] => 2025-08-27
    [client_id] => 219
    [project_id] => project-209
    [main_project_id] => 
    [addon_id] => 
    [item_name] => Array
        (
            [0] => Handsoap
        )

    [store_name] => Array
        (
            [0] => Watsons
        )

    [category_num] => Array
        (
            [0] => 5001
        )

    [amount] => Array
        (
            [0] => 358
        )

    [payment_method] => Array
        (
            [0] => Cash
        )

    [other_payment_method] => Array
        (
            [0] => 
        )

    [invoice_num] => Array
        (
            [0] => 0000097270
        )

    [save_batch_expense] => 1
    [validate_only] => 1
)

[27-Aug-2025 16:08:26 Europe/Berlin] Session data: Array
(
    [authenticated] => 1
    [auth_user] => Array
        (
            [id] => 119
            [name] => Maria K. Camposanto
            [email] => schoolcamposanto05@gmail.com
            [role] => admin
            [client_id] => 
            [company_id] => 1
        )

)

[27-Aug-2025 16:08:26 Europe/Berlin] POST data: Array
(
    [expense_type] => project
    [date] => 2025-08-27
    [client_id] => 219
    [project_id] => project-209
    [main_project_id] => 
    [addon_id] => 
    [item_name] => Array
        (
            [0] => Handsoap
        )

    [store_name] => Array
        (
            [0] => Watsons
        )

    [category_num] => Array
        (
            [0] => 5001
        )

    [amount] => Array
        (
            [0] => 358
        )

    [payment_method] => Array
        (
            [0] => Cash
        )

    [other_payment_method] => Array
        (
            [0] => 
        )

    [invoice_num] => Array
        (
            [0] => 0000097270
        )

    [save_batch_expense] => 1
    [validate_only] => 0
)

[27-Aug-2025 16:17:22 Europe/Berlin] Session data: Array
(
    [authenticated] => 1
    [auth_user] => Array
        (
            [id] => 119
            [name] => Maria K. Camposanto
            [email] => schoolcamposanto05@gmail.com
            [role] => admin
            [client_id] => 
            [company_id] => 1
        )

)

[27-Aug-2025 16:17:22 Europe/Berlin] POST data: Array
(
    [expense_type] => project
    [date] => 2025-08-27
    [client_id] => 219
    [project_id] => project-209
    [main_project_id] => 209
    [addon_id] => 
    [item_name] => Array
        (
            [0] => Handsoap
        )

    [store_name] => Array
        (
            [0] => Watsons
        )

    [category_num] => Array
        (
            [0] => 5001
        )

    [amount] => Array
        (
            [0] => 1250
        )

    [payment_method] => Array
        (
            [0] => Cash
        )

    [other_payment_method] => Array
        (
            [0] => 
        )

    [invoice_num] => Array
        (
            [0] => 0000097270
        )

    [save_batch_expense] => 1
    [validate_only] => 1
)

[27-Aug-2025 16:17:30 Europe/Berlin] Session data: Array
(
    [authenticated] => 1
    [auth_user] => Array
        (
            [id] => 119
            [name] => Maria K. Camposanto
            [email] => schoolcamposanto05@gmail.com
            [role] => admin
            [client_id] => 
            [company_id] => 1
        )

)

[27-Aug-2025 16:17:30 Europe/Berlin] POST data: Array
(
    [expense_type] => project
    [date] => 2025-08-27
    [client_id] => 219
    [project_id] => project-209
    [main_project_id] => 209
    [addon_id] => 
    [item_name] => Array
        (
            [0] => Handsoap
        )

    [store_name] => Array
        (
            [0] => Watsons
        )

    [category_num] => Array
        (
            [0] => 5001
        )

    [amount] => Array
        (
            [0] => 1250
        )

    [payment_method] => Array
        (
            [0] => Cash
        )

    [other_payment_method] => Array
        (
            [0] => 
        )

    [invoice_num] => Array
        (
            [0] => 0000097270
        )

    [save_batch_expense] => 1
    [validate_only] => 0
)

[27-Aug-2025 16:17:32 Europe/Berlin] Row to insert: Array
(
    [row_num] => 0
    [user_id] => 119
    [client] => 219
    [main_project_id] => 209
    [addon_id] => 
    [date] => 2025-08-27
    [description] => Handsoap
    [category_num] => 5001
    [category] => Construction Supplies
    [invoice_num] => 0000097270
    [store_name] => Watsons
    [amount] => 1250
    [payment_method] => Cash
    [receipt_file] => TestNew1.jpg
    [receipt_tmp] => C:\xampp\tmp\phpA7F5.tmp
    [final_path] => ../receipts/project_expenses_files/TestNew1.jpg
)

[27-Aug-2025 16:17:32 Europe/Berlin] PHP Fatal error:  Uncaught mysqli_sql_exception: Column 'addon_id' cannot be null in C:\xampp\htdocs\Financial_Management\inner_pages\expense_logic.php:396
Stack trace:
#0 C:\xampp\htdocs\Financial_Management\inner_pages\expense_logic.php(396): mysqli_query(Object(mysqli), 'INSERT INTO exp...')
#1 {main}
  thrown in C:\xampp\htdocs\Financial_Management\inner_pages\expense_logic.php on line 396
[27-Aug-2025 16:19:37 Europe/Berlin] Session data: Array
(
    [authenticated] => 1
    [auth_user] => Array
        (
            [id] => 57
            [name] => RVR ADMIN
            [email] => rvr_admin@gmail.com
            [role] => admin
            [client_id] => 
            [company_id] => 1
        )

)

[27-Aug-2025 16:19:37 Europe/Berlin] POST data: Array
(
    [expense_type] => project
    [date] => 2025-08-27
    [client_id] => 219
    [project_id] => project-209
    [main_project_id] => 209
    [addon_id] => 
    [item_name] => Array
        (
            [0] => Akari LED bulbs
        )

    [store_name] => Array
        (
            [0] => ACE Hardware
        )

    [category_num] => Array
        (
            [0] => 5001
        )

    [amount] => Array
        (
            [0] => 311.55
        )

    [payment_method] => Array
        (
            [0] => Cash
        )

    [other_payment_method] => Array
        (
            [0] => 
        )

    [invoice_num] => Array
        (
            [0] => 110242122
        )

    [save_batch_expense] => 1
    [validate_only] => 1
)

[27-Aug-2025 16:19:39 Europe/Berlin] Session data: Array
(
    [authenticated] => 1
    [auth_user] => Array
        (
            [id] => 57
            [name] => RVR ADMIN
            [email] => rvr_admin@gmail.com
            [role] => admin
            [client_id] => 
            [company_id] => 1
        )

)

[27-Aug-2025 16:19:39 Europe/Berlin] POST data: Array
(
    [expense_type] => project
    [date] => 2025-08-27
    [client_id] => 219
    [project_id] => project-209
    [main_project_id] => 209
    [addon_id] => 
    [item_name] => Array
        (
            [0] => Akari LED bulbs
        )

    [store_name] => Array
        (
            [0] => ACE Hardware
        )

    [category_num] => Array
        (
            [0] => 5001
        )

    [amount] => Array
        (
            [0] => 311.55
        )

    [payment_method] => Array
        (
            [0] => Cash
        )

    [other_payment_method] => Array
        (
            [0] => 
        )

    [invoice_num] => Array
        (
            [0] => 110242122
        )

    [save_batch_expense] => 1
    [validate_only] => 0
)

[27-Aug-2025 16:19:40 Europe/Berlin] Row to insert: Array
(
    [row_num] => 0
    [user_id] => 57
    [client] => 219
    [main_project_id] => 209
    [addon_id] => 
    [date] => 2025-08-27
    [description] => Akari LED bulbs
    [category_num] => 5001
    [category] => Construction Supplies
    [invoice_num] => 110242122
    [store_name] => ACE Hardware
    [amount] => 311.55
    [payment_method] => Cash
    [receipt_file] => 528985489_1230685508811814_3206701005356992682_n.jpg
    [receipt_tmp] => C:\xampp\tmp\phpACFF.tmp
    [final_path] => ../receipts/project_expenses_files/528985489_1230685508811814_3206701005356992682_n.jpg
)

[27-Aug-2025 16:19:40 Europe/Berlin] PHP Fatal error:  Uncaught mysqli_sql_exception: Column 'addon_id' cannot be null in C:\xampp\htdocs\Financial_Management\inner_pages\expense_logic.php:396
Stack trace:
#0 C:\xampp\htdocs\Financial_Management\inner_pages\expense_logic.php(396): mysqli_query(Object(mysqli), 'INSERT INTO exp...')
#1 {main}
  thrown in C:\xampp\htdocs\Financial_Management\inner_pages\expense_logic.php on line 396
[27-Aug-2025 16:19:41 Europe/Berlin] Session data: Array
(
    [authenticated] => 1
    [auth_user] => Array
        (
            [id] => 57
            [name] => RVR ADMIN
            [email] => rvr_admin@gmail.com
            [role] => admin
            [client_id] => 
            [company_id] => 1
        )

)

[27-Aug-2025 16:19:41 Europe/Berlin] POST data: Array
(
    [expense_type] => project
    [date] => 2025-08-27
    [client_id] => 219
    [project_id] => project-209
    [main_project_id] => 209
    [addon_id] => 
    [item_name] => Array
        (
            [0] => Akari LED bulbs
        )

    [store_name] => Array
        (
            [0] => ACE Hardware
        )

    [category_num] => Array
        (
            [0] => 5001
        )

    [amount] => Array
        (
            [0] => 311.55
        )

    [payment_method] => Array
        (
            [0] => Cash
        )

    [other_payment_method] => Array
        (
            [0] => 
        )

    [invoice_num] => Array
        (
            [0] => 110242122
        )

    [save_batch_expense] => 1
    [validate_only] => 0
)

[27-Aug-2025 16:19:42 Europe/Berlin] Row to insert: Array
(
    [row_num] => 0
    [user_id] => 57
    [client] => 219
    [main_project_id] => 209
    [addon_id] => 
    [date] => 2025-08-27
    [description] => Akari LED bulbs
    [category_num] => 5001
    [category] => Construction Supplies
    [invoice_num] => 110242122
    [store_name] => ACE Hardware
    [amount] => 311.55
    [payment_method] => Cash
    [receipt_file] => 528985489_1230685508811814_3206701005356992682_n.jpg
    [receipt_tmp] => C:\xampp\tmp\phpB52D.tmp
    [final_path] => ../receipts/project_expenses_files/528985489_1230685508811814_3206701005356992682_n.jpg
)

[27-Aug-2025 16:19:42 Europe/Berlin] PHP Fatal error:  Uncaught mysqli_sql_exception: Column 'addon_id' cannot be null in C:\xampp\htdocs\Financial_Management\inner_pages\expense_logic.php:396
Stack trace:
#0 C:\xampp\htdocs\Financial_Management\inner_pages\expense_logic.php(396): mysqli_query(Object(mysqli), 'INSERT INTO exp...')
#1 {main}
  thrown in C:\xampp\htdocs\Financial_Management\inner_pages\expense_logic.php on line 396
[27-Aug-2025 16:19:43 Europe/Berlin] Session data: Array
(
    [authenticated] => 1
    [auth_user] => Array
        (
            [id] => 57
            [name] => RVR ADMIN
            [email] => rvr_admin@gmail.com
            [role] => admin
            [client_id] => 
            [company_id] => 1
        )

)

[27-Aug-2025 16:19:43 Europe/Berlin] POST data: Array
(
    [expense_type] => project
    [date] => 2025-08-27
    [client_id] => 219
    [project_id] => project-209
    [main_project_id] => 209
    [addon_id] => 
    [item_name] => Array
        (
            [0] => Akari LED bulbs
        )

    [store_name] => Array
        (
            [0] => ACE Hardware
        )

    [category_num] => Array
        (
            [0] => 5001
        )

    [amount] => Array
        (
            [0] => 311.55
        )

    [payment_method] => Array
        (
            [0] => Cash
        )

    [other_payment_method] => Array
        (
            [0] => 
        )

    [invoice_num] => Array
        (
            [0] => 110242122
        )

    [save_batch_expense] => 1
    [validate_only] => 0
)

[27-Aug-2025 16:19:43 Europe/Berlin] Row to insert: Array
(
    [row_num] => 0
    [user_id] => 57
    [client] => 219
    [main_project_id] => 209
    [addon_id] => 
    [date] => 2025-08-27
    [description] => Akari LED bulbs
    [category_num] => 5001
    [category] => Construction Supplies
    [invoice_num] => 110242122
    [store_name] => ACE Hardware
    [amount] => 311.55
    [payment_method] => Cash
    [receipt_file] => 528985489_1230685508811814_3206701005356992682_n.jpg
    [receipt_tmp] => C:\xampp\tmp\phpBA8D.tmp
    [final_path] => ../receipts/project_expenses_files/528985489_1230685508811814_3206701005356992682_n.jpg
)

[27-Aug-2025 16:19:43 Europe/Berlin] PHP Fatal error:  Uncaught mysqli_sql_exception: Column 'addon_id' cannot be null in C:\xampp\htdocs\Financial_Management\inner_pages\expense_logic.php:396
Stack trace:
#0 C:\xampp\htdocs\Financial_Management\inner_pages\expense_logic.php(396): mysqli_query(Object(mysqli), 'INSERT INTO exp...')
#1 {main}
  thrown in C:\xampp\htdocs\Financial_Management\inner_pages\expense_logic.php on line 396
[27-Aug-2025 16:19:44 Europe/Berlin] Session data: Array
(
    [authenticated] => 1
    [auth_user] => Array
        (
            [id] => 57
            [name] => RVR ADMIN
            [email] => rvr_admin@gmail.com
            [role] => admin
            [client_id] => 
            [company_id] => 1
        )

)

[27-Aug-2025 16:19:44 Europe/Berlin] POST data: Array
(
    [expense_type] => project
    [date] => 2025-08-27
    [client_id] => 219
    [project_id] => project-209
    [main_project_id] => 209
    [addon_id] => 
    [item_name] => Array
        (
            [0] => Akari LED bulbs
        )

    [store_name] => Array
        (
            [0] => ACE Hardware
        )

    [category_num] => Array
        (
            [0] => 5001
        )

    [amount] => Array
        (
            [0] => 311.55
        )

    [payment_method] => Array
        (
            [0] => Cash
        )

    [other_payment_method] => Array
        (
            [0] => 
        )

    [invoice_num] => Array
        (
            [0] => 110242122
        )

    [save_batch_expense] => 1
    [validate_only] => 0
)

[27-Aug-2025 16:19:44 Europe/Berlin] Row to insert: Array
(
    [row_num] => 0
    [user_id] => 57
    [client] => 219
    [main_project_id] => 209
    [addon_id] => 
    [date] => 2025-08-27
    [description] => Akari LED bulbs
    [category_num] => 5001
    [category] => Construction Supplies
    [invoice_num] => 110242122
    [store_name] => ACE Hardware
    [amount] => 311.55
    [payment_method] => Cash
    [receipt_file] => 528985489_1230685508811814_3206701005356992682_n.jpg
    [receipt_tmp] => C:\xampp\tmp\phpBE86.tmp
    [final_path] => ../receipts/project_expenses_files/528985489_1230685508811814_3206701005356992682_n.jpg
)

[27-Aug-2025 16:19:44 Europe/Berlin] PHP Fatal error:  Uncaught mysqli_sql_exception: Column 'addon_id' cannot be null in C:\xampp\htdocs\Financial_Management\inner_pages\expense_logic.php:396
Stack trace:
#0 C:\xampp\htdocs\Financial_Management\inner_pages\expense_logic.php(396): mysqli_query(Object(mysqli), 'INSERT INTO exp...')
#1 {main}
  thrown in C:\xampp\htdocs\Financial_Management\inner_pages\expense_logic.php on line 396
[27-Aug-2025 16:20:11 Europe/Berlin] Session data: Array
(
    [authenticated] => 1
    [auth_user] => Array
        (
            [id] => 57
            [name] => RVR ADMIN
            [email] => rvr_admin@gmail.com
            [role] => admin
            [client_id] => 
            [company_id] => 1
        )

)

[27-Aug-2025 16:20:11 Europe/Berlin] POST data: Array
(
    [expense_type] => project
    [date] => 2025-08-27
    [client_id] => 219
    [project_id] => addon-21
    [main_project_id] => 209
    [addon_id] => 21
    [item_name] => Array
        (
            [0] => Akari LED bulbs
        )

    [store_name] => Array
        (
            [0] => ACE Hardware
        )

    [category_num] => Array
        (
            [0] => 5001
        )

    [amount] => Array
        (
            [0] => 311.55
        )

    [payment_method] => Array
        (
            [0] => Cash
        )

    [other_payment_method] => Array
        (
            [0] => 
        )

    [invoice_num] => Array
        (
            [0] => 110242122
        )

    [save_batch_expense] => 1
    [validate_only] => 1
)

[27-Aug-2025 16:20:13 Europe/Berlin] Session data: Array
(
    [authenticated] => 1
    [auth_user] => Array
        (
            [id] => 57
            [name] => RVR ADMIN
            [email] => rvr_admin@gmail.com
            [role] => admin
            [client_id] => 
            [company_id] => 1
        )

)

[27-Aug-2025 16:20:13 Europe/Berlin] POST data: Array
(
    [expense_type] => project
    [date] => 2025-08-27
    [client_id] => 219
    [project_id] => addon-21
    [main_project_id] => 209
    [addon_id] => 21
    [item_name] => Array
        (
            [0] => Akari LED bulbs
        )

    [store_name] => Array
        (
            [0] => ACE Hardware
        )

    [category_num] => Array
        (
            [0] => 5001
        )

    [amount] => Array
        (
            [0] => 311.55
        )

    [payment_method] => Array
        (
            [0] => Cash
        )

    [other_payment_method] => Array
        (
            [0] => 
        )

    [invoice_num] => Array
        (
            [0] => 110242122
        )

    [save_batch_expense] => 1
    [validate_only] => 0
)

[27-Aug-2025 16:20:14 Europe/Berlin] Row to insert: Array
(
    [row_num] => 0
    [user_id] => 57
    [client] => 219
    [main_project_id] => 209
    [addon_id] => 21
    [date] => 2025-08-27
    [description] => Akari LED bulbs
    [category_num] => 5001
    [category] => Construction Supplies
    [invoice_num] => 110242122
    [store_name] => ACE Hardware
    [amount] => 311.55
    [payment_method] => Cash
    [receipt_file] => 528985489_1230685508811814_3206701005356992682_n.jpg
    [receipt_tmp] => C:\xampp\tmp\php32AE.tmp
    [final_path] => ../receipts/project_expenses_files/528985489_1230685508811814_3206701005356992682_n.jpg
)

[27-Aug-2025 16:25:30 Europe/Berlin] Session data: Array
(
    [authenticated] => 1
    [auth_user] => Array
        (
            [id] => 119
            [name] => Maria K. Camposanto
            [email] => schoolcamposanto05@gmail.com
            [role] => admin
            [client_id] => 
            [company_id] => 1
        )

)

[27-Aug-2025 16:25:30 Europe/Berlin] POST data: Array
(
    [expense_type] => project
    [date] => 2025-08-27
    [client_id] => 219
    [project_id] => project-209
    [main_project_id] => 
    [addon_id] => 
    [item_name] => Array
        (
            [0] => Steel Bars
        )

    [store_name] => Array
        (
            [0] => Wilcon Depot
        )

    [category_num] => Array
        (
            [0] => 5001
        )

    [amount] => Array
        (
            [0] => 2540
        )

    [payment_method] => Array
        (
            [0] => Cash
        )

    [other_payment_method] => Array
        (
            [0] => 
        )

    [invoice_num] => Array
        (
            [0] => 0000097270
        )

    [save_batch_expense] => 1
    [validate_only] => 1
)

[27-Aug-2025 16:26:03 Europe/Berlin] Session data: Array
(
    [authenticated] => 1
    [auth_user] => Array
        (
            [id] => 119
            [name] => Maria K. Camposanto
            [email] => schoolcamposanto05@gmail.com
            [role] => admin
            [client_id] => 
            [company_id] => 1
        )

)

[27-Aug-2025 16:26:03 Europe/Berlin] POST data: Array
(
    [expense_type] => project
    [date] => 2025-08-27
    [client_id] => 219
    [project_id] => project-209
    [main_project_id] => 
    [addon_id] => 
    [item_name] => Array
        (
            [0] => Steel Bars
        )

    [store_name] => Array
        (
            [0] => Watsons
        )

    [category_num] => Array
        (
            [0] => 5001
        )

    [amount] => Array
        (
            [0] => 2540
        )

    [payment_method] => Array
        (
            [0] => Cash
        )

    [other_payment_method] => Array
        (
            [0] => 
        )

    [invoice_num] => Array
        (
            [0] => 0000097270
        )

    [save_batch_expense] => 1
    [validate_only] => 1
)

[27-Aug-2025 16:26:07 Europe/Berlin] Session data: Array
(
    [authenticated] => 1
    [auth_user] => Array
        (
            [id] => 119
            [name] => Maria K. Camposanto
            [email] => schoolcamposanto05@gmail.com
            [role] => admin
            [client_id] => 
            [company_id] => 1
        )

)

[27-Aug-2025 16:26:07 Europe/Berlin] POST data: Array
(
    [expense_type] => project
    [date] => 2025-08-27
    [client_id] => 219
    [project_id] => project-209
    [main_project_id] => 
    [addon_id] => 
    [item_name] => Array
        (
            [0] => Steel Bars
        )

    [store_name] => Array
        (
            [0] => Watsons
        )

    [category_num] => Array
        (
            [0] => 5001
        )

    [amount] => Array
        (
            [0] => 2540
        )

    [payment_method] => Array
        (
            [0] => Cash
        )

    [other_payment_method] => Array
        (
            [0] => 
        )

    [invoice_num] => Array
        (
            [0] => 0000097270
        )

    [save_batch_expense] => 1
    [validate_only] => 0
)

[27-Aug-2025 16:31:22 Europe/Berlin] Session data: Array
(
    [authenticated] => 1
    [auth_user] => Array
        (
            [id] => 119
            [name] => Maria K. Camposanto
            [email] => schoolcamposanto05@gmail.com
            [role] => admin
            [client_id] => 
            [company_id] => 1
        )

)

[27-Aug-2025 16:31:22 Europe/Berlin] POST data: Array
(
    [expense_type] => project
    [date] => 2025-08-27
    [client_id] => 219
    [project_id] => project-209
    [main_project_id] => 209
    [addon_id] => 
    [item_name] => Array
        (
            [0] => Handsoap
        )

    [store_name] => Array
        (
            [0] => Watsons
        )

    [category_num] => Array
        (
            [0] => 5001
        )

    [amount] => Array
        (
            [0] => 1234
        )

    [payment_method] => Array
        (
            [0] => Cash
        )

    [other_payment_method] => Array
        (
            [0] => 
        )

    [invoice_num] => Array
        (
            [0] => 0000097270
        )

    [save_batch_expense] => 1
    [validate_only] => 1
)

[27-Aug-2025 16:31:27 Europe/Berlin] Session data: Array
(
    [authenticated] => 1
    [auth_user] => Array
        (
            [id] => 119
            [name] => Maria K. Camposanto
            [email] => schoolcamposanto05@gmail.com
            [role] => admin
            [client_id] => 
            [company_id] => 1
        )

)

[27-Aug-2025 16:31:27 Europe/Berlin] POST data: Array
(
    [expense_type] => project
    [date] => 2025-08-27
    [client_id] => 219
    [project_id] => project-209
    [main_project_id] => 209
    [addon_id] => 
    [item_name] => Array
        (
            [0] => Handsoap
        )

    [store_name] => Array
        (
            [0] => Watsons
        )

    [category_num] => Array
        (
            [0] => 5001
        )

    [amount] => Array
        (
            [0] => 1234
        )

    [payment_method] => Array
        (
            [0] => Cash
        )

    [other_payment_method] => Array
        (
            [0] => 
        )

    [invoice_num] => Array
        (
            [0] => 0000097270
        )

    [save_batch_expense] => 1
    [validate_only] => 0
)

[27-Aug-2025 16:31:29 Europe/Berlin] Row to insert: Array
(
    [row_num] => 0
    [user_id] => 119
    [client] => 219
    [main_project_id] => 209
    [addon_id] => 
    [date] => 2025-08-27
    [description] => Handsoap
    [category_num] => 5001
    [category] => Construction Supplies
    [invoice_num] => 0000097270
    [store_name] => Watsons
    [amount] => 1234
    [payment_method] => Cash
    [receipt_file] => TestNew1.jpg
    [receipt_tmp] => C:\xampp\tmp\php77CA.tmp
    [final_path] => ../receipts/project_expenses_files/TestNew1.jpg
)

[27-Aug-2025 16:31:29 Europe/Berlin] PHP Fatal error:  Uncaught mysqli_sql_exception: Column 'addon_id' cannot be null in C:\xampp\htdocs\Financial_Management\inner_pages\expense_logic.php:396
Stack trace:
#0 C:\xampp\htdocs\Financial_Management\inner_pages\expense_logic.php(396): mysqli_query(Object(mysqli), 'INSERT INTO exp...')
#1 {main}
  thrown in C:\xampp\htdocs\Financial_Management\inner_pages\expense_logic.php on line 396
[27-Aug-2025 16:31:35 Europe/Berlin] Session data: Array
(
    [authenticated] => 1
    [auth_user] => Array
        (
            [id] => 119
            [name] => Maria K. Camposanto
            [email] => schoolcamposanto05@gmail.com
            [role] => admin
            [client_id] => 
            [company_id] => 1
        )

)

[27-Aug-2025 16:31:35 Europe/Berlin] POST data: Array
(
    [expense_type] => project
    [date] => 2025-08-27
    [client_id] => 219
    [project_id] => project-209
    [main_project_id] => 209
    [addon_id] => 
    [item_name] => Array
        (
            [0] => Handsoap
        )

    [store_name] => Array
        (
            [0] => Watsons
        )

    [category_num] => Array
        (
            [0] => 5001
        )

    [amount] => Array
        (
            [0] => 1234
        )

    [payment_method] => Array
        (
            [0] => Cash
        )

    [other_payment_method] => Array
        (
            [0] => 
        )

    [invoice_num] => Array
        (
            [0] => 0000097270
        )

    [save_batch_expense] => 1
    [validate_only] => 0
)

[27-Aug-2025 16:31:37 Europe/Berlin] Row to insert: Array
(
    [row_num] => 0
    [user_id] => 119
    [client] => 219
    [main_project_id] => 209
    [addon_id] => 
    [date] => 2025-08-27
    [description] => Handsoap
    [category_num] => 5001
    [category] => Construction Supplies
    [invoice_num] => 0000097270
    [store_name] => Watsons
    [amount] => 1234
    [payment_method] => Cash
    [receipt_file] => TestNew1.jpg
    [receipt_tmp] => C:\xampp\tmp\php9844.tmp
    [final_path] => ../receipts/project_expenses_files/TestNew1.jpg
)

[27-Aug-2025 16:31:37 Europe/Berlin] PHP Fatal error:  Uncaught mysqli_sql_exception: Column 'addon_id' cannot be null in C:\xampp\htdocs\Financial_Management\inner_pages\expense_logic.php:396
Stack trace:
#0 C:\xampp\htdocs\Financial_Management\inner_pages\expense_logic.php(396): mysqli_query(Object(mysqli), 'INSERT INTO exp...')
#1 {main}
  thrown in C:\xampp\htdocs\Financial_Management\inner_pages\expense_logic.php on line 396
[27-Aug-2025 16:39:34 Europe/Berlin] Session data: Array
(
    [authenticated] => 1
    [auth_user] => Array
        (
            [id] => 119
            [name] => Maria K. Camposanto
            [email] => schoolcamposanto05@gmail.com
            [role] => admin
            [client_id] => 
            [company_id] => 1
        )

)

[27-Aug-2025 16:39:34 Europe/Berlin] POST data: Array
(
    [expense_type] => project
    [date] => 2025-08-25
    [client_id] => 219
    [project_id] => project-209
    [main_project_id] => 209
    [addon_id] => 
    [item_name] => Array
        (
            [0] => Handsoap
        )

    [store_name] => Array
        (
            [0] => Watsons
        )

    [category_num] => Array
        (
            [0] => 5001
        )

    [amount] => Array
        (
            [0] => 1236
        )

    [payment_method] => Array
        (
            [0] => Cash
        )

    [other_payment_method] => Array
        (
            [0] => 
        )

    [invoice_num] => Array
        (
            [0] => 0000097270
        )

    [save_batch_expense] => 1
    [validate_only] => 1
)

[27-Aug-2025 16:39:41 Europe/Berlin] Session data: Array
(
    [authenticated] => 1
    [auth_user] => Array
        (
            [id] => 119
            [name] => Maria K. Camposanto
            [email] => schoolcamposanto05@gmail.com
            [role] => admin
            [client_id] => 
            [company_id] => 1
        )

)

[27-Aug-2025 16:39:41 Europe/Berlin] POST data: Array
(
    [expense_type] => project
    [date] => 2025-08-25
    [client_id] => 219
    [project_id] => project-209
    [main_project_id] => 209
    [addon_id] => 
    [item_name] => Array
        (
            [0] => Handsoap
        )

    [store_name] => Array
        (
            [0] => Watsons
        )

    [category_num] => Array
        (
            [0] => 5001
        )

    [amount] => Array
        (
            [0] => 1236
        )

    [payment_method] => Array
        (
            [0] => Cash
        )

    [other_payment_method] => Array
        (
            [0] => 
        )

    [invoice_num] => Array
        (
            [0] => 0000097270
        )

    [save_batch_expense] => 1
    [validate_only] => 0
)

[27-Aug-2025 16:39:44 Europe/Berlin] Row to insert: Array
(
    [row_num] => 0
    [user_id] => 119
    [client] => 219
    [main_project_id] => 209
    [addon_id] => 
    [date] => 2025-08-25
    [description] => Handsoap
    [category_num] => 5001
    [category] => Construction Supplies
    [invoice_num] => 0000097270
    [store_name] => Watsons
    [amount] => 1236
    [payment_method] => Cash
    [receipt_file] => TestNew1.jpg
    [receipt_tmp] => C:\xampp\tmp\php239.tmp
    [final_path] => ../receipts/project_expenses_files/TestNew1.jpg
)

[27-Aug-2025 16:48:57 Europe/Berlin] Session data: Array
(
    [authenticated] => 1
    [auth_user] => Array
        (
            [id] => 119
            [name] => Maria K. Camposanto
            [email] => schoolcamposanto05@gmail.com
            [role] => admin
            [client_id] => 
            [company_id] => 1
        )

)

[27-Aug-2025 16:48:57 Europe/Berlin] POST data: Array
(
    [expense_type] => project
    [date] => 2025-08-27
    [client_id] => 219
    [project_id] => addon-21
    [main_project_id] => 209
    [addon_id] => 21
    [item_name] => Array
        (
            [0] => Light Bulbs Second
        )

    [store_name] => Array
        (
            [0] => Ace Hardware
        )

    [category_num] => Array
        (
            [0] => 5001
        )

    [amount] => Array
        (
            [0] => 1256
        )

    [payment_method] => Array
        (
            [0] => Cash
        )

    [other_payment_method] => Array
        (
            [0] => 
        )

    [invoice_num] => Array
        (
            [0] => 000082033
        )

    [save_batch_expense] => 1
    [validate_only] => 1
)

[27-Aug-2025 16:49:25 Europe/Berlin] Session data: Array
(
    [authenticated] => 1
    [auth_user] => Array
        (
            [id] => 119
            [name] => Maria K. Camposanto
            [email] => schoolcamposanto05@gmail.com
            [role] => admin
            [client_id] => 
            [company_id] => 1
        )

)

[27-Aug-2025 16:49:25 Europe/Berlin] POST data: Array
(
    [expense_type] => project
    [date] => 2025-08-27
    [client_id] => 219
    [project_id] => addon-21
    [main_project_id] => 209
    [addon_id] => 21
    [item_name] => Array
        (
            [0] => Light Bulbs Second
            [1] => 15.69 Liters Diesel
        )

    [store_name] => Array
        (
            [0] => Ace Hardware
            [1] => Wilcon Depot
        )

    [category_num] => Array
        (
            [0] => 5001
            [1] => 5002
        )

    [amount] => Array
        (
            [0] => 1256
            [1] => 3258
        )

    [payment_method] => Array
        (
            [0] => Cash
            [1] => Cash
        )

    [other_payment_method] => Array
        (
            [0] => 
            [1] => 
        )

    [invoice_num] => Array
        (
            [0] => 000082033
            [1] => 000012879
        )

    [save_batch_expense] => 1
    [validate_only] => 1
)

[27-Aug-2025 16:49:37 Europe/Berlin] Session data: Array
(
    [authenticated] => 1
    [auth_user] => Array
        (
            [id] => 119
            [name] => Maria K. Camposanto
            [email] => schoolcamposanto05@gmail.com
            [role] => admin
            [client_id] => 
            [company_id] => 1
        )

)

[27-Aug-2025 16:49:37 Europe/Berlin] POST data: Array
(
    [expense_type] => project
    [date] => 2025-08-27
    [client_id] => 219
    [project_id] => addon-21
    [main_project_id] => 209
    [addon_id] => 21
    [item_name] => Array
        (
            [0] => Light Bulbs Second
        )

    [store_name] => Array
        (
            [0] => Ace Hardware
        )

    [category_num] => Array
        (
            [0] => 5001
        )

    [amount] => Array
        (
            [0] => 1256
        )

    [payment_method] => Array
        (
            [0] => Cash
        )

    [other_payment_method] => Array
        (
            [0] => 
        )

    [invoice_num] => Array
        (
            [0] => 000082033
        )

    [save_batch_expense] => 1
    [validate_only] => 1
)

[27-Aug-2025 16:49:41 Europe/Berlin] Session data: Array
(
    [authenticated] => 1
    [auth_user] => Array
        (
            [id] => 119
            [name] => Maria K. Camposanto
            [email] => schoolcamposanto05@gmail.com
            [role] => admin
            [client_id] => 
            [company_id] => 1
        )

)

[27-Aug-2025 16:49:41 Europe/Berlin] POST data: Array
(
    [expense_type] => project
    [date] => 2025-08-27
    [client_id] => 219
    [project_id] => addon-21
    [main_project_id] => 209
    [addon_id] => 21
    [item_name] => Array
        (
            [0] => Light Bulbs Second
        )

    [store_name] => Array
        (
            [0] => Ace Hardware
        )

    [category_num] => Array
        (
            [0] => 5001
        )

    [amount] => Array
        (
            [0] => 1256
        )

    [payment_method] => Array
        (
            [0] => Cash
        )

    [other_payment_method] => Array
        (
            [0] => 
        )

    [invoice_num] => Array
        (
            [0] => 000082033
        )

    [save_batch_expense] => 1
    [validate_only] => 0
)

[27-Aug-2025 16:49:44 Europe/Berlin] Row to insert: Array
(
    [row_num] => 0
    [user_id] => 119
    [client] => 219
    [main_project_id] => 209
    [addon_id] => 21
    [date] => 2025-08-27
    [description] => Light Bulbs Second
    [category_num] => 5001
    [category] => Construction Supplies
    [invoice_num] => 000082033
    [store_name] => Ace Hardware
    [amount] => 1256
    [payment_method] => Cash
    [receipt_file] => test2 - Copy.jpg
    [receipt_tmp] => C:\xampp\tmp\php28F4.tmp
    [final_path] => ../receipts/project_expenses_files/test2 - Copy.jpg
)

[27-Aug-2025 16:56:43 Europe/Berlin] Session data: Array
(
    [authenticated] => 1
    [auth_user] => Array
        (
            [id] => 119
            [name] => Maria K. Camposanto
            [email] => schoolcamposanto05@gmail.com
            [role] => admin
            [client_id] => 
            [company_id] => 1
        )

    [last_activity] => 1756306403
    [status_type] => updated
)

[27-Aug-2025 16:56:43 Europe/Berlin] POST data: Array
(
    [expense_type] => project
    [date] => 2025-08-27
    [client_id] => 219
    [project_id] => project-209
    [main_project_id] => 209
    [addon_id] => 
    [item_name] => Array
        (
            [0] => Steel Bars
        )

    [store_name] => Array
        (
            [0] => Ace Hardware
        )

    [category_num] => Array
        (
            [0] => 5001
        )

    [amount] => Array
        (
            [0] => 5,000,000
        )

    [payment_method] => Array
        (
            [0] => Others
        )

    [other_payment_method] => Array
        (
            [0] => Bank Transfer
        )

    [invoice_num] => Array
        (
            [0] => 000203138
        )

    [save_batch_expense] => 1
    [validate_only] => 1
)

[27-Aug-2025 16:57:21 Europe/Berlin] Session data: Array
(
    [authenticated] => 1
    [auth_user] => Array
        (
            [id] => 119
            [name] => Maria K. Camposanto
            [email] => schoolcamposanto05@gmail.com
            [role] => admin
            [client_id] => 
            [company_id] => 1
        )

    [last_activity] => 1756306403
    [status_type] => updated
)

[27-Aug-2025 16:57:21 Europe/Berlin] POST data: Array
(
    [expense_type] => project
    [date] => 2025-08-27
    [client_id] => 219
    [project_id] => project-209
    [main_project_id] => 209
    [addon_id] => 
    [item_name] => Array
        (
            [0] => Steel Bars
        )

    [store_name] => Array
        (
            [0] => Ace Hardware
        )

    [category_num] => Array
        (
            [0] => 5001
        )

    [amount] => Array
        (
            [0] => 5,000,000
        )

    [payment_method] => Array
        (
            [0] => Others
        )

    [other_payment_method] => Array
        (
            [0] => Bank Transfer
        )

    [invoice_num] => Array
        (
            [0] => 000203128
        )

    [save_batch_expense] => 1
    [validate_only] => 1
)

[27-Aug-2025 16:57:24 Europe/Berlin] Session data: Array
(
    [authenticated] => 1
    [auth_user] => Array
        (
            [id] => 119
            [name] => Maria K. Camposanto
            [email] => schoolcamposanto05@gmail.com
            [role] => admin
            [client_id] => 
            [company_id] => 1
        )

    [last_activity] => 1756306403
    [status_type] => updated
)

[27-Aug-2025 16:57:24 Europe/Berlin] POST data: Array
(
    [expense_type] => project
    [date] => 2025-08-27
    [client_id] => 219
    [project_id] => project-209
    [main_project_id] => 209
    [addon_id] => 
    [item_name] => Array
        (
            [0] => Steel Bars
        )

    [store_name] => Array
        (
            [0] => Ace Hardware
        )

    [category_num] => Array
        (
            [0] => 5001
        )

    [amount] => Array
        (
            [0] => 5,000,000
        )

    [payment_method] => Array
        (
            [0] => Others
        )

    [other_payment_method] => Array
        (
            [0] => Bank Transfer
        )

    [invoice_num] => Array
        (
            [0] => 000203128
        )

    [save_batch_expense] => 1
    [validate_only] => 0
)

[27-Aug-2025 16:57:27 Europe/Berlin] Row to insert: Array
(
    [row_num] => 0
    [user_id] => 119
    [client] => 219
    [main_project_id] => 209
    [addon_id] => 
    [date] => 2025-08-27
    [description] => Steel Bars
    [category_num] => 5001
    [category] => Construction Supplies
    [invoice_num] => 000203128
    [store_name] => Ace Hardware
    [amount] => 5000000
    [payment_method] => Others
    [receipt_file] => ace.jpg
    [receipt_tmp] => C:\xampp\tmp\php38F3.tmp
    [final_path] => ../receipts/project_expenses_files/ace.jpg
)

[27-Aug-2025 17:17:28 Europe/Berlin] Session data: Array
(
    [authenticated] => 1
    [auth_user] => Array
        (
            [id] => 119
            [name] => Maria K. Camposanto
            [email] => schoolcamposanto05@gmail.com
            [role] => admin
            [client_id] => 
            [company_id] => 1
        )

    [last_activity] => 1756307577
    [status_type] => updated
)

[27-Aug-2025 17:17:28 Europe/Berlin] POST data: Array
(
    [expense_type] => project
    [date] => 2025-08-27
    [client_id] => 219
    [project_id] => project-209
    [main_project_id] => 209
    [addon_id] => 
    [item_name] => Array
        (
            [0] => Steel Bars
        )

    [store_name] => Array
        (
            [0] => Handyman
        )

    [category_num] => Array
        (
            [0] => 5001
        )

    [amount] => Array
        (
            [0] => 3258
        )

    [payment_method] => Array
        (
            [0] => Others
        )

    [other_payment_method] => Array
        (
            [0] => Bank Transfer
        )

    [invoice_num] => Array
        (
            [0] => 0000397080
        )

    [save_batch_expense] => 1
    [validate_only] => 1
)

[27-Aug-2025 17:17:31 Europe/Berlin] Session data: Array
(
    [authenticated] => 1
    [auth_user] => Array
        (
            [id] => 119
            [name] => Maria K. Camposanto
            [email] => schoolcamposanto05@gmail.com
            [role] => admin
            [client_id] => 
            [company_id] => 1
        )

    [last_activity] => 1756307577
    [status_type] => updated
)

[27-Aug-2025 17:17:31 Europe/Berlin] POST data: Array
(
    [expense_type] => project
    [date] => 2025-08-27
    [client_id] => 219
    [project_id] => project-209
    [main_project_id] => 209
    [addon_id] => 
    [item_name] => Array
        (
            [0] => Steel Bars
        )

    [store_name] => Array
        (
            [0] => Handyman
        )

    [category_num] => Array
        (
            [0] => 5001
        )

    [amount] => Array
        (
            [0] => 3258
        )

    [payment_method] => Array
        (
            [0] => Others
        )

    [other_payment_method] => Array
        (
            [0] => Bank Transfer
        )

    [invoice_num] => Array
        (
            [0] => 0000397080
        )

    [save_batch_expense] => 1
    [validate_only] => 0
)

[27-Aug-2025 17:17:33 Europe/Berlin] Row to insert: Array
(
    [row_num] => 0
    [user_id] => 119
    [client] => 219
    [main_project_id] => 209
    [addon_id] => 
    [date] => 2025-08-27
    [description] => Steel Bars
    [category_num] => 5001
    [category] => Construction Supplies
    [invoice_num] => 0000397080
    [store_name] => Handyman
    [amount] => 3258
    [payment_method] => Others
    [receipt_file] => 2handyman.jpg
    [receipt_tmp] => C:\xampp\tmp\phpA3FF.tmp
    [final_path] => ../receipts/project_expenses_files/2handyman.jpg
)

[28-Aug-2025 11:42:51 Europe/Berlin] PHP Fatal error:  Uncaught mysqli_sql_exception: Cannot add or update a child row: a foreign key constraint fails (`financial_management`.`payment_clients`, CONSTRAINT `forProject` FOREIGN KEY (`project_id`) REFERENCES `projects` (`project_id`) ON DELETE CASCADE ON UPDATE CASCADE) in C:\xampp\htdocs\Financial_Management\inner_pages\expense_logic.php:600
Stack trace:
#0 C:\xampp\htdocs\Financial_Management\inner_pages\expense_logic.php(600): mysqli_query(Object(mysqli), 'INSERT INTO pay...')
#1 {main}
  thrown in C:\xampp\htdocs\Financial_Management\inner_pages\expense_logic.php on line 600
[28-Aug-2025 11:43:49 Europe/Berlin] PHP Fatal error:  Uncaught mysqli_sql_exception: Cannot add or update a child row: a foreign key constraint fails (`financial_management`.`payment_clients`, CONSTRAINT `forProject` FOREIGN KEY (`project_id`) REFERENCES `projects` (`project_id`) ON DELETE CASCADE ON UPDATE CASCADE) in C:\xampp\htdocs\Financial_Management\inner_pages\expense_logic.php:600
Stack trace:
#0 C:\xampp\htdocs\Financial_Management\inner_pages\expense_logic.php(600): mysqli_query(Object(mysqli), 'INSERT INTO pay...')
#1 {main}
  thrown in C:\xampp\htdocs\Financial_Management\inner_pages\expense_logic.php on line 600
[28-Aug-2025 11:49:17 Europe/Berlin] PHP Fatal error:  Uncaught mysqli_sql_exception: Cannot add or update a child row: a foreign key constraint fails (`financial_management`.`payment_clients`, CONSTRAINT `forProject` FOREIGN KEY (`project_id`) REFERENCES `projects` (`project_id`) ON DELETE CASCADE ON UPDATE CASCADE) in C:\xampp\htdocs\Financial_Management\inner_pages\expense_logic.php:600
Stack trace:
#0 C:\xampp\htdocs\Financial_Management\inner_pages\expense_logic.php(600): mysqli_query(Object(mysqli), 'INSERT INTO pay...')
#1 {main}
  thrown in C:\xampp\htdocs\Financial_Management\inner_pages\expense_logic.php on line 600
[28-Aug-2025 11:52:04 Europe/Berlin] PHP Fatal error:  Uncaught mysqli_sql_exception: Cannot add or update a child row: a foreign key constraint fails (`financial_management`.`payment_clients`, CONSTRAINT `forProject` FOREIGN KEY (`project_id`) REFERENCES `projects` (`project_id`) ON DELETE CASCADE ON UPDATE CASCADE) in C:\xampp\htdocs\Financial_Management\inner_pages\expense_logic.php:600
Stack trace:
#0 C:\xampp\htdocs\Financial_Management\inner_pages\expense_logic.php(600): mysqli_query(Object(mysqli), 'INSERT INTO pay...')
#1 {main}
  thrown in C:\xampp\htdocs\Financial_Management\inner_pages\expense_logic.php on line 600
[28-Aug-2025 11:52:45 Europe/Berlin] PHP Fatal error:  Uncaught mysqli_sql_exception: Cannot add or update a child row: a foreign key constraint fails (`financial_management`.`payment_clients`, CONSTRAINT `forProject` FOREIGN KEY (`project_id`) REFERENCES `projects` (`project_id`) ON DELETE CASCADE ON UPDATE CASCADE) in C:\xampp\htdocs\Financial_Management\inner_pages\expense_logic.php:600
Stack trace:
#0 C:\xampp\htdocs\Financial_Management\inner_pages\expense_logic.php(600): mysqli_query(Object(mysqli), 'INSERT INTO pay...')
#1 {main}
  thrown in C:\xampp\htdocs\Financial_Management\inner_pages\expense_logic.php on line 600
[28-Aug-2025 11:55:04 Europe/Berlin] PHP Fatal error:  Uncaught mysqli_sql_exception: Cannot add or update a child row: a foreign key constraint fails (`financial_management`.`payment_clients`, CONSTRAINT `forProject` FOREIGN KEY (`project_id`) REFERENCES `projects` (`project_id`) ON DELETE CASCADE ON UPDATE CASCADE) in C:\xampp\htdocs\Financial_Management\inner_pages\expense_logic.php:600
Stack trace:
#0 C:\xampp\htdocs\Financial_Management\inner_pages\expense_logic.php(600): mysqli_query(Object(mysqli), 'INSERT INTO pay...')
#1 {main}
  thrown in C:\xampp\htdocs\Financial_Management\inner_pages\expense_logic.php on line 600
[28-Aug-2025 11:55:34 Europe/Berlin] PHP Fatal error:  Uncaught mysqli_sql_exception: Cannot add or update a child row: a foreign key constraint fails (`financial_management`.`payment_clients`, CONSTRAINT `forProject` FOREIGN KEY (`project_id`) REFERENCES `projects` (`project_id`) ON DELETE CASCADE ON UPDATE CASCADE) in C:\xampp\htdocs\Financial_Management\inner_pages\expense_logic.php:600
Stack trace:
#0 C:\xampp\htdocs\Financial_Management\inner_pages\expense_logic.php(600): mysqli_query(Object(mysqli), 'INSERT INTO pay...')
#1 {main}
  thrown in C:\xampp\htdocs\Financial_Management\inner_pages\expense_logic.php on line 600
[28-Aug-2025 12:01:46 Europe/Berlin] PHP Fatal error:  Uncaught mysqli_sql_exception: Cannot add or update a child row: a foreign key constraint fails (`financial_management`.`payment_clients`, CONSTRAINT `forProject` FOREIGN KEY (`project_id`) REFERENCES `projects` (`project_id`) ON DELETE CASCADE ON UPDATE CASCADE) in C:\xampp\htdocs\Financial_Management\inner_pages\expense_logic.php:600
Stack trace:
#0 C:\xampp\htdocs\Financial_Management\inner_pages\expense_logic.php(600): mysqli_query(Object(mysqli), 'INSERT INTO pay...')
#1 {main}
  thrown in C:\xampp\htdocs\Financial_Management\inner_pages\expense_logic.php on line 600
[28-Aug-2025 12:06:17 Europe/Berlin] PHP Fatal error:  Uncaught mysqli_sql_exception: Cannot add or update a child row: a foreign key constraint fails (`financial_management`.`payment_clients`, CONSTRAINT `forProject` FOREIGN KEY (`project_id`) REFERENCES `projects` (`project_id`) ON DELETE CASCADE ON UPDATE CASCADE) in C:\xampp\htdocs\Financial_Management\inner_pages\expense_logic.php:600
Stack trace:
#0 C:\xampp\htdocs\Financial_Management\inner_pages\expense_logic.php(600): mysqli_query(Object(mysqli), 'INSERT INTO pay...')
#1 {main}
  thrown in C:\xampp\htdocs\Financial_Management\inner_pages\expense_logic.php on line 600
[28-Aug-2025 14:21:37 Europe/Berlin] PHP Fatal error:  Uncaught mysqli_sql_exception: Cannot add or update a child row: a foreign key constraint fails (`financial_management`.`payment_clients`, CONSTRAINT `forProject` FOREIGN KEY (`project_id`) REFERENCES `projects` (`project_id`) ON DELETE CASCADE ON UPDATE CASCADE) in C:\xampp\htdocs\Financial_Management\inner_pages\expense_logic.php:600
Stack trace:
#0 C:\xampp\htdocs\Financial_Management\inner_pages\expense_logic.php(600): mysqli_query(Object(mysqli), 'INSERT INTO pay...')
#1 {main}
  thrown in C:\xampp\htdocs\Financial_Management\inner_pages\expense_logic.php on line 600
[28-Aug-2025 14:22:46 Europe/Berlin] PHP Fatal error:  Uncaught mysqli_sql_exception: Cannot add or update a child row: a foreign key constraint fails (`financial_management`.`payment_clients`, CONSTRAINT `forProject` FOREIGN KEY (`project_id`) REFERENCES `projects` (`project_id`) ON DELETE CASCADE ON UPDATE CASCADE) in C:\xampp\htdocs\Financial_Management\inner_pages\expense_logic.php:600
Stack trace:
#0 C:\xampp\htdocs\Financial_Management\inner_pages\expense_logic.php(600): mysqli_query(Object(mysqli), 'INSERT INTO pay...')
#1 {main}
  thrown in C:\xampp\htdocs\Financial_Management\inner_pages\expense_logic.php on line 600
[28-Aug-2025 14:41:03 Europe/Berlin] PHP Fatal error:  Uncaught mysqli_sql_exception: Cannot add or update a child row: a foreign key constraint fails (`financial_management`.`payment_clients`, CONSTRAINT `forProject` FOREIGN KEY (`project_id`) REFERENCES `projects` (`project_id`) ON DELETE CASCADE ON UPDATE CASCADE) in C:\xampp\htdocs\Financial_Management\inner_pages\expense_logic.php:600
Stack trace:
#0 C:\xampp\htdocs\Financial_Management\inner_pages\expense_logic.php(600): mysqli_query(Object(mysqli), 'INSERT INTO pay...')
#1 {main}
  thrown in C:\xampp\htdocs\Financial_Management\inner_pages\expense_logic.php on line 600
[28-Aug-2025 15:37:37 Europe/Berlin] Session data: Array
(
    [authenticated] => 1
    [auth_user] => Array
        (
            [id] => 119
            [name] => Maria K. Camposanto
            [email] => schoolcamposanto05@gmail.com
            [role] => admin
            [client_id] => 
            [company_id] => 1
        )

    [last_activity] => 1756388198
    [last_viewed_log_time] => 2147483647
)

[28-Aug-2025 15:37:37 Europe/Berlin] POST data: Array
(
    [expense_type] => project
    [date] => 2025-08-28
    [client_id] => 219
    [project_id] => project-213
    [main_project_id] => 213
    [addon_id] => 
    [item_name] => Array
        (
            [0] => Handsoap
            [1] => Bakal and Turnilyo
        )

    [store_name] => Array
        (
            [0] => Watsons
            [1] => Handyman
        )

    [category_num] => Array
        (
            [0] => 5001
            [1] => 5001
        )

    [amount] => Array
        (
            [0] => 850
            [1] => 1250
        )

    [payment_method] => Array
        (
            [0] => Cash
            [1] => Cash
        )

    [other_payment_method] => Array
        (
            [0] => 
            [1] => 
        )

    [invoice_num] => Array
        (
            [0] => 000123658
            [1] => 00009240
        )

    [save_batch_expense] => 1
    [validate_only] => 1
)

[28-Aug-2025 15:37:43 Europe/Berlin] Row 1 mismatch details: Array
(
    [candidates] => Array
        (
            [0] => Array
                (
                    [content] => Array
                        (
                            [parts] => Array
                                (
                                    [0] => Array
                                        (
                                            [text] => NO

The store listed in row 1 is "watsons", but the invoice number does not match. The OCR text has invoice number `0000097270`, but the expected invoice number from row 1 is `000123658`.

                                        )

                                )

                            [role] => model
                        )

                    [finishReason] => STOP
                    [avgLogprobs] => -0.39816072252062
                )

        )

    [usageMetadata] => Array
        (
            [promptTokenCount] => 645
            [candidatesTokenCount] => 63
            [totalTokenCount] => 708
            [promptTokensDetails] => Array
                (
                    [0] => Array
                        (
                            [modality] => TEXT
                            [tokenCount] => 645
                        )

                )

            [candidatesTokensDetails] => Array
                (
                    [0] => Array
                        (
                            [modality] => TEXT
                            [tokenCount] => 63
                        )

                )

        )

    [modelVersion] => gemini-2.0-flash
    [responseId] => p1uwaKqGA4zhz7IPoqaVgAQ
)

[28-Aug-2025 15:37:46 Europe/Berlin] Row 2 mismatch details: Array
(
    [candidates] => Array
        (
            [0] => Array
                (
                    [content] => Array
                        (
                            [parts] => Array
                                (
                                    [0] => Array
                                        (
                                            [text] => NO. The store name is "robinson's handyman" which is close but not an exact match for "handyman". Also, the invoice number is "0000397080" at the end of the text, not "00009240".

                                        )

                                )

                            [role] => model
                        )

                    [finishReason] => STOP
                    [avgLogprobs] => -0.35586729645729
                )

        )

    [usageMetadata] => Array
        (
            [promptTokenCount] => 561
            [candidatesTokenCount] => 64
            [totalTokenCount] => 625
            [promptTokensDetails] => Array
                (
                    [0] => Array
                        (
                            [modality] => TEXT
                            [tokenCount] => 561
                        )

                )

            [candidatesTokensDetails] => Array
                (
                    [0] => Array
                        (
                            [modality] => TEXT
                            [tokenCount] => 64
                        )

                )

        )

    [modelVersion] => gemini-2.0-flash
    [responseId] => qluwaPOFFbHqz7IPqcDdqQc
)

[28-Aug-2025 15:38:05 Europe/Berlin] Session data: Array
(
    [authenticated] => 1
    [auth_user] => Array
        (
            [id] => 119
            [name] => Maria K. Camposanto
            [email] => schoolcamposanto05@gmail.com
            [role] => admin
            [client_id] => 
            [company_id] => 1
        )

    [last_activity] => 1756388198
    [last_viewed_log_time] => 2147483647
)

[28-Aug-2025 15:38:05 Europe/Berlin] POST data: Array
(
    [expense_type] => project
    [date] => 2025-08-28
    [client_id] => 219
    [project_id] => project-213
    [main_project_id] => 213
    [addon_id] => 
    [item_name] => Array
        (
            [0] => Handsoap
            [1] => Bakal and Turnilyo
        )

    [store_name] => Array
        (
            [0] => Watsons
            [1] => Handyman
        )

    [category_num] => Array
        (
            [0] => 5001
            [1] => 5001
        )

    [amount] => Array
        (
            [0] => 850
            [1] => 1250
        )

    [payment_method] => Array
        (
            [0] => Cash
            [1] => Cash
        )

    [other_payment_method] => Array
        (
            [0] => 
            [1] => 
        )

    [invoice_num] => Array
        (
            [0] => 0000097270
            [1] => 0000397080
        )

    [save_batch_expense] => 1
    [validate_only] => 1
)

[28-Aug-2025 15:38:13 Europe/Berlin] Session data: Array
(
    [authenticated] => 1
    [auth_user] => Array
        (
            [id] => 119
            [name] => Maria K. Camposanto
            [email] => schoolcamposanto05@gmail.com
            [role] => admin
            [client_id] => 
            [company_id] => 1
        )

    [last_activity] => 1756388198
    [last_viewed_log_time] => 2147483647
)

[28-Aug-2025 15:38:13 Europe/Berlin] POST data: Array
(
    [expense_type] => project
    [date] => 2025-08-28
    [client_id] => 219
    [project_id] => project-213
    [main_project_id] => 213
    [addon_id] => 
    [item_name] => Array
        (
            [0] => Handsoap
            [1] => Bakal and Turnilyo
        )

    [store_name] => Array
        (
            [0] => Watsons
            [1] => Handyman
        )

    [category_num] => Array
        (
            [0] => 5001
            [1] => 5001
        )

    [amount] => Array
        (
            [0] => 850
            [1] => 1250
        )

    [payment_method] => Array
        (
            [0] => Cash
            [1] => Cash
        )

    [other_payment_method] => Array
        (
            [0] => 
            [1] => 
        )

    [invoice_num] => Array
        (
            [0] => 0000097270
            [1] => 0000397080
        )

    [save_batch_expense] => 1
    [validate_only] => 0
)

[28-Aug-2025 15:38:16 Europe/Berlin] Row to insert: Array
(
    [row_num] => 0
    [user_id] => 119
    [client] => 219
    [main_project_id] => 213
    [addon_id] => 
    [date] => 2025-08-28
    [description] => Handsoap
    [category_num] => 5001
    [category] => Construction Supplies
    [invoice_num] => 0000097270
    [store_name] => Watsons
    [amount] => 850
    [payment_method] => Cash
    [receipt_file] => TestNew1.jpg
    [receipt_tmp] => C:\xampp\tmp\phpFDD7.tmp
    [final_path] => ../receipts/project_expenses_files/TestNew1.jpg
)

[28-Aug-2025 15:38:16 Europe/Berlin] Row to insert: Array
(
    [row_num] => 1
    [user_id] => 119
    [client] => 219
    [main_project_id] => 213
    [addon_id] => 
    [date] => 2025-08-28
    [description] => Bakal and Turnilyo
    [category_num] => 5001
    [category] => Construction Supplies
    [invoice_num] => 0000397080
    [store_name] => Handyman
    [amount] => 1250
    [payment_method] => Cash
    [receipt_file] => 2handyman.jpg
    [receipt_tmp] => C:\xampp\tmp\phpFF3F.tmp
    [final_path] => ../receipts/project_expenses_files/2handyman.jpg
)

[29-Aug-2025 09:33:12 Europe/Berlin] PHP Warning:  Trying to access array offset on value of type null in C:\xampp\htdocs\Financial_Management\inner_pages\expense_logic.php on line 701
[29-Aug-2025 09:33:12 Europe/Berlin] Project  status: 'Ongoing'
[29-Aug-2025 09:33:33 Europe/Berlin] Project 213 status: 'Ongoing'
[29-Aug-2025 09:34:46 Europe/Berlin] Project 213 status: 'Ongoing'
[29-Aug-2025 09:40:35 Europe/Berlin] SQL: SELECT * FROM projects WHERE client_id = '219' AND LOWER(TRIM(project_status)) = 'ongoing'
[29-Aug-2025 09:40:35 Europe/Berlin] Num rows: 1
[29-Aug-2025 09:40:56 Europe/Berlin] SQL: SELECT * FROM projects WHERE client_id = '219' AND LOWER(TRIM(project_status)) = 'ongoing'
[29-Aug-2025 09:40:56 Europe/Berlin] Num rows: 1
[29-Aug-2025 09:41:43 Europe/Berlin] SQL: SELECT * FROM projects WHERE client_id = '219' AND LOWER(TRIM(project_status)) = 'ongoing'
[29-Aug-2025 09:41:43 Europe/Berlin] Num rows: 1
[29-Aug-2025 09:44:00 Europe/Berlin] SQL: SELECT * FROM projects WHERE client_id = '219' AND LOWER(TRIM(project_status)) = 'ongoing'
[29-Aug-2025 09:44:00 Europe/Berlin] Num rows: 1
[29-Aug-2025 10:03:21 Europe/Berlin] Session data: Array
(
    [authenticated] => 1
    [auth_user] => Array
        (
            [id] => 119
            [name] => Maria K. Camposanto
            [email] => schoolcamposanto05@gmail.com
            [role] => admin
            [client_id] => 
            [company_id] => 1
        )

    [last_activity] => 1756454593
)

[29-Aug-2025 10:03:21 Europe/Berlin] POST data: Array
(
    [expense_type] => project
    [date] => 2025-08-29
    [client_id] => 
    [main_project_id] => 
    [addon_id] => 
    [item_name] => Array
        (
            [0] => 
        )

    [store_name] => Array
        (
            [0] => 
        )

    [category_num] => Array
        (
            [0] => 
        )

    [amount] => Array
        (
            [0] => 
        )

    [payment_method] => Array
        (
            [0] => Select mode of payment
        )

    [other_payment_method] => Array
        (
            [0] => 
        )

    [invoice_num] => Array
        (
            [0] => 
        )

    [save_batch_expense] => 1
    [validate_only] => 1
)

[29-Aug-2025 15:49:14 Europe/Berlin] Session data: Array
(
    [authenticated] => 1
    [auth_user] => Array
        (
            [id] => 119
            [name] => Maria K. Camposanto
            [email] => schoolcamposanto05@gmail.com
            [role] => admin
            [client_id] => 
            [company_id] => 1
        )

    [last_activity] => 1756475294
)

[29-Aug-2025 15:49:14 Europe/Berlin] POST data: Array
(
    [expense_type] => project
    [date] => 2025-08-29
    [client_id] => 219
    [project_id] => project-213
    [main_project_id] => 213
    [addon_id] => 
    [item_name] => Array
        (
            [0] => Steel Bars
            [1] => PVC Pipes
        )

    [store_name] => Array
        (
            [0] => Maquiling Builders
            [1] => Maquiling Builders
        )

    [category_num] => Array
        (
            [0] => 5001
            [1] => 5001
        )

    [amount] => Array
        (
            [0] => 1250
            [1] => 3500
        )

    [payment_method] => Array
        (
            [0] => Cash
            [1] => Cash
        )

    [other_payment_method] => Array
        (
            [0] => 
            [1] => 
        )

    [invoice_num] => Array
        (
            [0] => 00002658
            [1] => 0000036598
        )

    [save_batch_expense] => 1
    [validate_only] => 1
)

[29-Aug-2025 15:49:18 Europe/Berlin] Row 1 mismatch details: Array
(
    [candidates] => Array
        (
            [0] => Array
                (
                    [content] => Array
                        (
                            [parts] => Array
                                (
                                    [0] => Array
                                        (
                                            [text] => NO

The store name "maquiling builders" matches. However, the invoice number "00002658" does not appear in the OCR text. The invoice number on the receipt appears to be "0000000062291" which is very different from the target invoice number.

                                        )

                                )

                            [role] => model
                        )

                    [finishReason] => STOP
                    [avgLogprobs] => -0.2820431077984
                )

        )

    [usageMetadata] => Array
        (
            [promptTokenCount] => 679
            [candidatesTokenCount] => 71
            [totalTokenCount] => 750
            [promptTokensDetails] => Array
                (
                    [0] => Array
                        (
                            [modality] => TEXT
                            [tokenCount] => 679
                        )

                )

            [candidatesTokensDetails] => Array
                (
                    [0] => Array
                        (
                            [modality] => TEXT
                            [tokenCount] => 71
                        )

                )

        )

    [modelVersion] => gemini-2.0-flash
    [responseId] => 36-xaMiHKpSLmtkPouWR6As
)

[29-Aug-2025 15:49:21 Europe/Berlin] Row 2 mismatch details: Array
(
    [candidates] => Array
        (
            [0] => Array
                (
                    [content] => Array
                        (
                            [parts] => Array
                                (
                                    [0] => Array
                                        (
                                            [text] => NO.

*   **Store:** The store name in the OCR text is "hardware ace hardware philippines", which does not match "maquiling builders".
*   **Invoice #:** The invoice number in the OCR text is "oo00rz033" (likely an OCR error for 000015580), which does not match "000036598".
                                        )

                                )

                            [role] => model
                        )

                    [finishReason] => STOP
                    [avgLogprobs] => -0.26678494973616
                )

        )

    [usageMetadata] => Array
        (
            [promptTokenCount] => 570
            [candidatesTokenCount] => 88
            [totalTokenCount] => 658
            [promptTokensDetails] => Array
                (
                    [0] => Array
                        (
                            [modality] => TEXT
                            [tokenCount] => 570
                        )

                )

            [candidatesTokensDetails] => Array
                (
                    [0] => Array
                        (
                            [modality] => TEXT
                            [tokenCount] => 88
                        )

                )

        )

    [modelVersion] => gemini-2.0-flash
    [responseId] => 4q-xaP73CNPpqtsPnfvW6Qk
)

[29-Aug-2025 15:49:52 Europe/Berlin] Session data: Array
(
    [authenticated] => 1
    [auth_user] => Array
        (
            [id] => 119
            [name] => Maria K. Camposanto
            [email] => schoolcamposanto05@gmail.com
            [role] => admin
            [client_id] => 
            [company_id] => 1
        )

    [last_activity] => 1756475294
)

[29-Aug-2025 15:49:52 Europe/Berlin] POST data: Array
(
    [expense_type] => project
    [date] => 2025-08-29
    [client_id] => 219
    [project_id] => project-213
    [main_project_id] => 213
    [addon_id] => 
    [item_name] => Array
        (
            [0] => Steel Bars
            [1] => PVC Pipes
        )

    [store_name] => Array
        (
            [0] => Maquiling Builders
            [1] => Ace Hardware
        )

    [category_num] => Array
        (
            [0] => 5001
            [1] => 5001
        )

    [amount] => Array
        (
            [0] => 1250
            [1] => 3500
        )

    [payment_method] => Array
        (
            [0] => Cash
            [1] => Cash
        )

    [other_payment_method] => Array
        (
            [0] => 
            [1] => 
        )

    [invoice_num] => Array
        (
            [0] => 00002658
            [1] => 033
        )

    [save_batch_expense] => 1
    [validate_only] => 1
)

[29-Aug-2025 15:49:56 Europe/Berlin] Row 1 mismatch details: Array
(
    [candidates] => Array
        (
            [0] => Array
                (
                    [content] => Array
                        (
                            [parts] => Array
                                (
                                    [0] => Array
                                        (
                                            [text] => NO. 

The store name in the provided text is "maquiling builders". This matches the given store name, "maquiling builders".
However, the Invoice # in the provided text is "0000000062291", but the prompt says it should be "00002658". The invoice numbers do not match.

                                        )

                                )

                            [role] => model
                        )

                    [finishReason] => STOP
                    [avgLogprobs] => -0.47797133282917
                )

        )

    [usageMetadata] => Array
        (
            [promptTokenCount] => 679
            [candidatesTokenCount] => 82
            [totalTokenCount] => 761
            [promptTokensDetails] => Array
                (
                    [0] => Array
                        (
                            [modality] => TEXT
                            [tokenCount] => 679
                        )

                )

            [candidatesTokensDetails] => Array
                (
                    [0] => Array
                        (
                            [modality] => TEXT
                            [tokenCount] => 82
                        )

                )

        )

    [modelVersion] => gemini-2.0-flash
    [responseId] => BbCxaPegGda2mtkP3Mjp4As
)

[29-Aug-2025 15:50:11 Europe/Berlin] Session data: Array
(
    [authenticated] => 1
    [auth_user] => Array
        (
            [id] => 119
            [name] => Maria K. Camposanto
            [email] => schoolcamposanto05@gmail.com
            [role] => admin
            [client_id] => 
            [company_id] => 1
        )

    [last_activity] => 1756475294
)

[29-Aug-2025 15:50:11 Europe/Berlin] POST data: Array
(
    [expense_type] => project
    [date] => 2025-08-29
    [client_id] => 219
    [project_id] => project-213
    [main_project_id] => 213
    [addon_id] => 
    [item_name] => Array
        (
            [0] => Steel Bars
            [1] => PVC Pipes
        )

    [store_name] => Array
        (
            [0] => Maquiling Builders
            [1] => Ace Hardware
        )

    [category_num] => Array
        (
            [0] => 5001
            [1] => 5001
        )

    [amount] => Array
        (
            [0] => 1250
            [1] => 3500
        )

    [payment_method] => Array
        (
            [0] => Cash
            [1] => Cash
        )

    [other_payment_method] => Array
        (
            [0] => 
            [1] => 
        )

    [invoice_num] => Array
        (
            [0] => 0000000062291
            [1] => 033
        )

    [save_batch_expense] => 1
    [validate_only] => 1
)

[29-Aug-2025 15:50:17 Europe/Berlin] Session data: Array
(
    [authenticated] => 1
    [auth_user] => Array
        (
            [id] => 119
            [name] => Maria K. Camposanto
            [email] => schoolcamposanto05@gmail.com
            [role] => admin
            [client_id] => 
            [company_id] => 1
        )

    [last_activity] => 1756475294
)

[29-Aug-2025 15:50:17 Europe/Berlin] POST data: Array
(
    [expense_type] => project
    [date] => 2025-08-29
    [client_id] => 219
    [project_id] => project-213
    [main_project_id] => 213
    [addon_id] => 
    [item_name] => Array
        (
            [0] => Steel Bars
            [1] => PVC Pipes
        )

    [store_name] => Array
        (
            [0] => Maquiling Builders
            [1] => Ace Hardware
        )

    [category_num] => Array
        (
            [0] => 5001
            [1] => 5001
        )

    [amount] => Array
        (
            [0] => 1250
            [1] => 3500
        )

    [payment_method] => Array
        (
            [0] => Cash
            [1] => Cash
        )

    [other_payment_method] => Array
        (
            [0] => 
            [1] => 
        )

    [invoice_num] => Array
        (
            [0] => 0000000062291
            [1] => 033
        )

    [save_batch_expense] => 1
    [validate_only] => 0
)

[29-Aug-2025 15:50:20 Europe/Berlin] Row to insert: Array
(
    [row_num] => 0
    [user_id] => 119
    [client] => 219
    [main_project_id] => 213
    [addon_id] => 
    [date] => 2025-08-29
    [description] => Steel Bars
    [category_num] => 5001
    [category] => Construction Supplies
    [invoice_num] => 0000000062291
    [store_name] => Maquiling Builders
    [amount] => 1250
    [payment_method] => Cash
    [receipt_file] => New_Receipt1.jpg
    [receipt_tmp] => C:\xampp\tmp\php661C.tmp
    [final_path] => ../receipts/project_expenses_files/New_Receipt1.jpg
)

[29-Aug-2025 15:50:20 Europe/Berlin] Row to insert: Array
(
    [row_num] => 1
    [user_id] => 119
    [client] => 219
    [main_project_id] => 213
    [addon_id] => 
    [date] => 2025-08-29
    [description] => PVC Pipes
    [category_num] => 5001
    [category] => Construction Supplies
    [invoice_num] => 033
    [store_name] => Ace Hardware
    [amount] => 3500
    [payment_method] => Cash
    [receipt_file] => test2 - Copy.jpg
    [receipt_tmp] => C:\xampp\tmp\php6737.tmp
    [final_path] => ../receipts/project_expenses_files/test2 - Copy.jpg
)

[01-Sep-2025 11:47:17 Europe/Berlin] PHP Fatal error:  Uncaught mysqli_sql_exception: You have an error in your SQL syntax; check the manual that corresponds to your MariaDB server version for the right syntax to use near 's Handyman, Ing.', '3525', 'Card', 'smm.jpg')' at line 2 in C:\xampp\htdocs\Financial_Management\inner_pages\expense_logic.php:92
Stack trace:
#0 C:\xampp\htdocs\Financial_Management\inner_pages\expense_logic.php(92): mysqli_query(Object(mysqli), 'INSERT INTO exp...')
#1 {main}
  thrown in C:\xampp\htdocs\Financial_Management\inner_pages\expense_logic.php on line 92
[01-Sep-2025 11:47:31 Europe/Berlin] PHP Fatal error:  Uncaught mysqli_sql_exception: You have an error in your SQL syntax; check the manual that corresponds to your MariaDB server version for the right syntax to use near 's Handyman, Ing.', '3525', 'Card', 'smm.jpg')' at line 2 in C:\xampp\htdocs\Financial_Management\inner_pages\expense_logic.php:92
Stack trace:
#0 C:\xampp\htdocs\Financial_Management\inner_pages\expense_logic.php(92): mysqli_query(Object(mysqli), 'INSERT INTO exp...')
#1 {main}
  thrown in C:\xampp\htdocs\Financial_Management\inner_pages\expense_logic.php on line 92
[01-Sep-2025 17:10:58 Europe/Berlin] Session data: Array
(
    [authenticated] => 1
    [auth_user] => Array
        (
            [id] => 119
            [name] => Kamila Kabelow Camposaint
            [email] => schoolcamposanto05@gmail.com
            [role] => admin
            [client_id] => 
            [company_id] => 1
        )

    [last_activity] => 1756739404
    [last_viewed_log_time] => 2025-09-01 22:50:30
    [selected_project_id] => 213
)

[01-Sep-2025 17:10:58 Europe/Berlin] POST data: Array
(
    [expense_type] => project
    [date] => 2025-09-01
    [client_id] => 219
    [project_id] => project-213
    [main_project_id] => 213
    [addon_id] => 
    [item_name] => Array
        (
            [0] => Steel Bars
        )

    [store_name] => Array
        (
            [0] => JMC Trading
        )

    [category_num] => Array
        (
            [0] => 5001
        )

    [amount] => Array
        (
            [0] => 4589
        )

    [payment_method] => Array
        (
            [0] => Cash
        )

    [other_payment_method] => Array
        (
            [0] => 
        )

    [invoice_num] => Array
        (
            [0] => 000012365
        )

    [save_batch_expense] => 1
    [validate_only] => 1
)

[01-Sep-2025 17:11:06 Europe/Berlin] Row 1 mismatch details: Array
(
    [candidates] => Array
        (
            [0] => Array
                (
                    [content] => Array
                        (
                            [parts] => Array
                                (
                                    [0] => Array
                                        (
                                            [text] => NO. The store name "jmc trading" does not match the store name on the receipt, "maquiling builders opt by: naquiling hardware lumber". Additionally, the invoice number "000012365" does not match the invoice number on the receipt "0000000082219".

                                        )

                                )

                            [role] => model
                        )

                    [finishReason] => STOP
                    [avgLogprobs] => -0.1473147837321
                )

        )

    [usageMetadata] => Array
        (
            [promptTokenCount] => 944
            [candidatesTokenCount] => 75
            [totalTokenCount] => 1019
            [promptTokensDetails] => Array
                (
                    [0] => Array
                        (
                            [modality] => TEXT
                            [tokenCount] => 944
                        )

                )

            [candidatesTokensDetails] => Array
                (
                    [0] => Array
                        (
                            [modality] => TEXT
                            [tokenCount] => 75
                        )

                )

        )

    [modelVersion] => gemini-2.0-flash
    [responseId] => ibe1aNLgAqCfz7IP08TF-Ak
)

[01-Sep-2025 17:11:20 Europe/Berlin] Session data: Array
(
    [authenticated] => 1
    [auth_user] => Array
        (
            [id] => 119
            [name] => Kamila Kabelow Camposaint
            [email] => schoolcamposanto05@gmail.com
            [role] => admin
            [client_id] => 
            [company_id] => 1
        )

    [last_activity] => 1756739404
    [last_viewed_log_time] => 2025-09-01 22:50:30
    [selected_project_id] => 213
)

[01-Sep-2025 17:11:20 Europe/Berlin] POST data: Array
(
    [expense_type] => project
    [date] => 2025-09-01
    [client_id] => 219
    [project_id] => project-213
    [main_project_id] => 213
    [addon_id] => 
    [item_name] => Array
        (
            [0] => Steel Bars's
        )

    [store_name] => Array
        (
            [0] => JMC Trading
        )

    [category_num] => Array
        (
            [0] => 5001
        )

    [amount] => Array
        (
            [0] => 4589
        )

    [payment_method] => Array
        (
            [0] => Cash
        )

    [other_payment_method] => Array
        (
            [0] => 
        )

    [invoice_num] => Array
        (
            [0] => 000012365
        )

    [save_batch_expense] => 1
    [validate_only] => 1
)

[01-Sep-2025 17:11:26 Europe/Berlin] Row 1 mismatch details: Array
(
    [candidates] => Array
        (
            [0] => Array
                (
                    [content] => Array
                        (
                            [parts] => Array
                                (
                                    [0] => Array
                                        (
                                            [text] => NO. 

- **Store:** The store name in the provided text is "maquiling builders". This does not match the target store "jmc trading".
- **Invoice #:** The invoice number in the provided text is "0000000082219". This does not match the target invoice number "000012365".

                                        )

                                )

                            [role] => model
                        )

                    [finishReason] => STOP
                    [avgLogprobs] => -0.21183574630553
                )

        )

    [usageMetadata] => Array
        (
            [promptTokenCount] => 944
            [candidatesTokenCount] => 83
            [totalTokenCount] => 1027
            [promptTokensDetails] => Array
                (
                    [0] => Array
                        (
                            [modality] => TEXT
                            [tokenCount] => 944
                        )

                )

            [candidatesTokensDetails] => Array
                (
                    [0] => Array
                        (
                            [modality] => TEXT
                            [tokenCount] => 83
                        )

                )

        )

    [modelVersion] => gemini-2.0-flash
    [responseId] => nLe1aPDrLujUz7IPz_Wk-QE
)

[01-Sep-2025 17:11:40 Europe/Berlin] Session data: Array
(
    [authenticated] => 1
    [auth_user] => Array
        (
            [id] => 119
            [name] => Kamila Kabelow Camposaint
            [email] => schoolcamposanto05@gmail.com
            [role] => admin
            [client_id] => 
            [company_id] => 1
        )

    [last_activity] => 1756739404
    [last_viewed_log_time] => 2025-09-01 22:50:30
    [selected_project_id] => 213
)

[01-Sep-2025 17:11:40 Europe/Berlin] POST data: Array
(
    [expense_type] => project
    [date] => 2025-09-01
    [client_id] => 219
    [project_id] => project-213
    [main_project_id] => 213
    [addon_id] => 
    [item_name] => Array
        (
            [0] => Steel Bars's
        )

    [store_name] => Array
        (
            [0] => Maquiling Builders
        )

    [category_num] => Array
        (
            [0] => 5001
        )

    [amount] => Array
        (
            [0] => 4589
        )

    [payment_method] => Array
        (
            [0] => Cash
        )

    [other_payment_method] => Array
        (
            [0] => 
        )

    [invoice_num] => Array
        (
            [0] => 0000000082219
        )

    [save_batch_expense] => 1
    [validate_only] => 1
)

[01-Sep-2025 17:11:47 Europe/Berlin] Session data: Array
(
    [authenticated] => 1
    [auth_user] => Array
        (
            [id] => 119
            [name] => Kamila Kabelow Camposaint
            [email] => schoolcamposanto05@gmail.com
            [role] => admin
            [client_id] => 
            [company_id] => 1
        )

    [last_activity] => 1756739404
    [last_viewed_log_time] => 2025-09-01 22:50:30
    [selected_project_id] => 213
)

[01-Sep-2025 17:11:47 Europe/Berlin] POST data: Array
(
    [expense_type] => project
    [date] => 2025-09-01
    [client_id] => 219
    [project_id] => project-213
    [main_project_id] => 213
    [addon_id] => 
    [item_name] => Array
        (
            [0] => Steel Bars's
        )

    [store_name] => Array
        (
            [0] => Maquiling Builders
        )

    [category_num] => Array
        (
            [0] => 5001
        )

    [amount] => Array
        (
            [0] => 4589
        )

    [payment_method] => Array
        (
            [0] => Cash
        )

    [other_payment_method] => Array
        (
            [0] => 
        )

    [invoice_num] => Array
        (
            [0] => 0000000082219
        )

    [save_batch_expense] => 1
    [validate_only] => 0
)

[01-Sep-2025 17:11:50 Europe/Berlin] Row to insert: Array
(
    [row_num] => 0
    [user_id] => 119
    [client] => 219
    [main_project_id] => 213
    [addon_id] => 
    [date] => 2025-09-01
    [description] => Steel Bars's
    [category_num] => 5001
    [category] => Construction Supplies
    [invoice_num] => 0000000082219
    [store_name] => Maquiling Builders
    [amount] => 4589
    [payment_method] => Cash
    [receipt_file] => New_Receipt3.jpg
    [receipt_tmp] => C:\xampp\tmp\phpA26.tmp
    [final_path] => ../receipts/project_expenses_files/New_Receipt3.jpg
)

[05-Sep-2025 05:41:46 Europe/Berlin] Session data: Array
(
    [authenticated] => 1
    [auth_user] => Array
        (
            [id] => 119
            [name] => Kamila Kabelow Camposaint
            [email] => schoolcamposanto05@gmail.com
            [role] => admin
            [client_id] => 
            [company_id] => 1
        )

    [last_activity] => 1757043474
)

[05-Sep-2025 05:41:46 Europe/Berlin] POST data: Array
(
    [expense_type] => project
    [date] => 2025-09-05
    [client_id] => 219
    [project_id] => addon-23
    [main_project_id] => 213
    [addon_id] => 23
    [item_name] => Array
        (
            [0] => Lunch Meal
        )

    [store_name] => Array
        (
            [0] => Jollibee Turbina
        )

    [category_num] => Array
        (
            [0] => 5005
        )

    [amount] => Array
        (
            [0] => 589
        )

    [payment_method] => Array
        (
            [0] => Cash
        )

    [other_payment_method] => Array
        (
            [0] => 
        )

    [invoice_num] => Array
        (
            [0] => 000-0006549
        )

    [save_batch_expense] => 1
    [validate_only] => 1
)

[05-Sep-2025 05:41:50 Europe/Berlin] Row 1 mismatch details: Array
(
    [candidates] => Array
        (
            [0] => Array
                (
                    [content] => Array
                        (
                            [parts] => Array
                                (
                                    [0] => Array
                                        (
                                            [text] => NO. The store is "jollibee turbina" but the receipt shows "uptown mall 36th st., fort bonifacio city of taguig". The invoice number "000-0006549" matches the receipt's invoice no "000-0006549".

                                        )

                                )

                            [role] => model
                        )

                    [finishReason] => STOP
                    [avgLogprobs] => -0.27078359420985
                )

        )

    [usageMetadata] => Array
        (
            [promptTokenCount] => 505
            [candidatesTokenCount] => 73
            [totalTokenCount] => 578
            [promptTokensDetails] => Array
                (
                    [0] => Array
                        (
                            [modality] => TEXT
                            [tokenCount] => 505
                        )

                )

            [candidatesTokensDetails] => Array
                (
                    [0] => Array
                        (
                            [modality] => TEXT
                            [tokenCount] => 73
                        )

                )

        )

    [modelVersion] => gemini-2.0-flash
    [responseId] => _lu6aOTyDebQz7IP4K_CmA0
)

[05-Sep-2025 05:42:33 Europe/Berlin] Session data: Array
(
    [authenticated] => 1
    [auth_user] => Array
        (
            [id] => 119
            [name] => Kamila Kabelow Camposaint
            [email] => schoolcamposanto05@gmail.com
            [role] => admin
            [client_id] => 
            [company_id] => 1
        )

    [last_activity] => 1757043474
)

[05-Sep-2025 05:42:33 Europe/Berlin] POST data: Array
(
    [expense_type] => project
    [date] => 2025-09-05
    [client_id] => 219
    [project_id] => addon-23
    [main_project_id] => 213
    [addon_id] => 23
    [item_name] => Array
        (
            [0] => Lunch Meal
        )

    [store_name] => Array
        (
            [0] => Banvie Food
        )

    [category_num] => Array
        (
            [0] => 5005
        )

    [amount] => Array
        (
            [0] => 589
        )

    [payment_method] => Array
        (
            [0] => Cash
        )

    [other_payment_method] => Array
        (
            [0] => 
        )

    [invoice_num] => Array
        (
            [0] => 000-0006549
        )

    [save_batch_expense] => 1
    [validate_only] => 1
)

[05-Sep-2025 05:43:34 Europe/Berlin] Session data: Array
(
    [authenticated] => 1
    [auth_user] => Array
        (
            [id] => 119
            [name] => Kamila Kabelow Camposaint
            [email] => schoolcamposanto05@gmail.com
            [role] => admin
            [client_id] => 
            [company_id] => 1
        )

    [last_activity] => 1757043776
)

[05-Sep-2025 05:43:34 Europe/Berlin] POST data: Array
(
    [expense_type] => project
    [date] => 2025-09-05
    [client_id] => 
    [main_project_id] => 
    [addon_id] => 
    [item_name] => Array
        (
            [0] => Coffee
        )

    [store_name] => Array
        (
            [0] => Banvie Food Inc
        )

    [category_num] => Array
        (
            [0] => 5005
        )

    [amount] => Array
        (
            [0] => 170
        )

    [payment_method] => Array
        (
            [0] => Cash
        )

    [other_payment_method] => Array
        (
            [0] => 
        )

    [invoice_num] => Array
        (
            [0] => 0006549
        )

    [save_batch_expense] => 1
    [validate_only] => 1
)

[05-Sep-2025 05:43:36 Europe/Berlin] Row 1 mismatch details: Array
(
    [candidates] => Array
        (
            [0] => Array
                (
                    [content] => Array
                        (
                            [parts] => Array
                                (
                                    [0] => Array
                                        (
                                            [text] => NO

The store name in the OCR text "banyie food inc" does not match the store name "banvie food inc". The invoice number "000-0006549" does not match the invoice number "0006549".

                                        )

                                )

                            [role] => model
                        )

                    [finishReason] => STOP
                    [avgLogprobs] => -0.15887381235758
                )

        )

    [usageMetadata] => Array
        (
            [promptTokenCount] => 500
            [candidatesTokenCount] => 60
            [totalTokenCount] => 560
            [promptTokensDetails] => Array
                (
                    [0] => Array
                        (
                            [modality] => TEXT
                            [tokenCount] => 500
                        )

                )

            [candidatesTokensDetails] => Array
                (
                    [0] => Array
                        (
                            [modality] => TEXT
                            [tokenCount] => 60
                        )

                )

        )

    [modelVersion] => gemini-2.0-flash
    [responseId] => aFy6aKbsEp7nz7IPwKK82Qw
)

[05-Sep-2025 05:43:46 Europe/Berlin] Session data: Array
(
    [authenticated] => 1
    [auth_user] => Array
        (
            [id] => 119
            [name] => Kamila Kabelow Camposaint
            [email] => schoolcamposanto05@gmail.com
            [role] => admin
            [client_id] => 
            [company_id] => 1
        )

    [last_activity] => 1757043776
)

[05-Sep-2025 05:43:46 Europe/Berlin] POST data: Array
(
    [expense_type] => project
    [date] => 2025-09-05
    [client_id] => 
    [main_project_id] => 
    [addon_id] => 
    [item_name] => Array
        (
            [0] => Coffee
        )

    [store_name] => Array
        (
            [0] => Banvie Food Inc
        )

    [category_num] => Array
        (
            [0] => 5005
        )

    [amount] => Array
        (
            [0] => 170
        )

    [payment_method] => Array
        (
            [0] => Cash
        )

    [other_payment_method] => Array
        (
            [0] => 
        )

    [invoice_num] => Array
        (
            [0] => 0006549
        )

    [save_batch_expense] => 1
    [validate_only] => 1
)

[05-Sep-2025 05:43:48 Europe/Berlin] Row 1 mismatch details: Array
(
    [candidates] => Array
        (
            [0] => Array
                (
                    [content] => Array
                        (
                            [parts] => Array
                                (
                                    [0] => Array
                                        (
                                            [text] => NO. The store name "banvie food inc" matches, but the invoice number is "000-0006549" in the OCR text, which differs from "0006549".

                                        )

                                )

                            [role] => model
                        )

                    [finishReason] => STOP
                    [avgLogprobs] => -0.21253941983593
                )

        )

    [usageMetadata] => Array
        (
            [promptTokenCount] => 500
            [candidatesTokenCount] => 49
            [totalTokenCount] => 549
            [promptTokensDetails] => Array
                (
                    [0] => Array
                        (
                            [modality] => TEXT
                            [tokenCount] => 500
                        )

                )

            [candidatesTokensDetails] => Array
                (
                    [0] => Array
                        (
                            [modality] => TEXT
                            [tokenCount] => 49
                        )

                )

        )

    [modelVersion] => gemini-2.0-flash
    [responseId] => dFy6aOq9EubQz7IP4K_CmA0
)

[05-Sep-2025 05:43:54 Europe/Berlin] Session data: Array
(
    [authenticated] => 1
    [auth_user] => Array
        (
            [id] => 119
            [name] => Kamila Kabelow Camposaint
            [email] => schoolcamposanto05@gmail.com
            [role] => admin
            [client_id] => 
            [company_id] => 1
        )

    [last_activity] => 1757043776
)

[05-Sep-2025 05:43:54 Europe/Berlin] POST data: Array
(
    [expense_type] => project
    [date] => 2025-09-05
    [client_id] => 
    [main_project_id] => 
    [addon_id] => 
    [item_name] => Array
        (
            [0] => Coffee
        )

    [store_name] => Array
        (
            [0] => Banvie Food Inc
        )

    [category_num] => Array
        (
            [0] => 5005
        )

    [amount] => Array
        (
            [0] => 170
        )

    [payment_method] => Array
        (
            [0] => Cash
        )

    [other_payment_method] => Array
        (
            [0] => 
        )

    [invoice_num] => Array
        (
            [0] => 000-0006549
        )

    [save_batch_expense] => 1
    [validate_only] => 1
)

[05-Sep-2025 05:44:14 Europe/Berlin] Session data: Array
(
    [authenticated] => 1
    [auth_user] => Array
        (
            [id] => 119
            [name] => Kamila Kabelow Camposaint
            [email] => schoolcamposanto05@gmail.com
            [role] => admin
            [client_id] => 
            [company_id] => 1
        )

    [last_activity] => 1757043776
)

[05-Sep-2025 05:44:14 Europe/Berlin] POST data: Array
(
    [expense_type] => project
    [date] => 2025-09-05
    [client_id] => 219
    [project_id] => addon-23
    [main_project_id] => 213
    [addon_id] => 23
    [item_name] => Array
        (
            [0] => Coffee
        )

    [store_name] => Array
        (
            [0] => Banvie Food Inc
        )

    [category_num] => Array
        (
            [0] => 5005
        )

    [amount] => Array
        (
            [0] => 170
        )

    [payment_method] => Array
        (
            [0] => Cash
        )

    [other_payment_method] => Array
        (
            [0] => 
        )

    [invoice_num] => Array
        (
            [0] => 000-0006549
        )

    [save_batch_expense] => 1
    [validate_only] => 1
)

[05-Sep-2025 05:44:18 Europe/Berlin] Session data: Array
(
    [authenticated] => 1
    [auth_user] => Array
        (
            [id] => 119
            [name] => Kamila Kabelow Camposaint
            [email] => schoolcamposanto05@gmail.com
            [role] => admin
            [client_id] => 
            [company_id] => 1
        )

    [last_activity] => 1757043776
)

[05-Sep-2025 05:44:18 Europe/Berlin] POST data: Array
(
    [expense_type] => project
    [date] => 2025-09-05
    [client_id] => 219
    [project_id] => addon-23
    [main_project_id] => 213
    [addon_id] => 23
    [item_name] => Array
        (
            [0] => Coffee
        )

    [store_name] => Array
        (
            [0] => Banvie Food Inc
        )

    [category_num] => Array
        (
            [0] => 5005
        )

    [amount] => Array
        (
            [0] => 170
        )

    [payment_method] => Array
        (
            [0] => Cash
        )

    [other_payment_method] => Array
        (
            [0] => 
        )

    [invoice_num] => Array
        (
            [0] => 000-0006549
        )

    [save_batch_expense] => 1
    [validate_only] => 0
)

[05-Sep-2025 05:44:21 Europe/Berlin] Row to insert: Array
(
    [row_num] => 0
    [user_id] => 119
    [client] => 219
    [main_project_id] => 213
    [addon_id] => 23
    [date] => 2025-09-05
    [description] => Coffee
    [category_num] => 5005
    [category] => Food
    [invoice_num] => 000-0006549
    [store_name] => Banvie Food Inc
    [amount] => 170
    [payment_method] => Cash
    [receipt_file] => Testing.jpg
    [receipt_tmp] => C:\xampp\tmp\php128B.tmp
    [final_path] => ../receipts/project_expenses_files/Testing.jpg
)

[06-Sep-2025 05:57:20 Europe/Berlin] Session data: Array
(
    [authenticated] => 1
    [auth_user] => Array
        (
            [id] => 119
            [name] => Kamila Kabelow Camposaint
            [email] => schoolcamposanto05@gmail.com
            [role] => admin
            [client_id] => 
            [company_id] => 1
        )

    [last_activity] => 1757130891
)

[06-Sep-2025 05:57:20 Europe/Berlin] POST data: Array
(
    [expense_type] => project
    [date] => 2025-09-06
    [client_id] => 215
    [project_id] => project-1
    [main_project_id] => 1
    [addon_id] => 
    [item_name] => Array
        (
            [0] => PVC Pipes
            [1] => Coffee 
        )

    [store_name] => Array
        (
            [0] => All Toys
            [1] => Krispy Kreme
        )

    [category_num] => Array
        (
            [0] => 5001
            [1] => 5005
        )

    [amount] => Array
        (
            [0] => 8236
            [1] => 675
        )

    [payment_method] => Array
        (
            [0] => Cash
            [1] => Cash
        )

    [other_payment_method] => Array
        (
            [0] => 
            [1] => 
        )

    [invoice_num] => Array
        (
            [0] => 0000044142
            [1] => 200404700
        )

    [save_batch_expense] => 1
    [validate_only] => 1
)

[06-Sep-2025 05:57:46 Europe/Berlin] Session data: Array
(
    [authenticated] => 1
    [auth_user] => Array
        (
            [id] => 119
            [name] => Kamila Kabelow Camposaint
            [email] => schoolcamposanto05@gmail.com
            [role] => admin
            [client_id] => 
            [company_id] => 1
        )

    [last_activity] => 1757130891
)

[06-Sep-2025 05:57:46 Europe/Berlin] POST data: Array
(
    [expense_type] => project
    [date] => 2025-09-06
    [client_id] => 215
    [project_id] => project-1
    [main_project_id] => 1
    [addon_id] => 
    [item_name] => Array
        (
            [0] => PVC Pipes
            [1] => Coffee 
        )

    [store_name] => Array
        (
            [0] => All Toys
            [1] => Krispy Kreme
        )

    [category_num] => Array
        (
            [0] => 5001
            [1] => 5005
        )

    [amount] => Array
        (
            [0] => 8236
            [1] => 675
        )

    [payment_method] => Array
        (
            [0] => Cash
            [1] => Cash
        )

    [other_payment_method] => Array
        (
            [0] => 
            [1] => 
        )

    [invoice_num] => Array
        (
            [0] => 0000044142
            [1] => 200404700
        )

    [save_batch_expense] => 1
    [validate_only] => 1
)

[06-Sep-2025 05:57:58 Europe/Berlin] Session data: Array
(
    [authenticated] => 1
    [auth_user] => Array
        (
            [id] => 119
            [name] => Kamila Kabelow Camposaint
            [email] => schoolcamposanto05@gmail.com
            [role] => admin
            [client_id] => 
            [company_id] => 1
        )

    [last_activity] => 1757130891
)

[06-Sep-2025 05:57:58 Europe/Berlin] POST data: Array
(
    [expense_type] => project
    [date] => 2025-09-06
    [client_id] => 215
    [project_id] => project-1
    [main_project_id] => 1
    [addon_id] => 
    [item_name] => Array
        (
            [0] => PVC Pipes
            [1] => Coffee 
        )

    [store_name] => Array
        (
            [0] => All Toys
            [1] => Krispy Kreme
        )

    [category_num] => Array
        (
            [0] => 5001
            [1] => 5005
        )

    [amount] => Array
        (
            [0] => 8236
            [1] => 675
        )

    [payment_method] => Array
        (
            [0] => Cash
            [1] => Cash
        )

    [other_payment_method] => Array
        (
            [0] => 
            [1] => 
        )

    [invoice_num] => Array
        (
            [0] => 0000044142
            [1] => 200404700
        )

    [save_batch_expense] => 1
    [validate_only] => 0
)

[06-Sep-2025 05:58:05 Europe/Berlin] Row to insert: Array
(
    [row_num] => 0
    [user_id] => 119
    [client] => 215
    [main_project_id] => 1
    [addon_id] => 
    [date] => 2025-09-06
    [description] => PVC Pipes
    [category_num] => 5001
    [category] => Construction Supplies
    [invoice_num] => 0000044142
    [store_name] => All Toys
    [amount] => 8236
    [payment_method] => Cash
    [receipt_file] => Testing_Three.jpg
    [receipt_tmp] => C:\xampp\tmp\phpE73D.tmp
    [final_path] => ../receipts/project_expenses_files/Testing_Three.jpg
)

[06-Sep-2025 05:58:05 Europe/Berlin] Row to insert: Array
(
    [row_num] => 1
    [user_id] => 119
    [client] => 215
    [main_project_id] => 1
    [addon_id] => 
    [date] => 2025-09-06
    [description] => Coffee 
    [category_num] => 5005
    [category] => Food
    [invoice_num] => 200404700
    [store_name] => Krispy Kreme
    [amount] => 675
    [payment_method] => Cash
    [receipt_file] => Testing_Four.jpg
    [receipt_tmp] => C:\xampp\tmp\phpE8C4.tmp
    [final_path] => ../receipts/project_expenses_files/Testing_Four.jpg
)

[06-Sep-2025 09:14:45 Europe/Berlin] Session data: Array
(
    [authenticated] => 1
    [auth_user] => Array
        (
            [id] => 119
            [name] => Kamila Kabelow Camposaint
            [email] => schoolcamposanto05@gmail.com
            [role] => admin
            [client_id] => 
            [company_id] => 1
        )

    [last_activity] => 1757142626
    [selected_project_id] => 1
    [last_viewed_recording] => 2025-09-06 14:42:55
    [last_viewed_archive] => 2025-09-06 13:58:32
    [last_viewed_sessions] => 2025-09-06 14:38:55
)

[06-Sep-2025 09:14:45 Europe/Berlin] POST data: Array
(
    [expense_type] => project
    [date] => 2025-09-06
    [client_id] => 215
    [project_id] => project-1
    [main_project_id] => 1
    [addon_id] => 
    [item_name] => Array
        (
            [0] => PVC Pipes
        )

    [store_name] => Array
        (
            [0] => Wilcon Depot
        )

    [category_num] => Array
        (
            [0] => 5005
        )

    [amount] => Array
        (
            [0] => 250
        )

    [payment_method] => Array
        (
            [0] => Cash
        )

    [other_payment_method] => Array
        (
            [0] => 
        )

    [invoice_num] => Array
        (
            [0] => 132463
        )

    [save_batch_expense] => 1
    [validate_only] => 1
)

[06-Sep-2025 09:14:51 Europe/Berlin] Row 1 mismatch details: Array
(
    [candidates] => Array
        (
            [0] => Array
                (
                    [content] => Array
                        (
                            [parts] => Array
                                (
                                    [0] => Array
                                        (
                                            [text] => NO.

*   **Store:** The OCR text contains "alfamart" and "alfametro marketing, inc." which are supermarkets, not "wilcon depot" which is a hardware store.
*   **Invoice #:** The OCR text contains "si #:132463" which is a reasonable match for "132463".

                                        )

                                )

                            [role] => model
                        )

                    [finishReason] => STOP
                    [avgLogprobs] => -0.27386836262492
                )

        )

    [usageMetadata] => Array
        (
            [promptTokenCount] => 503
            [candidatesTokenCount] => 77
            [totalTokenCount] => 580
            [promptTokensDetails] => Array
                (
                    [0] => Array
                        (
                            [modality] => TEXT
                            [tokenCount] => 503
                        )

                )

            [candidatesTokensDetails] => Array
                (
                    [0] => Array
                        (
                            [modality] => TEXT
                            [tokenCount] => 77
                        )

                )

        )

    [modelVersion] => gemini-2.0-flash
    [responseId] => at-7aIeoKeukqtsPtr3G2A0
)

[06-Sep-2025 09:20:03 Europe/Berlin] Session data: Array
(
    [authenticated] => 1
    [auth_user] => Array
        (
            [id] => 119
            [name] => Kamila Kabelow Camposaint
            [email] => schoolcamposanto05@gmail.com
            [role] => admin
            [client_id] => 
            [company_id] => 1
        )

    [last_activity] => 1757143151
    [selected_project_id] => 1
    [last_viewed_recording] => 2025-09-06 14:42:55
    [last_viewed_archive] => 2025-09-06 13:58:32
    [last_viewed_sessions] => 2025-09-06 14:38:55
)

[06-Sep-2025 09:20:03 Europe/Berlin] POST data: Array
(
    [expense_type] => project
    [date] => 2025-09-06
    [client_id] => 215
    [project_id] => project-1
    [main_project_id] => 1
    [addon_id] => 
    [item_name] => Array
        (
            [0] => fgfdgd
        )

    [store_name] => Array
        (
            [0] => gffhfg
        )

    [category_num] => Array
        (
            [0] => 5001
        )

    [amount] => Array
        (
            [0] => 203
        )

    [payment_method] => Array
        (
            [0] => Cash
        )

    [other_payment_method] => Array
        (
            [0] => 
        )

    [invoice_num] => Array
        (
            [0] => 0023326
        )

    [save_batch_expense] => 1
    [validate_only] => 1
)

[06-Sep-2025 09:20:08 Europe/Berlin] Row 1 mismatch details: Array
(
    [candidates] => Array
        (
            [0] => Array
                (
                    [content] => Array
                        (
                            [parts] => Array
                                (
                                    [0] => Array
                                        (
                                            [text] => NO. The store "gffhfg" does not match any store on the receipt.

                                        )

                                )

                            [role] => model
                        )

                    [finishReason] => STOP
                    [avgLogprobs] => -0.21062865257263
                )

        )

    [usageMetadata] => Array
        (
            [promptTokenCount] => 123
            [candidatesTokenCount] => 20
            [totalTokenCount] => 143
            [promptTokensDetails] => Array
                (
                    [0] => Array
                        (
                            [modality] => TEXT
                            [tokenCount] => 123
                        )

                )

            [candidatesTokensDetails] => Array
                (
                    [0] => Array
                        (
                            [modality] => TEXT
                            [tokenCount] => 20
                        )

                )

        )

    [modelVersion] => gemini-2.0-flash
    [responseId] => p-C7aM6MMuyJmtkPspng4A8
)

[08-Sep-2025 19:54:53 Europe/Berlin] Session data: Array
(
    [authenticated] => 1
    [auth_user] => Array
        (
            [id] => 57
            [name] => RVR ADMIN
            [email] => rvr_admin@gmail.com
            [role] => admin
            [client_id] => 
            [company_id] => 1
        )

    [last_activity] => 1757353932
    [status_type] => saved
)

[08-Sep-2025 19:54:53 Europe/Berlin] POST data: Array
(
    [expense_type] => project
    [date] => 2025-09-09
    [client_id] => 225
    [project_id] => project-3
    [main_project_id] => 3
    [addon_id] => 
    [item_name] => Array
        (
            [0] => Steel Plates
        )

    [store_name] => Array
        (
            [0] => ALFAMETRO MARKETING, INC.
        )

    [category_num] => Array
        (
            [0] => 5001
        )

    [amount] => Array
        (
            [0] => 53.571
        )

    [payment_method] => Array
        (
            [0] => Cash
        )

    [other_payment_method] => Array
        (
            [0] => 
        )

    [invoice_num] => Array
        (
            [0] => 132463
        )

    [save_batch_expense] => 1
    [validate_only] => 1
)

[10-Sep-2025 18:31:05 Europe/Berlin] Session data: Array
(
    [authenticated] => 1
    [auth_user] => Array
        (
            [id] => 119
            [name] => Kamila Kabelow Camposaint
            [email] => schoolcamposanto05@gmail.com
            [role] => admin
            [client_id] => 
            [company_id] => 1
        )

    [last_activity] => 1757521579
    [last_viewed_recording] => 2025-09-10 01:18:51
    [last_viewed_archive] => 2025-09-09 02:01:22
    [last_viewed_sessions] => 2025-09-11 00:13:21
    [last_viewed_fsAccess] => 2025-09-11 00:21:38
    [login_id] => login_68c1a57eccdd84.53327368
    [fs_unlocked] => 1
)

[10-Sep-2025 18:31:05 Europe/Berlin] POST data: Array
(
    [expense_type] => project
    [date] => 2025-08-04
    [client_id] => 225
    [project_id] => project-4
    [main_project_id] => 4
    [addon_id] => 
    [item_name] => Array
        (
            [0] => Lunch Meal
        )

    [store_name] => Array
        (
            [0] => Jollibee - Paciano
        )

    [category_num] => Array
        (
            [0] => 5005
        )

    [amount] => Array
        (
            [0] => 206.895
        )

    [payment_method] => Array
        (
            [0] => Cash
        )

    [other_payment_method] => Array
        (
            [0] => 
        )

    [invoice_num] => Array
        (
            [0] => 02241636
        )

    [save_batch_expense] => 1
    [validate_only] => 1
)

[10-Sep-2025 18:33:06 Europe/Berlin] Session data: Array
(
    [authenticated] => 1
    [auth_user] => Array
        (
            [id] => 119
            [name] => Kamila Kabelow Camposaint
            [email] => schoolcamposanto05@gmail.com
            [role] => admin
            [client_id] => 
            [company_id] => 1
        )

    [last_activity] => 1757521952
    [last_viewed_recording] => 2025-09-10 01:18:51
    [last_viewed_archive] => 2025-09-09 02:01:22
    [last_viewed_sessions] => 2025-09-11 00:13:21
    [last_viewed_fsAccess] => 2025-09-11 00:21:38
    [login_id] => login_68c1a57eccdd84.53327368
    [fs_unlocked] => 1
)

[10-Sep-2025 18:33:06 Europe/Berlin] POST data: Array
(
    [expense_type] => project
    [date] => 2025-09-11
    [client_id] => 225
    [project_id] => project-4
    [main_project_id] => 4
    [addon_id] => 
    [item_name] => Array
        (
            [0] => Lunch Meal
        )

    [store_name] => Array
        (
            [0] => Jollibee - Paciano
        )

    [category_num] => Array
        (
            [0] => 5005
        )

    [amount] => Array
        (
            [0] => 125.8963
        )

    [payment_method] => Array
        (
            [0] => Cash
        )

    [other_payment_method] => Array
        (
            [0] => 
        )

    [invoice_num] => Array
        (
            [0] => 02241636
        )

    [save_batch_expense] => 1
    [validate_only] => 1
)

[10-Sep-2025 18:33:13 Europe/Berlin] Session data: Array
(
    [authenticated] => 1
    [auth_user] => Array
        (
            [id] => 119
            [name] => Kamila Kabelow Camposaint
            [email] => schoolcamposanto05@gmail.com
            [role] => admin
            [client_id] => 
            [company_id] => 1
        )

    [last_activity] => 1757521952
    [last_viewed_recording] => 2025-09-10 01:18:51
    [last_viewed_archive] => 2025-09-09 02:01:22
    [last_viewed_sessions] => 2025-09-11 00:13:21
    [last_viewed_fsAccess] => 2025-09-11 00:21:38
    [login_id] => login_68c1a57eccdd84.53327368
    [fs_unlocked] => 1
)

[10-Sep-2025 18:33:13 Europe/Berlin] POST data: Array
(
    [expense_type] => project
    [date] => 2025-09-11
    [client_id] => 225
    [project_id] => project-4
    [main_project_id] => 4
    [addon_id] => 
    [item_name] => Array
        (
            [0] => Lunch Meal
        )

    [store_name] => Array
        (
            [0] => Jollibee - Paciano
        )

    [category_num] => Array
        (
            [0] => 5005
        )

    [amount] => Array
        (
            [0] => 125.8963
        )

    [payment_method] => Array
        (
            [0] => Cash
        )

    [other_payment_method] => Array
        (
            [0] => 
        )

    [invoice_num] => Array
        (
            [0] => 02241636
        )

    [save_batch_expense] => 1
    [validate_only] => 0
)

[10-Sep-2025 18:33:18 Europe/Berlin] Row to insert: Array
(
    [row_num] => 0
    [user_id] => 119
    [client] => 225
    [main_project_id] => 4
    [addon_id] => 
    [date] => 2025-09-11
    [description] => Lunch Meal
    [category_num] => 5005
    [category] => Food
    [invoice_num] => 02241636
    [store_name] => Jollibee - Paciano
    [amount] => 125.8963
    [payment_method] => Cash
    [receipt_file] => Testing_Two.jpg
    [receipt_tmp] => C:\xampp\tmp\phpFA20.tmp
    [final_path] => ../receipts/project_expenses_files/Testing_Two.jpg
)

[17-Sep-2025 23:29:09 Asia/Manila] Session data: Array
(
    [authenticated] => 1
    [auth_user] => Array
        (
            [id] => 119
            [name] => Kamil Camposanto
            [email] => schoolcamposanto05@gmail.com
            [role] => admin
            [client_id] => 
            [company_id] => 1
        )

    [last_activity] => 1758122854
    [last_viewed_recording] => 2025-09-17 14:55:13
    [last_viewed_archive] => 2025-09-16 21:27:42
    [last_viewed_sessions] => 2025-09-17 22:54:50
    [last_viewed_fsAccess] => 2025-09-17 02:21:01
    [company_data] => Array
        (
        )

)

[17-Sep-2025 23:29:09 Asia/Manila] POST data: Array
(
    [expense_type] => project
    [date] => 2025-09-17
    [client_id] => 
    [main_project_id] => 
    [addon_id] => 
    [item_name] => Array
        (
            [0] => 123
        )

    [store_name] => Array
        (
            [0] => 1111
        )

    [category_num] => Array
        (
            [0] => 
        )

    [amount] => Array
        (
            [0] => 1
        )

    [payment_method] => Array
        (
            [0] => Cash
        )

    [other_payment_method] => Array
        (
            [0] => 
        )

    [invoice_num] => Array
        (
            [0] => 00124578
        )

    [save_batch_expense] => 1
    [validate_only] => 1
)

[17-Sep-2025 23:44:35 Asia/Manila] Session data: Array
(
    [authenticated] => 1
    [auth_user] => Array
        (
            [id] => 119
            [name] => Kamil Camposanto
            [email] => schoolcamposanto05@gmail.com
            [role] => admin
            [client_id] => 
            [company_id] => 1
        )

    [last_activity] => 1758123507
)

[17-Sep-2025 23:44:35 Asia/Manila] POST data: Array
(
    [expense_type] => project
    [date] => 2025-09-17
    [client_id] => 2
    [project_id] => project-1
    [main_project_id] => 1
    [addon_id] => 
    [item_name] => Array
        (
            [0] => HAZELNUT
        )

    [store_name] => Array
        (
            [0] => Banvie Food Inc
        )

    [category_num] => Array
        (
            [0] => 5001
        )

    [amount] => Array
        (
            [0] => 169
        )

    [payment_method] => Array
        (
            [0] => Cash
        )

    [other_payment_method] => Array
        (
            [0] => 
        )

    [invoice_num] => Array
        (
            [0] => 23123123
        )

    [save_batch_expense] => 1
    [validate_only] => 1
)

[17-Sep-2025 23:44:38 Asia/Manila] Row 1 mismatch details: Array
(
    [candidates] => Array
        (
            [0] => Array
                (
                    [content] => Array
                        (
                            [parts] => Array
                                (
                                    [0] => Array
                                        (
                                            [text] => NO. The store name in the OCR text is "banvie food inc." which matches the target "banvie food inc". However, the invoice number in the OCR text is not explicitly provided but it states "sales invoice" and other codes, none of which match the target invoice number "23123123".

                                        )

                                )

                            [role] => model
                        )

                    [finishReason] => STOP
                    [avgLogprobs] => -0.40879691856495
                )

        )

    [usageMetadata] => Array
        (
            [promptTokenCount] => 458
            [candidatesTokenCount] => 69
            [totalTokenCount] => 527
            [promptTokensDetails] => Array
                (
                    [0] => Array
                        (
                            [modality] => TEXT
                            [tokenCount] => 458
                        )

                )

            [candidatesTokensDetails] => Array
                (
                    [0] => Array
                        (
                            [modality] => TEXT
                            [tokenCount] => 69
                        )

                )

        )

    [modelVersion] => gemini-2.0-flash
    [responseId] => ZdfKaIWOCe-Dz7IPq6De4Qo
)

[17-Sep-2025 23:44:54 Asia/Manila] Session data: Array
(
    [authenticated] => 1
    [auth_user] => Array
        (
            [id] => 119
            [name] => Kamil Camposanto
            [email] => schoolcamposanto05@gmail.com
            [role] => admin
            [client_id] => 
            [company_id] => 1
        )

    [last_activity] => 1758123507
)

[17-Sep-2025 23:44:54 Asia/Manila] POST data: Array
(
    [expense_type] => project
    [date] => 2025-09-17
    [client_id] => 2
    [project_id] => project-1
    [main_project_id] => 1
    [addon_id] => 
    [item_name] => Array
        (
            [0] => HAZELNUT
        )

    [store_name] => Array
        (
            [0] => Banvie Food Inc
        )

    [category_num] => Array
        (
            [0] => 5001
        )

    [amount] => Array
        (
            [0] => 169
        )

    [payment_method] => Array
        (
            [0] => Cash
        )

    [other_payment_method] => Array
        (
            [0] => 
        )

    [invoice_num] => Array
        (
            [0] => 23123123
        )

    [save_batch_expense] => 1
    [validate_only] => 1
)

[17-Sep-2025 23:44:57 Asia/Manila] Row 1 mismatch details: Array
(
    [candidates] => Array
        (
            [0] => Array
                (
                    [content] => Array
                        (
                            [parts] => Array
                                (
                                    [0] => Array
                                        (
                                            [text] => NO. The store name in the OCR text is "banvie food inc." which matches the given store name. However, the invoice number in the OCR text appears to be "k4ptcjoot97518g" (based on the context and usual location of serial numbers). This does not match the provided invoice number "23123123".

                                        )

                                )

                            [role] => model
                        )

                    [finishReason] => STOP
                    [avgLogprobs] => -0.36644985675812
                )

        )

    [usageMetadata] => Array
        (
            [promptTokenCount] => 458
            [candidatesTokenCount] => 80
            [totalTokenCount] => 538
            [promptTokensDetails] => Array
                (
                    [0] => Array
                        (
                            [modality] => TEXT
                            [tokenCount] => 458
                        )

                )

            [candidatesTokensDetails] => Array
                (
                    [0] => Array
                        (
                            [modality] => TEXT
                            [tokenCount] => 80
                        )

                )

        )

    [modelVersion] => gemini-2.0-flash
    [responseId] => eNfKaKLPGJ7oz7IPo6SBsA4
)

[17-Sep-2025 23:45:27 Asia/Manila] Session data: Array
(
    [authenticated] => 1
    [auth_user] => Array
        (
            [id] => 119
            [name] => Kamil Camposanto
            [email] => schoolcamposanto05@gmail.com
            [role] => admin
            [client_id] => 
            [company_id] => 1
        )

    [last_activity] => 1758123507
)

[17-Sep-2025 23:45:27 Asia/Manila] POST data: Array
(
    [expense_type] => project
    [date] => 2025-09-17
    [client_id] => 2
    [project_id] => project-1
    [main_project_id] => 1
    [addon_id] => 
    [item_name] => Array
        (
            [0] => HAZELNUT
        )

    [store_name] => Array
        (
            [0] => Banvie Food Inc
        )

    [category_num] => Array
        (
            [0] => 5001
        )

    [amount] => Array
        (
            [0] => 169
        )

    [payment_method] => Array
        (
            [0] => Cash
        )

    [other_payment_method] => Array
        (
            [0] => 
        )

    [invoice_num] => Array
        (
            [0] => 23123123
        )

    [save_batch_expense] => 1
    [validate_only] => 1
)

[17-Sep-2025 23:45:30 Asia/Manila] Row 1 mismatch details: Array
(
    [candidates] => Array
        (
            [0] => Array
                (
                    [content] => Array
                        (
                            [parts] => Array
                                (
                                    [0] => Array
                                        (
                                            [text] => NO.

- The store name in the OCR text is "banvie food inc.", which matches the provided store name "banvie food inc".
- However, there is no invoice number on row 1 that matches the target invoice number "23123123". The OCR text has a string of numbers near the beginning ("656-077-20a-oooot ak12"), but this does not match the invoice number. Additionally, near the bottom of the receipt OCR is "05020407983600001915778" but this does not match either.

                                        )

                                )

                            [role] => model
                        )

                    [finishReason] => STOP
                    [avgLogprobs] => -0.58130689039298
                )

        )

    [usageMetadata] => Array
        (
            [promptTokenCount] => 458
            [candidatesTokenCount] => 141
            [totalTokenCount] => 599
            [promptTokensDetails] => Array
                (
                    [0] => Array
                        (
                            [modality] => TEXT
                            [tokenCount] => 458
                        )

                )

            [candidatesTokensDetails] => Array
                (
                    [0] => Array
                        (
                            [modality] => TEXT
                            [tokenCount] => 141
                        )

                )

        )

    [modelVersion] => gemini-2.0-flash
    [responseId] => mdfKaJvhEZLqz7IPh47DkAk
)

[17-Sep-2025 23:46:26 Asia/Manila] Session data: Array
(
    [authenticated] => 1
    [auth_user] => Array
        (
            [id] => 119
            [name] => Kamil Camposanto
            [email] => schoolcamposanto05@gmail.com
            [role] => admin
            [client_id] => 
            [company_id] => 1
        )

    [last_activity] => 1758123507
)

[17-Sep-2025 23:46:26 Asia/Manila] POST data: Array
(
    [expense_type] => project
    [date] => 2025-09-17
    [client_id] => 2
    [project_id] => project-1
    [main_project_id] => 1
    [addon_id] => 
    [item_name] => Array
        (
            [0] => HAZELNUT
        )

    [store_name] => Array
        (
            [0] => Banvie Food Inc
        )

    [category_num] => Array
        (
            [0] => 5001
        )

    [amount] => Array
        (
            [0] => 169
        )

    [payment_method] => Array
        (
            [0] => Cash
        )

    [other_payment_method] => Array
        (
            [0] => 
        )

    [invoice_num] => Array
        (
            [0] => 000006549
        )

    [save_batch_expense] => 1
    [validate_only] => 1
)

[17-Sep-2025 23:46:43 Asia/Manila] Session data: Array
(
    [authenticated] => 1
    [auth_user] => Array
        (
            [id] => 119
            [name] => Kamil Camposanto
            [email] => schoolcamposanto05@gmail.com
            [role] => admin
            [client_id] => 
            [company_id] => 1
        )

    [last_activity] => 1758123507
)

[17-Sep-2025 23:46:43 Asia/Manila] POST data: Array
(
    [expense_type] => project
    [date] => 2025-09-17
    [client_id] => 2
    [project_id] => project-1
    [main_project_id] => 1
    [addon_id] => 
    [item_name] => Array
        (
            [0] => HAZELNUT
        )

    [store_name] => Array
        (
            [0] => Banvie Food Inc
        )

    [category_num] => Array
        (
            [0] => 5001
        )

    [amount] => Array
        (
            [0] => 169
        )

    [payment_method] => Array
        (
            [0] => Cash
        )

    [other_payment_method] => Array
        (
            [0] => 
        )

    [invoice_num] => Array
        (
            [0] => 000006549
        )

    [save_batch_expense] => 1
    [validate_only] => 1
)

[17-Sep-2025 23:46:46 Asia/Manila] Row 1 mismatch details: Array
(
    [candidates] => Array
        (
            [0] => Array
                (
                    [content] => Array
                        (
                            [parts] => Array
                                (
                                    [0] => Array
                                        (
                                            [text] => NO. 

*   **Store:** The store name in the OCR text is "banvie food inc", which matches the store name provided.
*   **Invoice #:** The invoice number in the OCR text is "000-0006%49", which does not match "000006549".

                                        )

                                )

                            [role] => model
                        )

                    [finishReason] => STOP
                    [avgLogprobs] => -0.14950928816924
                )

        )

    [usageMetadata] => Array
        (
            [promptTokenCount] => 459
            [candidatesTokenCount] => 74
            [totalTokenCount] => 533
            [promptTokensDetails] => Array
                (
                    [0] => Array
                        (
                            [modality] => TEXT
                            [tokenCount] => 459
                        )

                )

            [candidatesTokensDetails] => Array
                (
                    [0] => Array
                        (
                            [modality] => TEXT
                            [tokenCount] => 74
                        )

                )

        )

    [modelVersion] => gemini-2.0-flash
    [responseId] => 5dfKaNzYGc3oz7IPuJrDyAk
)

[17-Sep-2025 23:46:59 Asia/Manila] Session data: Array
(
    [authenticated] => 1
    [auth_user] => Array
        (
            [id] => 119
            [name] => Kamil Camposanto
            [email] => schoolcamposanto05@gmail.com
            [role] => admin
            [client_id] => 
            [company_id] => 1
        )

    [last_activity] => 1758123507
)

[17-Sep-2025 23:46:59 Asia/Manila] POST data: Array
(
    [expense_type] => project
    [date] => 2025-09-17
    [client_id] => 2
    [project_id] => project-1
    [main_project_id] => 1
    [addon_id] => 
    [item_name] => Array
        (
            [0] => HAZELNUT
        )

    [store_name] => Array
        (
            [0] => Banvie Food Inc
        )

    [category_num] => Array
        (
            [0] => 5001
        )

    [amount] => Array
        (
            [0] => 169
        )

    [payment_method] => Array
        (
            [0] => Cash
        )

    [other_payment_method] => Array
        (
            [0] => 
        )

    [invoice_num] => Array
        (
            [0] => 000006549
        )

    [save_batch_expense] => 1
    [validate_only] => 1
)

[17-Sep-2025 23:47:02 Asia/Manila] Row 1 mismatch details: Array
(
    [candidates] => Array
        (
            [0] => Array
                (
                    [content] => Array
                        (
                            [parts] => Array
                                (
                                    [0] => Array
                                        (
                                            [text] => NO. The store name in the OCR text is "banvie food inc.", which matches the provided store name. However, the invoice number in the OCR text is "000-0006%49", which does not reasonably match "000006549".

                                        )

                                )

                            [role] => model
                        )

                    [finishReason] => STOP
                    [avgLogprobs] => -0.16570272899809
                )

        )

    [usageMetadata] => Array
        (
            [promptTokenCount] => 459
            [candidatesTokenCount] => 63
            [totalTokenCount] => 522
            [promptTokensDetails] => Array
                (
                    [0] => Array
                        (
                            [modality] => TEXT
                            [tokenCount] => 459
                        )

                )

            [candidatesTokensDetails] => Array
                (
                    [0] => Array
                        (
                            [modality] => TEXT
                            [tokenCount] => 63
                        )

                )

        )

    [modelVersion] => gemini-2.0-flash
    [responseId] => 9dfKaPeADu-Dz7IPq6De4Qo
)

[17-Sep-2025 23:49:25 Asia/Manila] Session data: Array
(
    [authenticated] => 1
    [auth_user] => Array
        (
            [id] => 119
            [name] => Kamil Camposanto
            [email] => schoolcamposanto05@gmail.com
            [role] => admin
            [client_id] => 
            [company_id] => 1
        )

    [last_activity] => 1758124107
)

[17-Sep-2025 23:49:25 Asia/Manila] POST data: Array
(
    [expense_type] => project
    [date] => 2025-09-17
    [client_id] => 2
    [project_id] => project-1
    [main_project_id] => 1
    [addon_id] => 
    [item_name] => Array
        (
            [0] => PVC Pipes
        )

    [store_name] => Array
        (
            [0] => Krispy Kreme
        )

    [category_num] => Array
        (
            [0] => 5001
        )

    [amount] => Array
        (
            [0] => 2580
        )

    [payment_method] => Array
        (
            [0] => Cash
        )

    [other_payment_method] => Array
        (
            [0] => 
        )

    [invoice_num] => Array
        (
            [0] => 000115
        )

    [save_batch_expense] => 1
    [validate_only] => 1
)

[17-Sep-2025 23:49:27 Asia/Manila] Row 1 mismatch details: Array
(
    [candidates] => Array
        (
            [0] => Array
                (
                    [content] => Array
                        (
                            [parts] => Array
                                (
                                    [0] => Array
                                        (
                                            [text] => NO. The store name is "krispy kreme" which matches, but the invoice number "200404700" does not match the target invoice number "000115".

                                        )

                                )

                            [role] => model
                        )

                    [finishReason] => STOP
                    [avgLogprobs] => -0.20931150602258
                )

        )

    [usageMetadata] => Array
        (
            [promptTokenCount] => 544
            [candidatesTokenCount] => 46
            [totalTokenCount] => 590
            [promptTokensDetails] => Array
                (
                    [0] => Array
                        (
                            [modality] => TEXT
                            [tokenCount] => 544
                        )

                )

            [candidatesTokensDetails] => Array
                (
                    [0] => Array
                        (
                            [modality] => TEXT
                            [tokenCount] => 46
                        )

                )

        )

    [modelVersion] => gemini-2.0-flash
    [responseId] => htjKaMngKaDpz7IPmfO2iQU
)

[17-Sep-2025 23:49:40 Asia/Manila] Session data: Array
(
    [authenticated] => 1
    [auth_user] => Array
        (
            [id] => 119
            [name] => Kamil Camposanto
            [email] => schoolcamposanto05@gmail.com
            [role] => admin
            [client_id] => 
            [company_id] => 1
        )

    [last_activity] => 1758124107
)

[17-Sep-2025 23:49:40 Asia/Manila] POST data: Array
(
    [expense_type] => project
    [date] => 2025-09-17
    [client_id] => 2
    [project_id] => project-1
    [main_project_id] => 1
    [addon_id] => 
    [item_name] => Array
        (
            [0] => PVC Pipes
        )

    [store_name] => Array
        (
            [0] => Krispy Kreme
        )

    [category_num] => Array
        (
            [0] => 5001
        )

    [amount] => Array
        (
            [0] => 2580
        )

    [payment_method] => Array
        (
            [0] => Cash
        )

    [other_payment_method] => Array
        (
            [0] => 
        )

    [invoice_num] => Array
        (
            [0] => 200404700
        )

    [save_batch_expense] => 1
    [validate_only] => 1
)

[17-Sep-2025 23:49:48 Asia/Manila] Session data: Array
(
    [authenticated] => 1
    [auth_user] => Array
        (
            [id] => 119
            [name] => Kamil Camposanto
            [email] => schoolcamposanto05@gmail.com
            [role] => admin
            [client_id] => 
            [company_id] => 1
        )

    [last_activity] => 1758124107
)

[17-Sep-2025 23:49:48 Asia/Manila] POST data: Array
(
    [expense_type] => project
    [date] => 2025-09-17
    [client_id] => 2
    [project_id] => project-1
    [main_project_id] => 1
    [addon_id] => 
    [item_name] => Array
        (
            [0] => PVC Pipes
        )

    [store_name] => Array
        (
            [0] => Krispy Kreme
        )

    [category_num] => Array
        (
            [0] => 5001
        )

    [amount] => Array
        (
            [0] => 2580
        )

    [payment_method] => Array
        (
            [0] => Cash
        )

    [other_payment_method] => Array
        (
            [0] => 
        )

    [invoice_num] => Array
        (
            [0] => 200404700
        )

    [save_batch_expense] => 1
    [validate_only] => 0
)

[17-Sep-2025 23:49:49 Asia/Manila] Row to insert: Array
(
    [row_num] => 0
    [user_id] => 119
    [client] => 2
    [main_project_id] => 1
    [addon_id] => 
    [date] => 2025-09-17
    [description] => PVC Pipes
    [category_num] => 5001
    [category] => Construction Supply
    [invoice_num] => 200404700
    [store_name] => Krispy Kreme
    [amount] => 2580
    [payment_method] => Cash
    [receipt_file] => Testing_Four.jpg
    [receipt_tmp] => /tmp/phpl2xSnX
    [final_path] => ../receipts/project_expenses_files/Testing_Four.jpg
)

[20-Sep-2025 10:21:11 Asia/Manila] Session data: Array
(
    [authenticated] => 1
    [auth_user] => Array
        (
            [id] => 57
            [name] => RVR ADMIN
            [email] => rvr_admin@gmail.com
            [role] => admin
            [client_id] => 
            [company_id] => 1
        )

    [last_activity] => 1758334445
    [generated_password] => +!mbi8R3yQ
)

[20-Sep-2025 10:21:11 Asia/Manila] POST data: Array
(
    [expense_type] => project
    [date] => 2025-09-20
    [client_id] => 2
    [project_id] => project-3
    [main_project_id] => 3
    [addon_id] => 
    [item_name] => Array
        (
            [0] => PVC Pipes
            [1] => Steel Bars
            [2] => Bakal and Turnilyo
            [3] => Gasoline
            [4] => Gasoline
            [5] => Coffee
            [6] => Kahit ano
        )

    [store_name] => Array
        (
            [0] => Hardware
            [1] => Cieloadigue Construction
            [2] => Cieloadigue Construction
            [3] => Gazz Up, INC.
            [4] => Gazz Up, INC.
            [5] => Star Bucks
            [6] => Calamba Premiere International Park Association
        )

    [category_num] => Array
        (
            [0] => 5001
            [1] => 5001
            [2] => 5001
            [3] => 5001
            [4] => 5001
            [5] => 5001
            [6] => 5001
        )

    [amount] => Array
        (
            [0] => 2165
            [1] => 24990
            [2] => 5148
            [3] => 1785.71
            [4] => 892
            [5] => 250
            [6] => 850
        )

    [payment_method] => Array
        (
            [0] => Cash
            [1] => Cash
            [2] => Cash
            [3] => Cash
            [4] => Cash
            [5] => Cash
            [6] => Cash
        )

    [other_payment_method] => Array
        (
            [0] => 
            [1] => 
            [2] => 
            [3] => 
            [4] => 
            [5] => 
            [6] => 
        )

    [invoice_num] => Array
        (
            [0] => 011984
            [1] => 01053
            [2] => 01054
            [3] => 001944678
            [4] => 001950829
            [5] => 0000000000000399017
            [6] => 001812
        )

    [save_batch_expense] => 1
    [validate_only] => 1
)

[20-Sep-2025 10:21:14 Asia/Manila] Row 1 mismatch details: Array
(
    [candidates] => Array
        (
            [0] => Array
                (
                    [content] => Array
                        (
                            [parts] => Array
                                (
                                    [0] => Array
                                        (
                                            [text] => NO. The store is not present in the OCR text provided.

                                        )

                                )

                            [role] => model
                        )

                    [finishReason] => STOP
                    [avgLogprobs] => -0.37105107307434
                )

        )

    [usageMetadata] => Array
        (
            [promptTokenCount] => 113
            [candidatesTokenCount] => 14
            [totalTokenCount] => 127
            [promptTokensDetails] => Array
                (
                    [0] => Array
                        (
                            [modality] => TEXT
                            [tokenCount] => 113
                        )

                )

            [candidatesTokensDetails] => Array
                (
                    [0] => Array
                        (
                            [modality] => TEXT
                            [tokenCount] => 14
                        )

                )

        )

    [modelVersion] => gemini-2.0-flash
    [responseId] => mQ_OaO_NNv_xqtsP38-RoAo
)

[20-Sep-2025 10:21:16 Asia/Manila] Row 2 mismatch details: Array
(
    [candidates] => Array
        (
            [0] => Array
                (
                    [content] => Array
                        (
                            [parts] => Array
                                (
                                    [0] => Array
                                        (
                                            [text] => NO. The store name does not match. The correct store is "cieloadigue construction" while the OCR text for the store is empty.

                                        )

                                )

                            [role] => model
                        )

                    [finishReason] => STOP
                    [avgLogprobs] => -0.45202790537188
                )

        )

    [usageMetadata] => Array
        (
            [promptTokenCount] => 116
            [candidatesTokenCount] => 31
            [totalTokenCount] => 147
            [promptTokensDetails] => Array
                (
                    [0] => Array
                        (
                            [modality] => TEXT
                            [tokenCount] => 116
                        )

                )

            [candidatesTokensDetails] => Array
                (
                    [0] => Array
                        (
                            [modality] => TEXT
                            [tokenCount] => 31
                        )

                )

        )

    [modelVersion] => gemini-2.0-flash
    [responseId] => nA_OaI-PF_qNmtkPmpqLwAk
)

[20-Sep-2025 10:21:19 Asia/Manila] Row 3 mismatch details: Array
(
    [candidates] => Array
        (
            [0] => Array
                (
                    [content] => Array
                        (
                            [parts] => Array
                                (
                                    [0] => Array
                                        (
                                            [text] => NO. The store name does not match. The store name in row 3 is "cieloadigue construction" while the prompt specifies "cieloadigue construction". However, the invoice number matches: "01054".

                                        )

                                )

                            [role] => model
                        )

                    [finishReason] => STOP
                    [avgLogprobs] => -0.49130268096924
                )

        )

    [usageMetadata] => Array
        (
            [promptTokenCount] => 116
            [candidatesTokenCount] => 50
            [totalTokenCount] => 166
            [promptTokensDetails] => Array
                (
                    [0] => Array
                        (
                            [modality] => TEXT
                            [tokenCount] => 116
                        )

                )

            [candidatesTokensDetails] => Array
                (
                    [0] => Array
                        (
                            [modality] => TEXT
                            [tokenCount] => 50
                        )

                )

        )

    [modelVersion] => gemini-2.0-flash
    [responseId] => ng_OaOqUN7vZqtsPkL-IoQU
)

[20-Sep-2025 10:21:22 Asia/Manila] Row 4 mismatch details: Array
(
    [candidates] => Array
        (
            [0] => Array
                (
                    [content] => Array
                        (
                            [parts] => Array
                                (
                                    [0] => Array
                                        (
                                            [text] => NO. The store does not match. The receipt indicates "gazz up, inc." but the row shows "gazz up, inc.". The invoice number matches (001944678).

                                        )

                                )

                            [role] => model
                        )

                    [finishReason] => STOP
                    [avgLogprobs] => -0.52624838087294
                )

        )

    [usageMetadata] => Array
        (
            [promptTokenCount] => 121
            [candidatesTokenCount] => 45
            [totalTokenCount] => 166
            [promptTokensDetails] => Array
                (
                    [0] => Array
                        (
                            [modality] => TEXT
                            [tokenCount] => 121
                        )

                )

            [candidatesTokensDetails] => Array
                (
                    [0] => Array
                        (
                            [modality] => TEXT
                            [tokenCount] => 45
                        )

                )

        )

    [modelVersion] => gemini-2.0-flash
    [responseId] => oQ_OaJf_HJqP6dkPopGM-Ac
)

[20-Sep-2025 10:21:26 Asia/Manila] Row 6 mismatch details: Array
(
    [candidates] => Array
        (
            [0] => Array
                (
                    [content] => Array
                        (
                            [parts] => Array
                                (
                                    [0] => Array
                                        (
                                            [text] => NO. The store is "star bucks" but the OCR text does not contain that.

                                        )

                                )

                            [role] => model
                        )

                    [finishReason] => STOP
                    [avgLogprobs] => -0.26653741535388
                )

        )

    [usageMetadata] => Array
        (
            [promptTokenCount] => 127
            [candidatesTokenCount] => 19
            [totalTokenCount] => 146
            [promptTokensDetails] => Array
                (
                    [0] => Array
                        (
                            [modality] => TEXT
                            [tokenCount] => 127
                        )

                )

            [candidatesTokensDetails] => Array
                (
                    [0] => Array
                        (
                            [modality] => TEXT
                            [tokenCount] => 19
                        )

                )

        )

    [modelVersion] => gemini-2.0-flash
    [responseId] => pg_OaLbaCrysmtkPs4T3oAU
)

[20-Sep-2025 10:21:28 Asia/Manila] Row 7 mismatch details: Array
(
    [candidates] => Array
        (
            [0] => Array
                (
                    [content] => Array
                        (
                            [parts] => Array
                                (
                                    [0] => Array
                                        (
                                            [text] => NO. The store "calamba premiere international park association" does not reasonably match "calamba premiere international park association". Invoice number "001812" matches "001812".

                                        )

                                )

                            [role] => model
                        )

                    [finishReason] => STOP
                    [avgLogprobs] => -0.27731949632818
                )

        )

    [usageMetadata] => Array
        (
            [promptTokenCount] => 118
            [candidatesTokenCount] => 44
            [totalTokenCount] => 162
            [promptTokensDetails] => Array
                (
                    [0] => Array
                        (
                            [modality] => TEXT
                            [tokenCount] => 118
                        )

                )

            [candidatesTokensDetails] => Array
                (
                    [0] => Array
                        (
                            [modality] => TEXT
                            [tokenCount] => 44
                        )

                )

        )

    [modelVersion] => gemini-2.0-flash
    [responseId] => qA_OaKnSDevMqtsPp_2r2AQ
)

[20-Sep-2025 21:14:22 Asia/Manila] Session data: Array
(
    [authenticated] => 1
    [auth_user] => Array
        (
            [id] => 57
            [name] => RVR ADMIN
            [email] => rvr_admin@gmail.com
            [role] => admin
            [client_id] => 
            [company_id] => 1
        )

    [last_activity] => 1758373997
    [selected_project_id] => 1
)

[20-Sep-2025 21:14:22 Asia/Manila] POST data: Array
(
    [expense_type] => project
    [date] => 2025-09-20
    [client_id] => 2
    [project_id] => project-3
    [main_project_id] => 3
    [addon_id] => 
    [item_name] => Array
        (
            [0] => Steel Bars
        )

    [store_name] => Array
        (
            [0] => GAZZ UP, INC.
        )

    [category_num] => Array
        (
            [0] => 5001
        )

    [amount] => Array
        (
            [0] => 2000
        )

    [payment_method] => Array
        (
            [0] => Cash
        )

    [other_payment_method] => Array
        (
            [0] => 
        )

    [invoice_num] => Array
        (
            [0] => 001944678
        )

    [save_batch_expense] => 1
    [validate_only] => 1
)

[20-Sep-2025 21:14:25 Asia/Manila] Row 1 mismatch details: Array
(
    [candidates] => Array
        (
            [0] => Array
                (
                    [content] => Array
                        (
                            [parts] => Array
                                (
                                    [0] => Array
                                        (
                                            [text] => NO.

*   **Store:** The store name "gazz up, inc." does not match the OCR text "gasoline cost gam. inc".
*   **Invoice #:** The invoice number "001944678" matches "(-301944678", but due to the presence of the leading '(-3', it is not an exact match. This suggests the OCR read some surrounding characters as part of the invoice number. Therefore, it is treated as a mismatch.

                                        )

                                )

                            [role] => model
                        )

                    [finishReason] => STOP
                    [avgLogprobs] => -0.56432897394354
                )

        )

    [usageMetadata] => Array
        (
            [promptTokenCount] => 230
            [candidatesTokenCount] => 110
            [totalTokenCount] => 340
            [promptTokensDetails] => Array
                (
                    [0] => Array
                        (
                            [modality] => TEXT
                            [tokenCount] => 230
                        )

                )

            [candidatesTokensDetails] => Array
                (
                    [0] => Array
                        (
                            [modality] => TEXT
                            [tokenCount] => 110
                        )

                )

        )

    [modelVersion] => gemini-2.0-flash
    [responseId] => sKjOaIbeFO_nz7IPob6OuQI
)

[04-Oct-2025 21:53:20 Asia/Manila] Session data: Array
(
    [authenticated] => 1
    [auth_user] => Array
        (
            [id] => 119
            [name] => Kamil Camposanto
            [email] => schoolcamposanto05@gmail.com
            [role] => admin
            [client_id] => 
            [company_id] => 1
        )

    [last_activity] => 1759585852
)

[04-Oct-2025 21:53:20 Asia/Manila] POST data: Array
(
    [expense_type] => project
    [date] => 2025-09-22
    [client_id] => 2
    [project_id] => project-3
    [main_project_id] => 3
    [addon_id] => 
    [item_name] => Array
        (
            [0] => Steel Bars
            [1] => PVC Pipes
        )

    [store_name] => Array
        (
            [0] => Wilcon Depot
            [1] => JMC Trading
        )

    [category_num] => Array
        (
            [0] => 5001
            [1] => 5001
        )

    [amount] => Array
        (
            [0] => 2500
            [1] => 500
        )

    [payment_method] => Array
        (
            [0] => Cash
            [1] => Cash
        )

    [other_payment_method] => Array
        (
            [0] => 
            [1] => 
        )

    [invoice_num] => Array
        (
            [0] => RT082340
            [1] => INV-20250305-003
        )

    [save_batch_expense] => 1
    [validate_only] => 1
)

[04-Oct-2025 21:54:19 Asia/Manila] Session data: Array
(
    [authenticated] => 1
    [auth_user] => Array
        (
            [id] => 119
            [name] => Kamil Camposanto
            [email] => schoolcamposanto05@gmail.com
            [role] => admin
            [client_id] => 
            [company_id] => 1
        )

    [last_activity] => 1759585852
)

[04-Oct-2025 21:54:19 Asia/Manila] POST data: Array
(
    [expense_type] => project
    [date] => 2025-09-22
    [client_id] => 2
    [project_id] => project-3
    [main_project_id] => 3
    [addon_id] => 
    [item_name] => Array
        (
            [0] => Steel Bars
            [1] => PVC Pipes
        )

    [store_name] => Array
        (
            [0] => Wilcon Depot
            [1] => JMC Trading
        )

    [category_num] => Array
        (
            [0] => 5001
            [1] => 5001
        )

    [amount] => Array
        (
            [0] => 2500
            [1] => 500
        )

    [payment_method] => Array
        (
            [0] => Cash
            [1] => Cash
        )

    [other_payment_method] => Array
        (
            [0] => 
            [1] => 
        )

    [invoice_num] => Array
        (
            [0] => RT0823401
            [1] => INV-20250305-003
        )

    [save_batch_expense] => 1
    [validate_only] => 1
)

[05-Oct-2025 21:44:43 Asia/Manila] Session data: Array
(
    [authenticated] => 1
    [auth_user] => Array
        (
            [id] => 119
            [name] => Kamil Camposanto
            [email] => schoolcamposanto05@gmail.com
            [role] => admin
            [client_id] => 
            [company_id] => 1
        )

    [last_activity] => 1759671858
)

[05-Oct-2025 21:44:43 Asia/Manila] POST data: Array
(
    [expense_type] => project
    [date] => 2025-10-05
    [client_id] => 2
    [project_id] => project-3
    [main_project_id] => 3
    [addon_id] => 
    [item_name] => Array
        (
            [0] => Steel Bars
        )

    [store_name] => Array
        (
            [0] => Wilcon Depot
        )

    [category_num] => Array
        (
            [0] => 5001
        )

    [amount] => Array
        (
            [0] => 12500
        )

    [payment_method] => Array
        (
            [0] => Cash
        )

    [other_payment_method] => Array
        (
            [0] => 
        )

    [invoice_num] => Array
        (
            [0] => 00001236987
        )

    [save_batch_expense] => 1
    [validate_only] => 1
)

[05-Oct-2025 21:44:52 Asia/Manila] Session data: Array
(
    [authenticated] => 1
    [auth_user] => Array
        (
            [id] => 119
            [name] => Kamil Camposanto
            [email] => schoolcamposanto05@gmail.com
            [role] => admin
            [client_id] => 
            [company_id] => 1
        )

    [last_activity] => 1759671858
)

[05-Oct-2025 21:44:52 Asia/Manila] POST data: Array
(
    [expense_type] => project
    [date] => 2025-10-05
    [client_id] => 2
    [project_id] => project-3
    [main_project_id] => 3
    [addon_id] => 
    [item_name] => Array
        (
            [0] => Steel Bars
        )

    [store_name] => Array
        (
            [0] => Wilcon Depot
        )

    [category_num] => Array
        (
            [0] => 5001
        )

    [amount] => Array
        (
            [0] => 12500
        )

    [payment_method] => Array
        (
            [0] => Cash
        )

    [other_payment_method] => Array
        (
            [0] => 
        )

    [invoice_num] => Array
        (
            [0] => 00001236987
        )

    [save_batch_expense] => 1
    [validate_only] => 1
)

[05-Oct-2025 21:44:54 Asia/Manila] Session data: Array
(
    [authenticated] => 1
    [auth_user] => Array
        (
            [id] => 119
            [name] => Kamil Camposanto
            [email] => schoolcamposanto05@gmail.com
            [role] => admin
            [client_id] => 
            [company_id] => 1
        )

    [last_activity] => 1759671858
)

[05-Oct-2025 21:44:54 Asia/Manila] POST data: Array
(
    [expense_type] => project
    [date] => 2025-10-05
    [client_id] => 2
    [project_id] => project-3
    [main_project_id] => 3
    [addon_id] => 
    [item_name] => Array
        (
            [0] => Steel Bars
        )

    [store_name] => Array
        (
            [0] => Wilcon Depot
        )

    [category_num] => Array
        (
            [0] => 5001
        )

    [amount] => Array
        (
            [0] => 12500
        )

    [payment_method] => Array
        (
            [0] => Cash
        )

    [other_payment_method] => Array
        (
            [0] => 
        )

    [invoice_num] => Array
        (
            [0] => 00001236987
        )

    [save_batch_expense] => 1
    [validate_only] => 0
)

[05-Oct-2025 21:44:54 Asia/Manila] Row to insert: Array
(
    [row_num] => 0
    [user_id] => 119
    [client] => 2
    [main_project_id] => 3
    [addon_id] => 
    [date] => 2025-10-05
    [description] => Steel Bars
    [category_num] => 5001
    [category] => Construction Supply
    [invoice_num] => 00001236987
    [store_name] => Wilcon Depot
    [amount] => 12500
    [payment_method] => Cash
    [receipt_file] => 39da02a6-8e28-4304-b54d-24514bb30d28.jpg
    [receipt_tmp] => /tmp/phpchqjRv
    [final_path] => ../receipts/project_expenses_files/39da02a6-8e28-4304-b54d-24514bb30d28.jpg
)

[05-Oct-2025 21:49:50 Asia/Manila] Session data: Array
(
    [authenticated] => 1
    [auth_user] => Array
        (
            [id] => 119
            [name] => Kamil Camposanto
            [email] => schoolcamposanto05@gmail.com
            [role] => admin
            [client_id] => 
            [company_id] => 1
        )

    [last_activity] => 1759672083
    [status_type] => saved
)

[05-Oct-2025 21:49:50 Asia/Manila] POST data: Array
(
    [expense_type] => project
    [date] => 2025-10-05
    [client_id] => 2
    [project_id] => project-3
    [main_project_id] => 3
    [addon_id] => 
    [item_name] => Array
        (
            [0] => Steel Bars
        )

    [store_name] => Array
        (
            [0] => Maquiling Builders
        )

    [category_num] => Array
        (
            [0] => 5001
        )

    [amount] => Array
        (
            [0] => 115,000
        )

    [payment_method] => Array
        (
            [0] => Cash
        )

    [other_payment_method] => Array
        (
            [0] => 
        )

    [invoice_num] => Array
        (
            [0] => 000003698
        )

    [save_batch_expense] => 1
    [validate_only] => 1
)

[05-Oct-2025 21:50:00 Asia/Manila] Session data: Array
(
    [authenticated] => 1
    [auth_user] => Array
        (
            [id] => 119
            [name] => Kamil Camposanto
            [email] => schoolcamposanto05@gmail.com
            [role] => admin
            [client_id] => 
            [company_id] => 1
        )

    [last_activity] => 1759672083
    [status_type] => saved
)

[05-Oct-2025 21:50:00 Asia/Manila] POST data: Array
(
    [expense_type] => project
    [date] => 2025-10-05
    [client_id] => 2
    [project_id] => project-3
    [main_project_id] => 3
    [addon_id] => 
    [item_name] => Array
        (
            [0] => Steel Bars
        )

    [store_name] => Array
        (
            [0] => Maquiling Builders
        )

    [category_num] => Array
        (
            [0] => 5001
        )

    [amount] => Array
        (
            [0] => 115,000
        )

    [payment_method] => Array
        (
            [0] => Cash
        )

    [other_payment_method] => Array
        (
            [0] => 
        )

    [invoice_num] => Array
        (
            [0] => 000003698
        )

    [save_batch_expense] => 1
    [validate_only] => 1
)

[05-Oct-2025 21:50:15 Asia/Manila] Session data: Array
(
    [authenticated] => 1
    [auth_user] => Array
        (
            [id] => 119
            [name] => Kamil Camposanto
            [email] => schoolcamposanto05@gmail.com
            [role] => admin
            [client_id] => 
            [company_id] => 1
        )

    [last_activity] => 1759672083
    [status_type] => saved
)

[05-Oct-2025 21:50:15 Asia/Manila] POST data: Array
(
    [expense_type] => project
    [date] => 2025-10-05
    [client_id] => 2
    [project_id] => project-3
    [main_project_id] => 3
    [addon_id] => 
    [item_name] => Array
        (
            [0] => Steel Bars
        )

    [store_name] => Array
        (
            [0] => Maquiling Builders
        )

    [category_num] => Array
        (
            [0] => 5001
        )

    [amount] => Array
        (
            [0] => 115,000
        )

    [payment_method] => Array
        (
            [0] => Cash
        )

    [other_payment_method] => Array
        (
            [0] => 
        )

    [invoice_num] => Array
        (
            [0] => 000003698
        )

    [save_batch_expense] => 1
    [validate_only] => 1
)

[05-Oct-2025 21:50:16 Asia/Manila] Session data: Array
(
    [authenticated] => 1
    [auth_user] => Array
        (
            [id] => 119
            [name] => Kamil Camposanto
            [email] => schoolcamposanto05@gmail.com
            [role] => admin
            [client_id] => 
            [company_id] => 1
        )

    [last_activity] => 1759672083
    [status_type] => saved
)

[05-Oct-2025 21:50:16 Asia/Manila] POST data: Array
(
    [expense_type] => project
    [date] => 2025-10-05
    [client_id] => 2
    [project_id] => project-3
    [main_project_id] => 3
    [addon_id] => 
    [item_name] => Array
        (
            [0] => Steel Bars
        )

    [store_name] => Array
        (
            [0] => Maquiling Builders
        )

    [category_num] => Array
        (
            [0] => 5001
        )

    [amount] => Array
        (
            [0] => 115,000
        )

    [payment_method] => Array
        (
            [0] => Cash
        )

    [other_payment_method] => Array
        (
            [0] => 
        )

    [invoice_num] => Array
        (
            [0] => 000003698
        )

    [save_batch_expense] => 1
    [validate_only] => 0
)

[05-Oct-2025 21:50:16 Asia/Manila] Row to insert: Array
(
    [row_num] => 0
    [user_id] => 119
    [client] => 2
    [main_project_id] => 3
    [addon_id] => 
    [date] => 2025-10-05
    [description] => Steel Bars
    [category_num] => 5001
    [category] => Construction Supply
    [invoice_num] => 000003698
    [store_name] => Maquiling Builders
    [amount] => 115000
    [payment_method] => Cash
    [receipt_file] => Testing_Five.jpg
    [receipt_tmp] => /tmp/php427ECv
    [final_path] => ../receipts/project_expenses_files/Testing_Five.jpg
)

[05-Oct-2025 21:51:07 Asia/Manila] Session data: Array
(
    [authenticated] => 1
    [auth_user] => Array
        (
            [id] => 119
            [name] => Kamil Camposanto
            [email] => schoolcamposanto05@gmail.com
            [role] => admin
            [client_id] => 
            [company_id] => 1
        )

    [last_activity] => 1759672241
    [status_type] => saved
)

[05-Oct-2025 21:51:07 Asia/Manila] POST data: Array
(
    [expense_type] => project
    [date] => 2025-10-05
    [client_id] => 2
    [project_id] => project-3
    [main_project_id] => 3
    [addon_id] => 
    [item_name] => Array
        (
            [0] => Lunch Meal
        )

    [store_name] => Array
        (
            [0] => Jollibee Turbina
        )

    [category_num] => Array
        (
            [0] => 5001
        )

    [amount] => Array
        (
            [0] => 250
        )

    [payment_method] => Array
        (
            [0] => Cash
        )

    [other_payment_method] => Array
        (
            [0] => 
        )

    [invoice_num] => Array
        (
            [0] => 000123659
        )

    [save_batch_expense] => 1
    [validate_only] => 1
)

[05-Oct-2025 21:51:14 Asia/Manila] Session data: Array
(
    [authenticated] => 1
    [auth_user] => Array
        (
            [id] => 119
            [name] => Kamil Camposanto
            [email] => schoolcamposanto05@gmail.com
            [role] => admin
            [client_id] => 
            [company_id] => 1
        )

    [last_activity] => 1759672241
    [status_type] => saved
)

[05-Oct-2025 21:51:14 Asia/Manila] POST data: Array
(
    [expense_type] => project
    [date] => 2025-10-05
    [client_id] => 2
    [project_id] => project-3
    [main_project_id] => 3
    [addon_id] => 
    [item_name] => Array
        (
            [0] => Lunch Meal
        )

    [store_name] => Array
        (
            [0] => Jollibee Turbina
        )

    [category_num] => Array
        (
            [0] => 5001
        )

    [amount] => Array
        (
            [0] => 250
        )

    [payment_method] => Array
        (
            [0] => Cash
        )

    [other_payment_method] => Array
        (
            [0] => 
        )

    [invoice_num] => Array
        (
            [0] => 000123659
        )

    [save_batch_expense] => 1
    [validate_only] => 0
)

[05-Oct-2025 21:51:14 Asia/Manila] Row to insert: Array
(
    [row_num] => 0
    [user_id] => 119
    [client] => 2
    [main_project_id] => 3
    [addon_id] => 
    [date] => 2025-10-05
    [description] => Lunch Meal
    [category_num] => 5001
    [category] => Construction Supply
    [invoice_num] => 000123659
    [store_name] => Jollibee Turbina
    [amount] => 250
    [payment_method] => Cash
    [receipt_file] => Testing_Two.jpg
    [receipt_tmp] => /tmp/phpl8pWJa
    [final_path] => ../receipts/project_expenses_files/Testing_Two.jpg
)

[29-Oct-2025 14:58:56 Asia/Manila] Session data: Array
(
    [authenticated] => 1
    [auth_user] => Array
        (
            [id] => 119
            [name] => Kamil Camposanto
            [email] => schoolcamposanto05@gmail.com
            [role] => admin
            [client_id] => 
            [company_id] => 1
        )

    [last_activity] => 1761721097
    [status_type] => updated
)

[29-Oct-2025 14:58:56 Asia/Manila] POST data: Array
(
    [expense_type] => project
    [date] => 2025-10-29
    [client_id] => 2
    [project_id] => project-3
    [main_project_id] => 3
    [addon_id] => 
    [item_name] => Array
        (
            [0] => Steel Bars
        )

    [store_name] => Array
        (
            [0] => Wilcon Depot
        )

    [category_num] => Array
        (
            [0] => 5001
        )

    [amount] => Array
        (
            [0] => 25000
        )

    [payment_method] => Array
        (
            [0] => Cash
        )

    [other_payment_method] => Array
        (
            [0] => 
        )

    [invoice_num] => Array
        (
            [0] => 0001236598
        )

    [save_batch_expense] => 1
    [validate_only] => 1
)

[29-Oct-2025 15:15:51 Asia/Manila] Session data: Array
(
    [authenticated] => 1
    [auth_user] => Array
        (
            [id] => 119
            [name] => Kamil Camposanto
            [email] => schoolcamposanto05@gmail.com
            [role] => admin
            [client_id] => 
            [company_id] => 1
        )

    [last_activity] => 1761722118
    [status_type] => updated
)

[29-Oct-2025 15:15:51 Asia/Manila] POST data: Array
(
    [expense_type] => project
    [date] => 2025-10-29
    [client_id] => 2
    [project_id] => project-3
    [main_project_id] => 3
    [addon_id] => 
    [item_name] => Array
        (
            [0] => Steel Bars
        )

    [store_name] => Array
        (
            [0] => JMC Trading
        )

    [category_num] => Array
        (
            [0] => 5001
        )

    [amount] => Array
        (
            [0] => 1785
        )

    [payment_method] => Array
        (
            [0] => Cash
        )

    [other_payment_method] => Array
        (
            [0] => 
        )

    [invoice_num] => Array
        (
            [0] => 0002336548
        )

    [save_batch_expense] => 1
    [validate_only] => 1
)

[29-Oct-2025 15:15:56 Asia/Manila] Session data: Array
(
    [authenticated] => 1
    [auth_user] => Array
        (
            [id] => 119
            [name] => Kamil Camposanto
            [email] => schoolcamposanto05@gmail.com
            [role] => admin
            [client_id] => 
            [company_id] => 1
        )

    [last_activity] => 1761722118
    [status_type] => updated
)

[29-Oct-2025 15:15:56 Asia/Manila] POST data: Array
(
    [expense_type] => project
    [date] => 2025-10-29
    [client_id] => 2
    [project_id] => project-3
    [main_project_id] => 3
    [addon_id] => 
    [item_name] => Array
        (
            [0] => Steel Bars
        )

    [store_name] => Array
        (
            [0] => JMC Trading
        )

    [category_num] => Array
        (
            [0] => 5001
        )

    [amount] => Array
        (
            [0] => 1785
        )

    [payment_method] => Array
        (
            [0] => Cash
        )

    [other_payment_method] => Array
        (
            [0] => 
        )

    [invoice_num] => Array
        (
            [0] => 0002336548
        )

    [save_batch_expense] => 1
    [validate_only] => 0
)

[29-Oct-2025 15:15:56 Asia/Manila] Row to insert: Array
(
    [row_num] => 0
    [user_id] => 119
    [client] => 2
    [main_project_id] => 3
    [addon_id] => 
    [date] => 2025-10-29
    [description] => Steel Bars
    [category_num] => 5001
    [category] => Construction Supply
    [invoice_num] => 0002336548
    [store_name] => JMC Trading
    [amount] => 1785
    [payment_method] => Cash
    [receipt_file] => FLOWCHART_admin&finance.jpg
    [receipt_tmp] => /tmp/phpmzBwTb
    [final_path] => ../receipts/project_expenses_files/FLOWCHART_admin&finance.jpg
)

[29-Oct-2025 15:17:16 Asia/Manila] Session data: Array
(
    [authenticated] => 1
    [auth_user] => Array
        (
            [id] => 119
            [name] => Kamil Camposanto
            [email] => schoolcamposanto05@gmail.com
            [role] => admin
            [client_id] => 
            [company_id] => 1
        )

    [last_activity] => 1761722158
    [status_type] => updated
)

[29-Oct-2025 15:17:16 Asia/Manila] POST data: Array
(
    [expense_type] => project
    [date] => 2025-10-29
    [client_id] => 2
    [project_id] => addon-1
    [main_project_id] => 3
    [addon_id] => 1
    [item_name] => Array
        (
            [0] => Bakal and Turnilyo
            [1] => PVC Pipes
        )

    [store_name] => Array
        (
            [0] => Junkshop
            [1] => Maquiling Builders
        )

    [category_num] => Array
        (
            [0] => 5001
            [1] => 5001
        )

    [amount] => Array
        (
            [0] => 125
            [1] => 579
        )

    [payment_method] => Array
        (
            [0] => Cash
            [1] => Cash
        )

    [other_payment_method] => Array
        (
            [0] => 
            [1] => 
        )

    [invoice_num] => Array
        (
            [0] => 0000
            [1] => 123654
        )

    [save_batch_expense] => 1
    [validate_only] => 1
)

[29-Oct-2025 15:17:27 Asia/Manila] Session data: Array
(
    [authenticated] => 1
    [auth_user] => Array
        (
            [id] => 119
            [name] => Kamil Camposanto
            [email] => schoolcamposanto05@gmail.com
            [role] => admin
            [client_id] => 
            [company_id] => 1
        )

    [last_activity] => 1761722158
    [status_type] => updated
)

[29-Oct-2025 15:17:27 Asia/Manila] POST data: Array
(
    [expense_type] => project
    [date] => 2025-10-29
    [client_id] => 2
    [project_id] => addon-1
    [main_project_id] => 3
    [addon_id] => 1
    [item_name] => Array
        (
            [0] => Bakal and Turnilyo
            [1] => PVC Pipes
        )

    [store_name] => Array
        (
            [0] => Junkshop
            [1] => Maquiling Builders
        )

    [category_num] => Array
        (
            [0] => 5001
            [1] => 5001
        )

    [amount] => Array
        (
            [0] => 125
            [1] => 579
        )

    [payment_method] => Array
        (
            [0] => Cash
            [1] => Cash
        )

    [other_payment_method] => Array
        (
            [0] => 
            [1] => 
        )

    [invoice_num] => Array
        (
            [0] => 0000
            [1] => 123654
        )

    [save_batch_expense] => 1
    [validate_only] => 1
)

[29-Oct-2025 15:17:39 Asia/Manila] Session data: Array
(
    [authenticated] => 1
    [auth_user] => Array
        (
            [id] => 119
            [name] => Kamil Camposanto
            [email] => schoolcamposanto05@gmail.com
            [role] => admin
            [client_id] => 
            [company_id] => 1
        )

    [last_activity] => 1761722158
    [status_type] => updated
)

[29-Oct-2025 15:17:39 Asia/Manila] POST data: Array
(
    [expense_type] => project
    [date] => 2025-10-29
    [client_id] => 2
    [project_id] => addon-1
    [main_project_id] => 3
    [addon_id] => 1
    [item_name] => Array
        (
            [0] => Bakal and Turnilyo
            [1] => PVC Pipes
        )

    [store_name] => Array
        (
            [0] => Junkshop
            [1] => Maquiling Builders
        )

    [category_num] => Array
        (
            [0] => 5001
            [1] => 5001
        )

    [amount] => Array
        (
            [0] => 125
            [1] => 579
        )

    [payment_method] => Array
        (
            [0] => Cash
            [1] => Cash
        )

    [other_payment_method] => Array
        (
            [0] => 
            [1] => 
        )

    [invoice_num] => Array
        (
            [0] => 0000
            [1] => 123654
        )

    [save_batch_expense] => 1
    [validate_only] => 0
)

[29-Oct-2025 15:17:39 Asia/Manila] Row to insert: Array
(
    [row_num] => 0
    [user_id] => 119
    [client] => 2
    [main_project_id] => 3
    [addon_id] => 1
    [date] => 2025-10-29
    [description] => Bakal and Turnilyo
    [category_num] => 5001
    [category] => Construction Supply
    [invoice_num] => 0000
    [store_name] => Junkshop
    [amount] => 125
    [payment_method] => Cash
    [receipt_file] => DFD_lvl_1.jpg
    [receipt_tmp] => /tmp/phpjM51pj
    [final_path] => ../receipts/project_expenses_files/DFD_lvl_1.jpg
)

[29-Oct-2025 15:17:39 Asia/Manila] Row to insert: Array
(
    [row_num] => 1
    [user_id] => 119
    [client] => 2
    [main_project_id] => 3
    [addon_id] => 1
    [date] => 2025-10-29
    [description] => PVC Pipes
    [category_num] => 5001
    [category] => Construction Supply
    [invoice_num] => 123654
    [store_name] => Maquiling Builders
    [amount] => 579
    [payment_method] => Cash
    [receipt_file] => krispy-kreme.jpg
    [receipt_tmp] => /tmp/php9sFdJn
    [final_path] => ../receipts/project_expenses_files/krispy-kreme.jpg
)

[29-Oct-2025 22:58:15 Asia/Manila] Session data: Array
(
    [authenticated] => 1
    [auth_user] => Array
        (
            [id] => 119
            [name] => Kamil Camposanto
            [email] => schoolcamposanto05@gmail.com
            [role] => admin
            [client_id] => 
            [company_id] => 1
        )

    [last_activity] => 1761749837
    [last_viewed_recording] => 2025-10-29 14:40:48
    [last_viewed_fsAccess] => 2025-10-24 22:23:55
    [last_viewed_sessions] => 2025-10-29 22:53:24
    [status_type] => saved
)

[29-Oct-2025 22:58:15 Asia/Manila] POST data: Array
(
    [expense_type] => project
    [date] => 2025-10-29
    [client_id] => 7
    [project_id] => project-11
    [main_project_id] => 11
    [addon_id] => 
    [item_name] => Array
        (
            [0] => 2 dozens of Tiles
        )

    [store_name] => Array
        (
            [0] => JMC Trading
        )

    [category_num] => Array
        (
            [0] => 5001
        )

    [amount] => Array
        (
            [0] => 12598
        )

    [payment_method] => Array
        (
            [0] => Cash
        )

    [other_payment_method] => Array
        (
            [0] => 
        )

    [invoice_num] => Array
        (
            [0] => 000012365
        )

    [save_batch_expense] => 1
    [validate_only] => 1
)

[29-Oct-2025 22:58:28 Asia/Manila] Session data: Array
(
    [authenticated] => 1
    [auth_user] => Array
        (
            [id] => 119
            [name] => Kamil Camposanto
            [email] => schoolcamposanto05@gmail.com
            [role] => admin
            [client_id] => 
            [company_id] => 1
        )

    [last_activity] => 1761749837
    [last_viewed_recording] => 2025-10-29 14:40:48
    [last_viewed_fsAccess] => 2025-10-24 22:23:55
    [last_viewed_sessions] => 2025-10-29 22:53:24
    [status_type] => saved
)

[29-Oct-2025 22:58:28 Asia/Manila] POST data: Array
(
    [expense_type] => project
    [date] => 2025-10-29
    [client_id] => 7
    [project_id] => project-11
    [main_project_id] => 11
    [addon_id] => 
    [item_name] => Array
        (
            [0] => 2 dozens of Tiles
        )

    [store_name] => Array
        (
            [0] => JMC Trading
        )

    [category_num] => Array
        (
            [0] => 5001
        )

    [amount] => Array
        (
            [0] => 12598
        )

    [payment_method] => Array
        (
            [0] => Cash
        )

    [other_payment_method] => Array
        (
            [0] => 
        )

    [invoice_num] => Array
        (
            [0] => 000012365
        )

    [save_batch_expense] => 1
    [validate_only] => 1
)

[29-Oct-2025 22:58:30 Asia/Manila] Session data: Array
(
    [authenticated] => 1
    [auth_user] => Array
        (
            [id] => 119
            [name] => Kamil Camposanto
            [email] => schoolcamposanto05@gmail.com
            [role] => admin
            [client_id] => 
            [company_id] => 1
        )

    [last_activity] => 1761749837
    [last_viewed_recording] => 2025-10-29 14:40:48
    [last_viewed_fsAccess] => 2025-10-24 22:23:55
    [last_viewed_sessions] => 2025-10-29 22:53:24
    [status_type] => saved
)

[29-Oct-2025 22:58:30 Asia/Manila] POST data: Array
(
    [expense_type] => project
    [date] => 2025-10-29
    [client_id] => 7
    [project_id] => project-11
    [main_project_id] => 11
    [addon_id] => 
    [item_name] => Array
        (
            [0] => 2 dozens of Tiles
        )

    [store_name] => Array
        (
            [0] => JMC Trading
        )

    [category_num] => Array
        (
            [0] => 5001
        )

    [amount] => Array
        (
            [0] => 12598
        )

    [payment_method] => Array
        (
            [0] => Cash
        )

    [other_payment_method] => Array
        (
            [0] => 
        )

    [invoice_num] => Array
        (
            [0] => 000012365
        )

    [save_batch_expense] => 1
    [validate_only] => 0
)

[29-Oct-2025 22:58:30 Asia/Manila] Row to insert: Array
(
    [row_num] => 0
    [user_id] => 119
    [client] => 7
    [main_project_id] => 11
    [addon_id] => 
    [date] => 2025-10-29
    [description] => 2 dozens of Tiles
    [category_num] => 5001
    [category] => Construction Supply
    [invoice_num] => 000012365
    [store_name] => JMC Trading
    [amount] => 12598
    [payment_method] => Cash
    [receipt_file] => smm.jpg
    [receipt_tmp] => /tmp/phphSvnM3
    [final_path] => ../receipts/project_expenses_files/smm.jpg
)

[31-Oct-2025 02:53:51 Asia/Manila] Session data: Array
(
    [authenticated] => 1
    [auth_user] => Array
        (
            [id] => 119
            [name] => Kamil Camposanto
            [email] => schoolcamposanto05@gmail.com
            [role] => admin
            [client_id] => 
            [company_id] => 1
        )

    [last_activity] => 1761850337
    [last_viewed_recording] => 2025-10-31 00:12:50
    [last_viewed_archive] => 2025-10-30 20:52:43
    [last_viewed_sessions] => 2025-10-31 01:41:08
    [last_viewed_fsAccess] => 2025-10-30 22:57:17
    [initialized_0] => 1
)

[31-Oct-2025 02:53:51 Asia/Manila] POST data: Array
(
    [expense_type] => project
    [date] => 2025-10-31
    [client_id] => 7
    [project_id] => project-1
    [main_project_id] => 1
    [addon_id] => 
    [item_name] => Array
        (
            [0] => 2 Dozens of Tiles
            [1] => 4 Bags of Cement
        )

    [store_name] => Array
        (
            [0] => JMC Trading
            [1] => Maquiling Builders
        )

    [category_num] => Array
        (
            [0] => 5001
            [1] => 5001
        )

    [amount] => Array
        (
            [0] => 785
            [1] => 876
        )

    [payment_method] => Array
        (
            [0] => Cash
            [1] => Cash
        )

    [other_payment_method] => Array
        (
            [0] => 
            [1] => 
        )

    [invoice_num] => Array
        (
            [0] => 00014785
            [1] => 00032657
        )

    [save_batch_expense] => 1
    [validate_only] => 1
)

[31-Oct-2025 02:54:32 Asia/Manila] Session data: Array
(
    [authenticated] => 1
    [auth_user] => Array
        (
            [id] => 119
            [name] => Kamil Camposanto
            [email] => schoolcamposanto05@gmail.com
            [role] => admin
            [client_id] => 
            [company_id] => 1
        )

    [last_activity] => 1761850337
    [last_viewed_recording] => 2025-10-31 00:12:50
    [last_viewed_archive] => 2025-10-30 20:52:43
    [last_viewed_sessions] => 2025-10-31 01:41:08
    [last_viewed_fsAccess] => 2025-10-30 22:57:17
    [initialized_0] => 1
)

[31-Oct-2025 02:54:32 Asia/Manila] POST data: Array
(
    [expense_type] => project
    [date] => 2025-10-31
    [client_id] => 7
    [project_id] => project-1
    [main_project_id] => 1
    [addon_id] => 
    [item_name] => Array
        (
            [0] => 2 Dozens of Tiles
            [1] => 4 Bags of Cement
        )

    [store_name] => Array
        (
            [0] => JMC Trading
            [1] => Maquiling Builders
        )

    [category_num] => Array
        (
            [0] => 5001
            [1] => 5001
        )

    [amount] => Array
        (
            [0] => 785
            [1] => 876
        )

    [payment_method] => Array
        (
            [0] => Cash
            [1] => Cash
        )

    [other_payment_method] => Array
        (
            [0] => 
            [1] => 
        )

    [invoice_num] => Array
        (
            [0] => 00014785
            [1] => 00032657
        )

    [save_batch_expense] => 1
    [validate_only] => 1
)

[31-Oct-2025 02:54:37 Asia/Manila] Session data: Array
(
    [authenticated] => 1
    [auth_user] => Array
        (
            [id] => 119
            [name] => Kamil Camposanto
            [email] => schoolcamposanto05@gmail.com
            [role] => admin
            [client_id] => 
            [company_id] => 1
        )

    [last_activity] => 1761850337
    [last_viewed_recording] => 2025-10-31 00:12:50
    [last_viewed_archive] => 2025-10-30 20:52:43
    [last_viewed_sessions] => 2025-10-31 01:41:08
    [last_viewed_fsAccess] => 2025-10-30 22:57:17
    [initialized_0] => 1
)

[31-Oct-2025 02:54:37 Asia/Manila] POST data: Array
(
    [expense_type] => project
    [date] => 2025-10-31
    [client_id] => 7
    [project_id] => project-1
    [main_project_id] => 1
    [addon_id] => 
    [item_name] => Array
        (
            [0] => 2 Dozens of Tiles
            [1] => 4 Bags of Cement
        )

    [store_name] => Array
        (
            [0] => JMC Trading
            [1] => Maquiling Builders
        )

    [category_num] => Array
        (
            [0] => 5001
            [1] => 5001
        )

    [amount] => Array
        (
            [0] => 785
            [1] => 876
        )

    [payment_method] => Array
        (
            [0] => Cash
            [1] => Cash
        )

    [other_payment_method] => Array
        (
            [0] => 
            [1] => 
        )

    [invoice_num] => Array
        (
            [0] => 00014785
            [1] => 00032657
        )

    [save_batch_expense] => 1
    [validate_only] => 0
)

[31-Oct-2025 02:54:37 Asia/Manila] Row to insert: Array
(
    [row_num] => 0
    [user_id] => 119
    [client] => 7
    [main_project_id] => 1
    [addon_id] => 
    [date] => 2025-10-31
    [description] => 2 Dozens of Tiles
    [category_num] => 5001
    [category] => Construction Supply
    [invoice_num] => 00014785
    [store_name] => JMC Trading
    [amount] => 785
    [payment_method] => Cash
    [receipt_file] => 487967807_1205802584302798_4111585758771965832_n.jpg
    [receipt_tmp] => /tmp/phpKbijLr
    [final_path] => ../receipts/project_expenses_files/487967807_1205802584302798_4111585758771965832_n.jpg
)

[31-Oct-2025 02:54:37 Asia/Manila] Row to insert: Array
(
    [row_num] => 1
    [user_id] => 119
    [client] => 7
    [main_project_id] => 1
    [addon_id] => 
    [date] => 2025-10-31
    [description] => 4 Bags of Cement
    [category_num] => 5001
    [category] => Construction Supply
    [invoice_num] => 00032657
    [store_name] => Maquiling Builders
    [amount] => 876
    [payment_method] => Cash
    [receipt_file] => CamScanner 04-21-2025 16.22_1.jpeg
    [receipt_tmp] => /tmp/phpys6pQr
    [final_path] => ../receipts/project_expenses_files/CamScanner 04-21-2025 16.22_1.jpeg
)

[31-Oct-2025 03:00:04 Asia/Manila] Session data: Array
(
    [authenticated] => 1
    [auth_user] => Array
        (
            [id] => 119
            [name] => Kamil Camposanto
            [email] => schoolcamposanto05@gmail.com
            [role] => admin
            [client_id] => 
            [company_id] => 1
        )

    [last_activity] => 1761850708
    [last_viewed_recording] => 2025-10-31 00:12:50
    [last_viewed_archive] => 2025-10-30 20:52:43
    [last_viewed_sessions] => 2025-10-31 01:41:08
    [last_viewed_fsAccess] => 2025-10-30 22:57:17
    [initialized_0] => 1
    [login_id] => login_6903b49a291961.77746282
    [fs_unlocked] => 1
)

[31-Oct-2025 03:00:04 Asia/Manila] POST data: Array
(
    [expense_type] => project
    [date] => 2025-10-31
    [client_id] => 7
    [project_id] => project-1
    [main_project_id] => 1
    [addon_id] => 
    [item_name] => Array
        (
            [0] => Tile Adhesive
            [1] => Grout
        )

    [store_name] => Array
        (
            [0] => JMC Trading
            [1] => JMC Trading
        )

    [category_num] => Array
        (
            [0] => 5001
            [1] => 5001
        )

    [amount] => Array
        (
            [0] => 254
            [1] => 796.21
        )

    [payment_method] => Array
        (
            [0] => Cash
            [1] => Cash
        )

    [other_payment_method] => Array
        (
            [0] => 
            [1] => 
        )

    [invoice_num] => Array
        (
            [0] => 00012369
            [1] => 0000875314
        )

    [save_batch_expense] => 1
    [validate_only] => 1
)

[31-Oct-2025 03:00:09 Asia/Manila] Session data: Array
(
    [authenticated] => 1
    [auth_user] => Array
        (
            [id] => 119
            [name] => Kamil Camposanto
            [email] => schoolcamposanto05@gmail.com
            [role] => admin
            [client_id] => 
            [company_id] => 1
        )

    [last_activity] => 1761850708
    [last_viewed_recording] => 2025-10-31 00:12:50
    [last_viewed_archive] => 2025-10-30 20:52:43
    [last_viewed_sessions] => 2025-10-31 01:41:08
    [last_viewed_fsAccess] => 2025-10-30 22:57:17
    [initialized_0] => 1
    [login_id] => login_6903b49a291961.77746282
    [fs_unlocked] => 1
)

[31-Oct-2025 03:00:09 Asia/Manila] POST data: Array
(
    [expense_type] => project
    [date] => 2025-10-31
    [client_id] => 7
    [project_id] => project-1
    [main_project_id] => 1
    [addon_id] => 
    [item_name] => Array
        (
            [0] => Tile Adhesive
            [1] => Grout
        )

    [store_name] => Array
        (
            [0] => JMC Trading
            [1] => JMC Trading
        )

    [category_num] => Array
        (
            [0] => 5001
            [1] => 5001
        )

    [amount] => Array
        (
            [0] => 254
            [1] => 796.21
        )

    [payment_method] => Array
        (
            [0] => Cash
            [1] => Cash
        )

    [other_payment_method] => Array
        (
            [0] => 
            [1] => 
        )

    [invoice_num] => Array
        (
            [0] => 00012369
            [1] => 0000875314
        )

    [save_batch_expense] => 1
    [validate_only] => 0
)

[31-Oct-2025 03:00:09 Asia/Manila] Row to insert: Array
(
    [row_num] => 0
    [user_id] => 119
    [client] => 7
    [main_project_id] => 1
    [addon_id] => 
    [date] => 2025-10-31
    [description] => Tile Adhesive
    [category_num] => 5001
    [category] => Construction Supply
    [invoice_num] => 00012369
    [store_name] => JMC Trading
    [amount] => 254
    [payment_method] => Cash
    [receipt_file] => 441930550_2850761561737628_303201990423808327_n.jpg
    [receipt_tmp] => /tmp/phpUvt9pG
    [final_path] => ../receipts/project_expenses_files/441930550_2850761561737628_303201990423808327_n.jpg
)

[31-Oct-2025 03:00:09 Asia/Manila] Row to insert: Array
(
    [row_num] => 1
    [user_id] => 119
    [client] => 7
    [main_project_id] => 1
    [addon_id] => 
    [date] => 2025-10-31
    [description] => Grout
    [category_num] => 5001
    [category] => Construction Supply
    [invoice_num] => 0000875314
    [store_name] => JMC Trading
    [amount] => 796.21
    [payment_method] => Cash
    [receipt_file] => Vincent-van-Gogh-Doctor-Gachet-631.jpg
    [receipt_tmp] => /tmp/phpAsL1FO
    [final_path] => ../receipts/project_expenses_files/Vincent-van-Gogh-Doctor-Gachet-631.jpg
)

[31-Oct-2025 03:01:43 Asia/Manila] Session data: Array
(
    [authenticated] => 1
    [auth_user] => Array
        (
            [id] => 119
            [name] => Kamil Camposanto
            [email] => schoolcamposanto05@gmail.com
            [role] => admin
            [client_id] => 
            [company_id] => 1
        )

    [last_activity] => 1761850851
    [last_viewed_recording] => 2025-10-31 00:12:50
    [last_viewed_archive] => 2025-10-30 20:52:43
    [last_viewed_sessions] => 2025-10-31 01:41:08
    [last_viewed_fsAccess] => 2025-10-30 22:57:17
    [initialized_0] => 1
    [login_id] => login_6903b49a291961.77746282
    [fs_unlocked] => 1
)

[31-Oct-2025 03:01:43 Asia/Manila] POST data: Array
(
    [expense_type] => project
    [date] => 2025-10-31
    [client_id] => 7
    [project_id] => project-1
    [main_project_id] => 1
    [addon_id] => 
    [item_name] => Array
        (
            [0] => Tile Cutter
        )

    [store_name] => Array
        (
            [0] => Wilcon Depot
        )

    [category_num] => Array
        (
            [0] => 5001
        )

    [amount] => Array
        (
            [0] => 4854.55
        )

    [payment_method] => Array
        (
            [0] => Cash
        )

    [other_payment_method] => Array
        (
            [0] => 
        )

    [invoice_num] => Array
        (
            [0] => 0003297412
        )

    [save_batch_expense] => 1
    [validate_only] => 1
)

[31-Oct-2025 03:01:45 Asia/Manila] Session data: Array
(
    [authenticated] => 1
    [auth_user] => Array
        (
            [id] => 119
            [name] => Kamil Camposanto
            [email] => schoolcamposanto05@gmail.com
            [role] => admin
            [client_id] => 
            [company_id] => 1
        )

    [last_activity] => 1761850851
    [last_viewed_recording] => 2025-10-31 00:12:50
    [last_viewed_archive] => 2025-10-30 20:52:43
    [last_viewed_sessions] => 2025-10-31 01:41:08
    [last_viewed_fsAccess] => 2025-10-30 22:57:17
    [initialized_0] => 1
    [login_id] => login_6903b49a291961.77746282
    [fs_unlocked] => 1
)

[31-Oct-2025 03:01:45 Asia/Manila] POST data: Array
(
    [expense_type] => project
    [date] => 2025-10-31
    [client_id] => 7
    [project_id] => project-1
    [main_project_id] => 1
    [addon_id] => 
    [item_name] => Array
        (
            [0] => Tile Cutter
        )

    [store_name] => Array
        (
            [0] => Wilcon Depot
        )

    [category_num] => Array
        (
            [0] => 5001
        )

    [amount] => Array
        (
            [0] => 4854.55
        )

    [payment_method] => Array
        (
            [0] => Cash
        )

    [other_payment_method] => Array
        (
            [0] => 
        )

    [invoice_num] => Array
        (
            [0] => 0003297412
        )

    [save_batch_expense] => 1
    [validate_only] => 0
)

[31-Oct-2025 03:01:45 Asia/Manila] Row to insert: Array
(
    [row_num] => 0
    [user_id] => 119
    [client] => 7
    [main_project_id] => 1
    [addon_id] => 
    [date] => 2025-10-31
    [description] => Tile Cutter
    [category_num] => 5001
    [category] => Construction Supply
    [invoice_num] => 0003297412
    [store_name] => Wilcon Depot
    [amount] => 4854.55
    [payment_method] => Cash
    [receipt_file] => 9f740a55-5afa-4c04-b4d4-22b4b05dc61f.jpg
    [receipt_tmp] => /tmp/phpwSLvrI
    [final_path] => ../receipts/project_expenses_files/9f740a55-5afa-4c04-b4d4-22b4b05dc61f.jpg
)

[31-Oct-2025 03:31:52 Asia/Manila] Session data: Array
(
    [authenticated] => 1
    [auth_user] => Array
        (
            [id] => 119
            [name] => Kamil Camposanto
            [email] => schoolcamposanto05@gmail.com
            [role] => admin
            [client_id] => 
            [company_id] => 1
        )

    [last_activity] => 1761852640
    [last_viewed_recording] => 2025-10-31 00:12:50
    [last_viewed_archive] => 2025-10-30 20:52:43
    [last_viewed_sessions] => 2025-10-31 01:41:08
    [last_viewed_fsAccess] => 2025-10-30 22:57:17
    [initialized_0] => 1
    [login_id] => login_6903b49a291961.77746282
    [fs_unlocked] => 1
)

[31-Oct-2025 03:31:52 Asia/Manila] POST data: Array
(
    [expense_type] => project
    [date] => 2025-10-31
    [client_id] => 7
    [project_id] => project-1
    [main_project_id] => 1
    [addon_id] => 
    [item_name] => Array
        (
            [0] => 3 pcs Brush
        )

    [store_name] => Array
        (
            [0] => JMC Trading
        )

    [category_num] => Array
        (
            [0] => 5001
        )

    [amount] => Array
        (
            [0] => 158
        )

    [payment_method] => Array
        (
            [0] => Cash
        )

    [other_payment_method] => Array
        (
            [0] => 
        )

    [invoice_num] => Array
        (
            [0] => 000321796565
        )

    [save_batch_expense] => 1
    [validate_only] => 1
)

[31-Oct-2025 03:31:54 Asia/Manila] Session data: Array
(
    [authenticated] => 1
    [auth_user] => Array
        (
            [id] => 119
            [name] => Kamil Camposanto
            [email] => schoolcamposanto05@gmail.com
            [role] => admin
            [client_id] => 
            [company_id] => 1
        )

    [last_activity] => 1761852640
    [last_viewed_recording] => 2025-10-31 00:12:50
    [last_viewed_archive] => 2025-10-30 20:52:43
    [last_viewed_sessions] => 2025-10-31 01:41:08
    [last_viewed_fsAccess] => 2025-10-30 22:57:17
    [initialized_0] => 1
    [login_id] => login_6903b49a291961.77746282
    [fs_unlocked] => 1
)

[31-Oct-2025 03:31:54 Asia/Manila] POST data: Array
(
    [expense_type] => project
    [date] => 2025-10-31
    [client_id] => 7
    [project_id] => project-1
    [main_project_id] => 1
    [addon_id] => 
    [item_name] => Array
        (
            [0] => 3 pcs Brush
        )

    [store_name] => Array
        (
            [0] => JMC Trading
        )

    [category_num] => Array
        (
            [0] => 5001
        )

    [amount] => Array
        (
            [0] => 158
        )

    [payment_method] => Array
        (
            [0] => Cash
        )

    [other_payment_method] => Array
        (
            [0] => 
        )

    [invoice_num] => Array
        (
            [0] => 000321796565
        )

    [save_batch_expense] => 1
    [validate_only] => 0
)

[31-Oct-2025 03:31:54 Asia/Manila] Row to insert: Array
(
    [row_num] => 0
    [user_id] => 119
    [client] => 7
    [main_project_id] => 1
    [addon_id] => 
    [date] => 2025-10-31
    [description] => 3 pcs Brush
    [category_num] => 5001
    [category] => Construction Supply
    [invoice_num] => 000321796565
    [store_name] => JMC Trading
    [amount] => 158
    [payment_method] => Cash
    [receipt_file] => images-1.jpg
    [receipt_tmp] => /tmp/phpomxL9H
    [final_path] => ../receipts/project_expenses_files/images-1.jpg
)

[31-Oct-2025 03:36:37 Asia/Manila] Session data: Array
(
    [authenticated] => 1
    [auth_user] => Array
        (
            [id] => 119
            [name] => Kamil Camposanto
            [email] => schoolcamposanto05@gmail.com
            [role] => admin
            [client_id] => 
            [company_id] => 1
        )

    [last_activity] => 1761852963
    [last_viewed_recording] => 2025-10-31 03:35:48
    [last_viewed_archive] => 2025-10-30 20:52:43
    [last_viewed_sessions] => 2025-10-31 01:41:08
    [last_viewed_fsAccess] => 2025-10-30 22:57:17
    [initialized_0] => 1
    [login_id] => login_6903b49a291961.77746282
    [fs_unlocked] => 1
)

[31-Oct-2025 03:36:37 Asia/Manila] POST data: Array
(
    [expense_type] => project
    [date] => 2025-10-31
    [main_project_id] => 
    [addon_id] => 
    [item_name] => Array
        (
            [0] => 5 pcs Granite
        )

    [store_name] => Array
        (
            [0] => JMC Trading
        )

    [category_num] => Array
        (
            [0] => 5001
        )

    [amount] => Array
        (
            [0] => 1250
        )

    [payment_method] => Array
        (
            [0] => Cash
        )

    [other_payment_method] => Array
        (
            [0] => 
        )

    [invoice_num] => Array
        (
            [0] => 00036598
        )

    [save_batch_expense] => 1
    [validate_only] => 1
)

[31-Oct-2025 03:36:37 Asia/Manila] PHP Warning:  Undefined array key "client_id" in /home/u570829513/domains/rvrsmes-fms.com/public_html/inner_pages/expense_logic.php on line 141
[31-Oct-2025 03:37:17 Asia/Manila] Session data: Array
(
    [authenticated] => 1
    [auth_user] => Array
        (
            [id] => 119
            [name] => Kamil Camposanto
            [email] => schoolcamposanto05@gmail.com
            [role] => admin
            [client_id] => 
            [company_id] => 1
        )

    [last_activity] => 1761852963
    [last_viewed_recording] => 2025-10-31 03:35:48
    [last_viewed_archive] => 2025-10-30 20:52:43
    [last_viewed_sessions] => 2025-10-31 01:41:08
    [last_viewed_fsAccess] => 2025-10-30 22:57:17
    [initialized_0] => 1
    [login_id] => login_6903b49a291961.77746282
    [fs_unlocked] => 1
)

[31-Oct-2025 03:37:17 Asia/Manila] POST data: Array
(
    [expense_type] => project
    [date] => 2025-10-31
    [client_id] => 7
    [project_id] => project-1
    [main_project_id] => 1
    [addon_id] => 
    [item_name] => Array
        (
            [0] => 5 pcs Granite
        )

    [store_name] => Array
        (
            [0] => JMC Trading
        )

    [category_num] => Array
        (
            [0] => 5001
        )

    [amount] => Array
        (
            [0] => 1250
        )

    [payment_method] => Array
        (
            [0] => Cash
        )

    [other_payment_method] => Array
        (
            [0] => 
        )

    [invoice_num] => Array
        (
            [0] => 00036598
        )

    [save_batch_expense] => 1
    [validate_only] => 1
)

[31-Oct-2025 03:37:19 Asia/Manila] Session data: Array
(
    [authenticated] => 1
    [auth_user] => Array
        (
            [id] => 119
            [name] => Kamil Camposanto
            [email] => schoolcamposanto05@gmail.com
            [role] => admin
            [client_id] => 
            [company_id] => 1
        )

    [last_activity] => 1761852963
    [last_viewed_recording] => 2025-10-31 03:35:48
    [last_viewed_archive] => 2025-10-30 20:52:43
    [last_viewed_sessions] => 2025-10-31 01:41:08
    [last_viewed_fsAccess] => 2025-10-30 22:57:17
    [initialized_0] => 1
    [login_id] => login_6903b49a291961.77746282
    [fs_unlocked] => 1
)

[31-Oct-2025 03:37:19 Asia/Manila] POST data: Array
(
    [expense_type] => project
    [date] => 2025-10-31
    [client_id] => 7
    [project_id] => project-1
    [main_project_id] => 1
    [addon_id] => 
    [item_name] => Array
        (
            [0] => 5 pcs Granite
        )

    [store_name] => Array
        (
            [0] => JMC Trading
        )

    [category_num] => Array
        (
            [0] => 5001
        )

    [amount] => Array
        (
            [0] => 1250
        )

    [payment_method] => Array
        (
            [0] => Cash
        )

    [other_payment_method] => Array
        (
            [0] => 
        )

    [invoice_num] => Array
        (
            [0] => 00036598
        )

    [save_batch_expense] => 1
    [validate_only] => 0
)

[31-Oct-2025 03:37:19 Asia/Manila] Row to insert: Array
(
    [row_num] => 0
    [user_id] => 119
    [client] => 7
    [main_project_id] => 1
    [addon_id] => 
    [date] => 2025-10-31
    [description] => 5 pcs Granite
    [category_num] => 5001
    [category] => Construction Supply
    [invoice_num] => 00036598
    [store_name] => JMC Trading
    [amount] => 1250
    [payment_method] => Cash
    [receipt_file] => ace - Copy.jpg
    [receipt_tmp] => /tmp/phpXz0aG7
    [final_path] => ../receipts/project_expenses_files/ace - Copy.jpg
)

[31-Oct-2025 13:16:18 Asia/Manila] Session data: Array
(
    [authenticated] => 1
    [auth_user] => Array
        (
            [id] => 57
            [name] => RVR ADMIN
            [email] => rvr_admin@gmail.com
            [role] => admin
            [client_id] => 
            [company_id] => 1
        )

    [last_activity] => 1761887699
    [last_viewed_recording] => 2025-10-31 03:55:42
    [last_viewed_archive] => 2025-10-30 17:06:40
    [last_viewed_sessions] => 2025-10-31 13:10:22
    [last_viewed_fsAccess] => 2025-10-31 02:55:22
    [initialized_0] => 1
)

[31-Oct-2025 13:16:18 Asia/Manila] POST data: Array
(
    [expense_type] => project
    [date] => 2025-10-31
    [client_id] => 7
    [project_id] => project-1
    [main_project_id] => 1
    [addon_id] => 
    [item_name] => Array
        (
            [0] => Lunch Meal
        )

    [store_name] => Array
        (
            [0] => Jollibee 
        )

    [category_num] => Array
        (
            [0] => 5004
        )

    [amount] => Array
        (
            [0] => 756
        )

    [payment_method] => Array
        (
            [0] => Cash
        )

    [other_payment_method] => Array
        (
            [0] => 
        )

    [invoice_num] => Array
        (
            [0] => 00012398742
        )

    [save_batch_expense] => 1
    [validate_only] => 1
)

[31-Oct-2025 13:16:24 Asia/Manila] Session data: Array
(
    [authenticated] => 1
    [auth_user] => Array
        (
            [id] => 57
            [name] => RVR ADMIN
            [email] => rvr_admin@gmail.com
            [role] => admin
            [client_id] => 
            [company_id] => 1
        )

    [last_activity] => 1761887699
    [last_viewed_recording] => 2025-10-31 03:55:42
    [last_viewed_archive] => 2025-10-30 17:06:40
    [last_viewed_sessions] => 2025-10-31 13:10:22
    [last_viewed_fsAccess] => 2025-10-31 02:55:22
    [initialized_0] => 1
)

[31-Oct-2025 13:16:24 Asia/Manila] POST data: Array
(
    [expense_type] => project
    [date] => 2025-10-31
    [client_id] => 7
    [project_id] => project-1
    [main_project_id] => 1
    [addon_id] => 
    [item_name] => Array
        (
            [0] => Lunch Meal
        )

    [store_name] => Array
        (
            [0] => Jollibee 
        )

    [category_num] => Array
        (
            [0] => 5004
        )

    [amount] => Array
        (
            [0] => 756
        )

    [payment_method] => Array
        (
            [0] => Cash
        )

    [other_payment_method] => Array
        (
            [0] => 
        )

    [invoice_num] => Array
        (
            [0] => 00012398742
        )

    [save_batch_expense] => 1
    [validate_only] => 0
)

[31-Oct-2025 13:16:24 Asia/Manila] Row to insert: Array
(
    [row_num] => 0
    [user_id] => 57
    [client] => 7
    [main_project_id] => 1
    [addon_id] => 
    [date] => 2025-10-31
    [description] => Lunch Meal
    [category_num] => 5004
    [category] => Food Expense
    [invoice_num] => 00012398742
    [store_name] => Jollibee 
    [amount] => 756
    [payment_method] => Cash
    [receipt_file] => 17618877566033920278221654159594.jpg
    [receipt_tmp] => /tmp/phpCqRNWE
    [final_path] => ../receipts/project_expenses_files/17618877566033920278221654159594.jpg
)

[31-Oct-2025 13:26:58 Asia/Manila] Session data: Array
(
    [authenticated] => 1
    [auth_user] => Array
        (
            [id] => 57
            [name] => RVR ADMIN
            [email] => rvr_admin@gmail.com
            [role] => admin
            [client_id] => 
            [company_id] => 1
        )

    [last_activity] => 1761888331
    [last_viewed_recording] => 2025-10-31 03:55:42
    [last_viewed_archive] => 2025-10-30 17:06:40
    [last_viewed_sessions] => 2025-10-31 13:10:22
    [last_viewed_fsAccess] => 2025-10-31 02:55:22
    [initialized_0] => 1
)

[31-Oct-2025 13:26:58 Asia/Manila] POST data: Array
(
    [expense_type] => project
    [date] => 2025-10-31
    [client_id] => 7
    [project_id] => project-1
    [main_project_id] => 1
    [addon_id] => 
    [item_name] => Array
        (
            [0] => Toll Gate
        )

    [store_name] => Array
        (
            [0] => SLEX
        )

    [category_num] => Array
        (
            [0] => 5006
        )

    [amount] => Array
        (
            [0] => 155
        )

    [payment_method] => Array
        (
            [0] => Cash
        )

    [other_payment_method] => Array
        (
            [0] => 
        )

    [invoice_num] => Array
        (
            [0] => 000098768
        )

    [save_batch_expense] => 1
    [validate_only] => 1
)

[31-Oct-2025 13:27:07 Asia/Manila] Session data: Array
(
    [authenticated] => 1
    [auth_user] => Array
        (
            [id] => 57
            [name] => RVR ADMIN
            [email] => rvr_admin@gmail.com
            [role] => admin
            [client_id] => 
            [company_id] => 1
        )

    [last_activity] => 1761888331
    [last_viewed_recording] => 2025-10-31 03:55:42
    [last_viewed_archive] => 2025-10-30 17:06:40
    [last_viewed_sessions] => 2025-10-31 13:10:22
    [last_viewed_fsAccess] => 2025-10-31 02:55:22
    [initialized_0] => 1
)

[31-Oct-2025 13:27:07 Asia/Manila] POST data: Array
(
    [expense_type] => project
    [date] => 2025-10-31
    [client_id] => 7
    [project_id] => project-1
    [main_project_id] => 1
    [addon_id] => 
    [item_name] => Array
        (
            [0] => Toll Gate
        )

    [store_name] => Array
        (
            [0] => SLEX
        )

    [category_num] => Array
        (
            [0] => 5006
        )

    [amount] => Array
        (
            [0] => 155
        )

    [payment_method] => Array
        (
            [0] => Cash
        )

    [other_payment_method] => Array
        (
            [0] => 
        )

    [invoice_num] => Array
        (
            [0] => 000098768
        )

    [save_batch_expense] => 1
    [validate_only] => 0
)

[31-Oct-2025 13:27:07 Asia/Manila] Row to insert: Array
(
    [row_num] => 0
    [user_id] => 57
    [client] => 7
    [main_project_id] => 1
    [addon_id] => 
    [date] => 2025-10-31
    [description] => Toll Gate
    [category_num] => 5006
    [category] => Transportation Expense
    [invoice_num] => 000098768
    [store_name] => SLEX
    [amount] => 155
    [payment_method] => Cash
    [receipt_file] => 17618883820862688476635528159681.jpg
    [receipt_tmp] => /tmp/phpmXr2Sx
    [final_path] => ../receipts/project_expenses_files/17618883820862688476635528159681.jpg
)

[31-Oct-2025 13:51:49 Asia/Manila] Session data: Array
(
    [authenticated] => 1
    [auth_user] => Array
        (
            [id] => 57
            [name] => RVR ADMIN
            [email] => rvr_admin@gmail.com
            [role] => admin
            [client_id] => 
            [company_id] => 1
        )

    [last_activity] => 1761889842
    [last_viewed_recording] => 2025-10-31 03:55:42
    [last_viewed_archive] => 2025-10-30 17:06:40
    [last_viewed_sessions] => 2025-10-31 13:10:22
    [last_viewed_fsAccess] => 2025-10-31 02:55:22
    [initialized_0] => 1
    [login_id] => login_69044a21aa05f2.00476489
    [fs_unlocked_income] => 1
)

[31-Oct-2025 13:51:49 Asia/Manila] POST data: Array
(
    [expense_type] => project
    [date] => 2025-10-31
    [client_id] => 7
    [project_id] => project-1
    [main_project_id] => 1
    [addon_id] => 
    [item_name] => Array
        (
            [0] => Steel Bars
        )

    [store_name] => Array
        (
            [0] => Wilcon Depot
        )

    [category_num] => Array
        (
            [0] => 5001
        )

    [amount] => Array
        (
            [0] => 765
        )

    [payment_method] => Array
        (
            [0] => Cash
        )

    [other_payment_method] => Array
        (
            [0] => 
        )

    [invoice_num] => Array
        (
            [0] => 000456276
        )

    [save_batch_expense] => 1
    [validate_only] => 1
)

[31-Oct-2025 13:51:51 Asia/Manila] Session data: Array
(
    [authenticated] => 1
    [auth_user] => Array
        (
            [id] => 57
            [name] => RVR ADMIN
            [email] => rvr_admin@gmail.com
            [role] => admin
            [client_id] => 
            [company_id] => 1
        )

    [last_activity] => 1761889842
    [last_viewed_recording] => 2025-10-31 03:55:42
    [last_viewed_archive] => 2025-10-30 17:06:40
    [last_viewed_sessions] => 2025-10-31 13:10:22
    [last_viewed_fsAccess] => 2025-10-31 02:55:22
    [initialized_0] => 1
    [login_id] => login_69044a21aa05f2.00476489
    [fs_unlocked_income] => 1
)

[31-Oct-2025 13:51:51 Asia/Manila] POST data: Array
(
    [expense_type] => project
    [date] => 2025-10-31
    [client_id] => 7
    [project_id] => project-1
    [main_project_id] => 1
    [addon_id] => 
    [item_name] => Array
        (
            [0] => Steel Bars
        )

    [store_name] => Array
        (
            [0] => Wilcon Depot
        )

    [category_num] => Array
        (
            [0] => 5001
        )

    [amount] => Array
        (
            [0] => 765
        )

    [payment_method] => Array
        (
            [0] => Cash
        )

    [other_payment_method] => Array
        (
            [0] => 
        )

    [invoice_num] => Array
        (
            [0] => 000456276
        )

    [save_batch_expense] => 1
    [validate_only] => 0
)

[31-Oct-2025 13:51:51 Asia/Manila] Row to insert: Array
(
    [row_num] => 0
    [user_id] => 57
    [client] => 7
    [main_project_id] => 1
    [addon_id] => 
    [date] => 2025-10-31
    [description] => Steel Bars
    [category_num] => 5001
    [category] => Construction Supply
    [invoice_num] => 000456276
    [store_name] => Wilcon Depot
    [amount] => 765
    [payment_method] => Cash
    [receipt_file] => 17618898965396085458267095341410.jpg
    [receipt_tmp] => /tmp/phpT9KP0n
    [final_path] => ../receipts/project_expenses_files/17618898965396085458267095341410.jpg
)

[06-Nov-2025 20:20:15 Asia/Manila] Session data: Array
(
    [authenticated] => 1
    [auth_user] => Array
        (
            [id] => 119
            [name] => Kamil Camposanto
            [email] => schoolcamposanto05@gmail.com
            [role] => admin
            [client_id] => 
            [company_id] => 1
        )

    [last_activity] => 1762431509
    [last_viewed_recording] => 2025-10-31 13:51:51
    [last_viewed_archive] => 2025-10-31 13:20:27
    [last_viewed_sessions] => 2025-11-06 20:00:18
    [last_viewed_fsAccess] => 2025-11-04 00:15:37
    [initialized_0] => 1
)

[06-Nov-2025 20:20:15 Asia/Manila] POST data: Array
(
    [expense_type] => project
    [date] => 2025-10-30
    [client_id] => 7
    [project_id] => project-1
    [main_project_id] => 1
    [addon_id] => 
    [item_name] => Array
        (
            [0] => Lunch Meal
            [1] => Toll Gate Fee
        )

    [store_name] => Array
        (
            [0] => Jollibee - Paciano
            [1] => SLEX - Sta Rosa Exit
        )

    [category_num] => Array
        (
            [0] => 5004
            [1] => 5006
        )

    [amount] => Array
        (
            [0] => 852
            [1] => 128
        )

    [payment_method] => Array
        (
            [0] => Cash
            [1] => Cash
        )

    [other_payment_method] => Array
        (
            [0] => 
            [1] => 
        )

    [invoice_num] => Array
        (
            [0] => 00012368
            [1] => 00128795
        )

    [save_batch_expense] => 1
    [validate_only] => 1
)

[06-Nov-2025 20:20:32 Asia/Manila] Session data: Array
(
    [authenticated] => 1
    [auth_user] => Array
        (
            [id] => 119
            [name] => Kamil Camposanto
            [email] => schoolcamposanto05@gmail.com
            [role] => admin
            [client_id] => 
            [company_id] => 1
        )

    [last_activity] => 1762431509
    [last_viewed_recording] => 2025-10-31 13:51:51
    [last_viewed_archive] => 2025-10-31 13:20:27
    [last_viewed_sessions] => 2025-11-06 20:00:18
    [last_viewed_fsAccess] => 2025-11-04 00:15:37
    [initialized_0] => 1
)

[06-Nov-2025 20:20:32 Asia/Manila] POST data: Array
(
    [expense_type] => project
    [date] => 2025-10-30
    [client_id] => 7
    [project_id] => project-1
    [main_project_id] => 1
    [addon_id] => 
    [item_name] => Array
        (
            [0] => Lunch Meal
            [1] => Toll Gate Fee
        )

    [store_name] => Array
        (
            [0] => Jollibee - Paciano
            [1] => SLEX - Sta Rosa Exit
        )

    [category_num] => Array
        (
            [0] => 5004
            [1] => 5006
        )

    [amount] => Array
        (
            [0] => 852
            [1] => 128
        )

    [payment_method] => Array
        (
            [0] => Cash
            [1] => Cash
        )

    [other_payment_method] => Array
        (
            [0] => 
            [1] => 
        )

    [invoice_num] => Array
        (
            [0] => 00012368
            [1] => 00128795
        )

    [save_batch_expense] => 1
    [validate_only] => 1
)

[06-Nov-2025 20:20:35 Asia/Manila] Session data: Array
(
    [authenticated] => 1
    [auth_user] => Array
        (
            [id] => 119
            [name] => Kamil Camposanto
            [email] => schoolcamposanto05@gmail.com
            [role] => admin
            [client_id] => 
            [company_id] => 1
        )

    [last_activity] => 1762431509
    [last_viewed_recording] => 2025-10-31 13:51:51
    [last_viewed_archive] => 2025-10-31 13:20:27
    [last_viewed_sessions] => 2025-11-06 20:00:18
    [last_viewed_fsAccess] => 2025-11-04 00:15:37
    [initialized_0] => 1
)

[06-Nov-2025 20:20:35 Asia/Manila] POST data: Array
(
    [expense_type] => project
    [date] => 2025-10-30
    [client_id] => 7
    [project_id] => project-1
    [main_project_id] => 1
    [addon_id] => 
    [item_name] => Array
        (
            [0] => Lunch Meal
            [1] => Toll Gate Fee
        )

    [store_name] => Array
        (
            [0] => Jollibee - Paciano
            [1] => SLEX - Sta Rosa Exit
        )

    [category_num] => Array
        (
            [0] => 5004
            [1] => 5006
        )

    [amount] => Array
        (
            [0] => 852
            [1] => 128
        )

    [payment_method] => Array
        (
            [0] => Cash
            [1] => Cash
        )

    [other_payment_method] => Array
        (
            [0] => 
            [1] => 
        )

    [invoice_num] => Array
        (
            [0] => 00012368
            [1] => 00128795
        )

    [save_batch_expense] => 1
    [validate_only] => 0
)

[06-Nov-2025 20:20:35 Asia/Manila] Row to insert: Array
(
    [row_num] => 0
    [user_id] => 119
    [client] => 7
    [main_project_id] => 1
    [addon_id] => 
    [date] => 2025-10-30
    [description] => Lunch Meal
    [category_num] => 5004
    [category] => Food Expense
    [invoice_num] => 00012368
    [store_name] => Jollibee - Paciano
    [amount] => 852
    [payment_method] => Cash
    [receipt_file] => Screenshot 2025-04-04 204731.jpg
    [receipt_tmp] => /tmp/phpAgoAos
    [final_path] => ../receipts/project_expenses_files/Screenshot 2025-04-04 204731.jpg
)

[06-Nov-2025 20:20:35 Asia/Manila] Row to insert: Array
(
    [row_num] => 1
    [user_id] => 119
    [client] => 7
    [main_project_id] => 1
    [addon_id] => 
    [date] => 2025-10-30
    [description] => Toll Gate Fee
    [category_num] => 5006
    [category] => Transportation Expense
    [invoice_num] => 00128795
    [store_name] => SLEX - Sta Rosa Exit
    [amount] => 128
    [payment_method] => Cash
    [receipt_file] => test2.jpg
    [receipt_tmp] => /tmp/phpocB91g
    [final_path] => ../receipts/project_expenses_files/test2.jpg
)

[06-Nov-2025 20:22:11 Asia/Manila] Session data: Array
(
    [authenticated] => 1
    [auth_user] => Array
        (
            [id] => 119
            [name] => Kamil Camposanto
            [email] => schoolcamposanto05@gmail.com
            [role] => admin
            [client_id] => 
            [company_id] => 1
        )

    [last_activity] => 1762431670
    [last_viewed_recording] => 2025-10-31 13:51:51
    [last_viewed_archive] => 2025-10-31 13:20:27
    [last_viewed_sessions] => 2025-11-06 20:00:18
    [last_viewed_fsAccess] => 2025-11-04 00:15:37
    [initialized_0] => 1
)

[06-Nov-2025 20:22:11 Asia/Manila] POST data: Array
(
    [expense_type] => project
    [date] => 2025-11-04
    [client_id] => 7
    [project_id] => project-1
    [main_project_id] => 1
    [addon_id] => 
    [item_name] => Array
        (
            [0] => 2 Cans of Epoxy Primer
        )

    [store_name] => Array
        (
            [0] => Maquiling Builders
        )

    [category_num] => Array
        (
            [0] => 5001
        )

    [amount] => Array
        (
            [0] => 2586
        )

    [payment_method] => Array
        (
            [0] => Cash
        )

    [other_payment_method] => Array
        (
            [0] => 
        )

    [invoice_num] => Array
        (
            [0] => 0001238796
        )

    [save_batch_expense] => 1
    [validate_only] => 1
)

[06-Nov-2025 20:22:32 Asia/Manila] Session data: Array
(
    [authenticated] => 1
    [auth_user] => Array
        (
            [id] => 119
            [name] => Kamil Camposanto
            [email] => schoolcamposanto05@gmail.com
            [role] => admin
            [client_id] => 
            [company_id] => 1
        )

    [last_activity] => 1762431670
    [last_viewed_recording] => 2025-10-31 13:51:51
    [last_viewed_archive] => 2025-10-31 13:20:27
    [last_viewed_sessions] => 2025-11-06 20:00:18
    [last_viewed_fsAccess] => 2025-11-04 00:15:37
    [initialized_0] => 1
)

[06-Nov-2025 20:22:32 Asia/Manila] POST data: Array
(
    [expense_type] => project
    [date] => 2025-11-04
    [client_id] => 7
    [project_id] => project-1
    [main_project_id] => 1
    [addon_id] => 
    [item_name] => Array
        (
            [0] => 2 Cans of Epoxy Primer
        )

    [store_name] => Array
        (
            [0] => Maquiling Builders
        )

    [category_num] => Array
        (
            [0] => 5001
        )

    [amount] => Array
        (
            [0] => 2586
        )

    [payment_method] => Array
        (
            [0] => Cash
        )

    [other_payment_method] => Array
        (
            [0] => 
        )

    [invoice_num] => Array
        (
            [0] => 0001238796
        )

    [save_batch_expense] => 1
    [validate_only] => 1
)

[06-Nov-2025 20:22:34 Asia/Manila] Session data: Array
(
    [authenticated] => 1
    [auth_user] => Array
        (
            [id] => 119
            [name] => Kamil Camposanto
            [email] => schoolcamposanto05@gmail.com
            [role] => admin
            [client_id] => 
            [company_id] => 1
        )

    [last_activity] => 1762431670
    [last_viewed_recording] => 2025-10-31 13:51:51
    [last_viewed_archive] => 2025-10-31 13:20:27
    [last_viewed_sessions] => 2025-11-06 20:00:18
    [last_viewed_fsAccess] => 2025-11-04 00:15:37
    [initialized_0] => 1
)

[06-Nov-2025 20:22:34 Asia/Manila] POST data: Array
(
    [expense_type] => project
    [date] => 2025-11-04
    [client_id] => 7
    [project_id] => project-1
    [main_project_id] => 1
    [addon_id] => 
    [item_name] => Array
        (
            [0] => 2 Cans of Epoxy Primer
        )

    [store_name] => Array
        (
            [0] => Maquiling Builders
        )

    [category_num] => Array
        (
            [0] => 5001
        )

    [amount] => Array
        (
            [0] => 2586
        )

    [payment_method] => Array
        (
            [0] => Cash
        )

    [other_payment_method] => Array
        (
            [0] => 
        )

    [invoice_num] => Array
        (
            [0] => 0001238796
        )

    [save_batch_expense] => 1
    [validate_only] => 0
)

[06-Nov-2025 20:22:34 Asia/Manila] Row to insert: Array
(
    [row_num] => 0
    [user_id] => 119
    [client] => 7
    [main_project_id] => 1
    [addon_id] => 
    [date] => 2025-11-04
    [description] => 2 Cans of Epoxy Primer
    [category_num] => 5001
    [category] => Construction Supply
    [invoice_num] => 0001238796
    [store_name] => Maquiling Builders
    [amount] => 2586
    [payment_method] => Cash
    [receipt_file] => fddd24173e46ce3c9bfe935a4b6ac444.jpg
    [receipt_tmp] => /tmp/phpYhF30Q
    [final_path] => ../receipts/project_expenses_files/fddd24173e46ce3c9bfe935a4b6ac444.jpg
)

[08-Nov-2025 22:13:46 Asia/Manila] PHP Warning:  Undefined array key "category_num" in /home/u570829513/domains/rvrsmes-fms.com/public_html/inner_pages/expense_logic.php on line 392
[12-Nov-2025 15:56:21 Asia/Manila] Session data: Array
(
    [authenticated] => 1
    [auth_user] => Array
        (
            [id] => 119
            [name] => Kamil Camposanto
            [email] => schoolcamposanto05@gmail.com
            [role] => admin
            [client_id] => 
            [company_id] => 1
        )

    [last_activity] => 1762934136
    [last_viewed_recording] => 2025-11-12 02:20:13
    [last_viewed_archive] => 2025-10-31 13:20:27
    [last_viewed_sessions] => 2025-11-12 15:49:13
    [last_viewed_fsAccess] => 2025-11-08 23:29:35
    [initialized_0] => 1
    [selected_project_id] => 1
)

[12-Nov-2025 15:56:21 Asia/Manila] POST data: Array
(
    [expense_type] => project
    [date] => 2025-11-12
    [main_project_id] => 
    [addon_id] => 
    [item_name] => Array
        (
            [0] => Lunch Meal
        )

    [store_name] => Array
        (
            [0] => Jollibee Turbina
        )

    [category_num] => Array
        (
            [0] => 5004
        )

    [amount] => Array
        (
            [0] => 1500
        )

    [payment_method] => Array
        (
            [0] => Cash
        )

    [other_payment_method] => Array
        (
            [0] => 
        )

    [invoice_num] => Array
        (
            [0] => 4654862132154
        )

    [save_batch_expense] => 1
    [validate_only] => 1
)

[12-Nov-2025 15:56:21 Asia/Manila] PHP Warning:  Undefined array key "client_id" in /home/u570829513/domains/rvrsmes-fms.com/public_html/inner_pages/expense_logic.php on line 141
[12-Nov-2025 15:56:46 Asia/Manila] Session data: Array
(
    [authenticated] => 1
    [auth_user] => Array
        (
            [id] => 119
            [name] => Kamil Camposanto
            [email] => schoolcamposanto05@gmail.com
            [role] => admin
            [client_id] => 
            [company_id] => 1
        )

    [last_activity] => 1762934136
    [last_viewed_recording] => 2025-11-12 02:20:13
    [last_viewed_archive] => 2025-10-31 13:20:27
    [last_viewed_sessions] => 2025-11-12 15:49:13
    [last_viewed_fsAccess] => 2025-11-08 23:29:35
    [initialized_0] => 1
    [selected_project_id] => 1
)

[12-Nov-2025 15:56:46 Asia/Manila] POST data: Array
(
    [expense_type] => project
    [date] => 2025-11-12
    [client_id] => 7
    [project_id] => project-1
    [main_project_id] => 1
    [addon_id] => 
    [item_name] => Array
        (
            [0] => Lunch Meal
        )

    [store_name] => Array
        (
            [0] => Jollibee Turbina
        )

    [category_num] => Array
        (
            [0] => 5004
        )

    [amount] => Array
        (
            [0] => 1500
        )

    [payment_method] => Array
        (
            [0] => Cash
        )

    [other_payment_method] => Array
        (
            [0] => 
        )

    [invoice_num] => Array
        (
            [0] => 4654862132154
        )

    [save_batch_expense] => 1
    [validate_only] => 1
)

[12-Nov-2025 15:56:53 Asia/Manila] Session data: Array
(
    [authenticated] => 1
    [auth_user] => Array
        (
            [id] => 119
            [name] => Kamil Camposanto
            [email] => schoolcamposanto05@gmail.com
            [role] => admin
            [client_id] => 
            [company_id] => 1
        )

    [last_activity] => 1762934136
    [last_viewed_recording] => 2025-11-12 02:20:13
    [last_viewed_archive] => 2025-10-31 13:20:27
    [last_viewed_sessions] => 2025-11-12 15:49:13
    [last_viewed_fsAccess] => 2025-11-08 23:29:35
    [initialized_0] => 1
    [selected_project_id] => 1
)

[12-Nov-2025 15:56:53 Asia/Manila] POST data: Array
(
    [expense_type] => project
    [date] => 2025-11-12
    [client_id] => 7
    [project_id] => project-1
    [main_project_id] => 1
    [addon_id] => 
    [item_name] => Array
        (
            [0] => Lunch Meal
        )

    [store_name] => Array
        (
            [0] => Jollibee Turbina
        )

    [category_num] => Array
        (
            [0] => 5004
        )

    [amount] => Array
        (
            [0] => 1500
        )

    [payment_method] => Array
        (
            [0] => Cash
        )

    [other_payment_method] => Array
        (
            [0] => 
        )

    [invoice_num] => Array
        (
            [0] => 4654862132154
        )

    [save_batch_expense] => 1
    [validate_only] => 0
)

[12-Nov-2025 15:56:53 Asia/Manila] Row to insert: Array
(
    [row_num] => 0
    [user_id] => 119
    [client] => 7
    [main_project_id] => 1
    [addon_id] => 
    [date] => 2025-11-12
    [description] => Lunch Meal
    [category_num] => 5004
    [category] => Food Expense
    [invoice_num] => 4654862132154
    [store_name] => Jollibee Turbina
    [amount] => 1500
    [payment_method] => Cash
    [receipt_file] => company_exp.jpg
    [receipt_tmp] => /tmp/phpuq5TNK
    [final_path] => ../receipts/project_expenses_files/company_exp.jpg
)

[12-Nov-2025 17:06:13 Asia/Manila] Session data: Array
(
    [authenticated] => 1
    [auth_user] => Array
        (
            [id] => 119
            [name] => Kamil Camposanto
            [email] => schoolcamposanto05@gmail.com
            [role] => admin
            [client_id] => 
            [company_id] => 1
        )

    [last_activity] => 1762938248
    [last_viewed_recording] => 2025-11-12 15:56:53
    [last_viewed_archive] => 2025-10-31 13:20:27
    [last_viewed_sessions] => 2025-11-12 16:34:37
    [last_viewed_fsAccess] => 2025-11-08 23:29:35
    [initialized_0] => 1
)

[12-Nov-2025 17:06:13 Asia/Manila] POST data: Array
(
    [expense_type] => project
    [date] => 2025-11-12
    [client_id] => 7
    [project_id] => project-6
    [main_project_id] => 6
    [addon_id] => 
    [item_name] => Array
        (
            [0] => PVC Pipes
        )

    [store_name] => Array
        (
            [0] => Wilcon Depot
        )

    [category_num] => Array
        (
            [0] => 5001
        )

    [amount] => Array
        (
            [0] => 250
        )

    [payment_method] => Array
        (
            [0] => Cash
        )

    [other_payment_method] => Array
        (
            [0] => 
        )

    [invoice_num] => Array
        (
            [0] => 00012366
        )

    [save_batch_expense] => 1
    [validate_only] => 1
)

[12-Nov-2025 17:06:50 Asia/Manila] Session data: Array
(
    [authenticated] => 1
    [auth_user] => Array
        (
            [id] => 119
            [name] => Kamil Camposanto
            [email] => schoolcamposanto05@gmail.com
            [role] => admin
            [client_id] => 
            [company_id] => 1
        )

    [last_activity] => 1762938248
    [last_viewed_recording] => 2025-11-12 15:56:53
    [last_viewed_archive] => 2025-10-31 13:20:27
    [last_viewed_sessions] => 2025-11-12 16:34:37
    [last_viewed_fsAccess] => 2025-11-08 23:29:35
    [initialized_0] => 1
)

[12-Nov-2025 17:06:50 Asia/Manila] POST data: Array
(
    [expense_type] => project
    [date] => 2025-11-12
    [client_id] => 7
    [project_id] => project-6
    [main_project_id] => 6
    [addon_id] => 
    [item_name] => Array
        (
            [0] => PVC Pipes
        )

    [store_name] => Array
        (
            [0] => Wilcon Depot
        )

    [category_num] => Array
        (
            [0] => 5001
        )

    [amount] => Array
        (
            [0] => 250
        )

    [payment_method] => Array
        (
            [0] => Cash
        )

    [other_payment_method] => Array
        (
            [0] => 
        )

    [invoice_num] => Array
        (
            [0] => 00012366
        )

    [save_batch_expense] => 1
    [validate_only] => 1
)

[16-Nov-2025 14:47:34 Asia/Manila] Session data: Array
(
    [authenticated] => 1
    [auth_user] => Array
        (
            [id] => 170
            [name] => Jeus Manalili
            [email] => jeuscedricjmanalili@gmail.com
            [role] => admin
            [client_id] => 
            [company_id] => 1
        )

    [last_activity] => 1763275600
    [last_viewed_recording] => 2025-11-16 04:50:53
    [last_viewed_archive] => 2025-11-16 14:02:26
    [last_viewed_sessions] => 2025-11-16 14:02:25
    [last_viewed_fsAccess] => 2025-11-16 01:33:35
    [initialized_0] => 1
    [login_id] => login_69196908a4c3b4.59307450
    [fs_unlocked_income] => 1
)

[16-Nov-2025 14:47:34 Asia/Manila] POST data: Array
(
    [expense_type] => project
    [date] => 2024-09-03
    [client_id] => 13
    [project_id] => project-11
    [main_project_id] => 11
    [addon_id] => 
    [item_name] => Array
        (
            [0] => Vinyl Flooring
        )

    [store_name] => Array
        (
            [0] => Wilcon Depot
        )

    [category_num] => Array
        (
            [0] => 5001
        )

    [amount] => Array
        (
            [0] => 3136
        )

    [payment_method] => Array
        (
            [0] => Cash
        )

    [other_payment_method] => Array
        (
            [0] => 
        )

    [invoice_num] => Array
        (
            [0] => 20231000123
        )

    [save_batch_expense] => 1
    [validate_only] => 1
)

[16-Nov-2025 14:47:39 Asia/Manila] Session data: Array
(
    [authenticated] => 1
    [auth_user] => Array
        (
            [id] => 170
            [name] => Jeus Manalili
            [email] => jeuscedricjmanalili@gmail.com
            [role] => admin
            [client_id] => 
            [company_id] => 1
        )

    [last_activity] => 1763275600
    [last_viewed_recording] => 2025-11-16 04:50:53
    [last_viewed_archive] => 2025-11-16 14:02:26
    [last_viewed_sessions] => 2025-11-16 14:02:25
    [last_viewed_fsAccess] => 2025-11-16 01:33:35
    [initialized_0] => 1
    [login_id] => login_69196908a4c3b4.59307450
    [fs_unlocked_income] => 1
)

[16-Nov-2025 14:47:39 Asia/Manila] POST data: Array
(
    [expense_type] => project
    [date] => 2024-09-03
    [client_id] => 13
    [project_id] => project-11
    [main_project_id] => 11
    [addon_id] => 
    [item_name] => Array
        (
            [0] => Vinyl Flooring
        )

    [store_name] => Array
        (
            [0] => Wilcon Depot
        )

    [category_num] => Array
        (
            [0] => 5001
        )

    [amount] => Array
        (
            [0] => 3136
        )

    [payment_method] => Array
        (
            [0] => Cash
        )

    [other_payment_method] => Array
        (
            [0] => 
        )

    [invoice_num] => Array
        (
            [0] => 20231000123
        )

    [save_batch_expense] => 1
    [validate_only] => 0
)

[16-Nov-2025 14:47:39 Asia/Manila] Row to insert: Array
(
    [row_num] => 0
    [user_id] => 170
    [client] => 13
    [main_project_id] => 11
    [addon_id] => 
    [date] => 2024-09-03
    [description] => Vinyl Flooring
    [category_num] => 5001
    [category] => Construction Supplies
    [invoice_num] => 20231000123
    [store_name] => Wilcon Depot
    [amount] => 3136
    [payment_method] => Cash
    [receipt_file] => Gemini_Generated_Image_5cuiez5cuiez5cui.jpg
    [receipt_tmp] => /tmp/phpPB4WMs
    [final_path] => ../receipts/project_expenses_files/Gemini_Generated_Image_5cuiez5cuiez5cui.jpg
)

[16-Nov-2025 15:17:01 Asia/Manila] Session data: Array
(
    [authenticated] => 1
    [auth_user] => Array
        (
            [id] => 170
            [name] => Jeus Manalili
            [email] => jeuscedricjmanalili@gmail.com
            [role] => admin
            [client_id] => 
            [company_id] => 1
        )

    [last_activity] => 1763277343
    [last_viewed_recording] => 2025-11-16 04:50:53
    [last_viewed_archive] => 2025-11-16 14:02:26
    [last_viewed_sessions] => 2025-11-16 14:02:25
    [last_viewed_fsAccess] => 2025-11-16 01:33:35
    [initialized_0] => 1
    [login_id] => login_69196908a4c3b4.59307450
    [fs_unlocked_income] => 1
)

[16-Nov-2025 15:17:01 Asia/Manila] POST data: Array
(
    [expense_type] => project
    [date] => 2025-11-16
    [main_project_id] => 
    [addon_id] => 
    [item_name] => Array
        (
            [0] => Toll fee
        )

    [store_name] => Array
        (
            [0] => SLEX
        )

    [category_num] => Array
        (
            [0] => 5002
        )

    [amount] => Array
        (
            [0] => 255
        )

    [payment_method] => Array
        (
            [0] => Cash
        )

    [other_payment_method] => Array
        (
            [0] => 
        )

    [invoice_num] => Array
        (
            [0] => 65221458
        )

    [save_batch_expense] => 1
    [validate_only] => 1
)

[16-Nov-2025 15:17:01 Asia/Manila] PHP Warning:  Undefined array key "client_id" in /home/u570829513/domains/rvrsmes-fms.com/public_html/inner_pages/expense_logic.php on line 141
[16-Nov-2025 15:20:52 Asia/Manila] Session data: Array
(
    [authenticated] => 1
    [auth_user] => Array
        (
            [id] => 170
            [name] => Jeus Manalili
            [email] => jeuscedricjmanalili@gmail.com
            [role] => admin
            [client_id] => 
            [company_id] => 1
        )

    [last_activity] => 1763277595
    [last_viewed_recording] => 2025-11-16 04:50:53
    [last_viewed_archive] => 2025-11-16 14:02:26
    [last_viewed_sessions] => 2025-11-16 14:02:25
    [last_viewed_fsAccess] => 2025-11-16 01:33:35
    [initialized_0] => 1
    [login_id] => login_69196908a4c3b4.59307450
    [fs_unlocked_income] => 1
)

[16-Nov-2025 15:20:52 Asia/Manila] POST data: Array
(
    [expense_type] => project
    [date] => 2025-11-16
    [main_project_id] => 
    [addon_id] => 
    [item_name] => Array
        (
            [0] => Toll fee
        )

    [store_name] => Array
        (
            [0] => SLEX
        )

    [category_num] => Array
        (
            [0] => 5002
        )

    [amount] => Array
        (
            [0] => 255
        )

    [payment_method] => Array
        (
            [0] => Cash
        )

    [other_payment_method] => Array
        (
            [0] => 
        )

    [invoice_num] => Array
        (
            [0] => 202400601245
        )

    [save_batch_expense] => 1
    [validate_only] => 1
)

[16-Nov-2025 15:20:52 Asia/Manila] PHP Warning:  Undefined array key "client_id" in /home/u570829513/domains/rvrsmes-fms.com/public_html/inner_pages/expense_logic.php on line 141
[16-Nov-2025 15:20:59 Asia/Manila] Session data: Array
(
    [authenticated] => 1
    [auth_user] => Array
        (
            [id] => 170
            [name] => Jeus Manalili
            [email] => jeuscedricjmanalili@gmail.com
            [role] => admin
            [client_id] => 
            [company_id] => 1
        )

    [last_activity] => 1763277595
    [last_viewed_recording] => 2025-11-16 04:50:53
    [last_viewed_archive] => 2025-11-16 14:02:26
    [last_viewed_sessions] => 2025-11-16 14:02:25
    [last_viewed_fsAccess] => 2025-11-16 01:33:35
    [initialized_0] => 1
    [login_id] => login_69196908a4c3b4.59307450
    [fs_unlocked_income] => 1
)

[16-Nov-2025 15:20:59 Asia/Manila] POST data: Array
(
    [expense_type] => project
    [date] => 2025-11-16
    [client_id] => 13
    [project_id] => project-11
    [main_project_id] => 11
    [addon_id] => 
    [item_name] => Array
        (
            [0] => Toll fee
        )

    [store_name] => Array
        (
            [0] => SLEX
        )

    [category_num] => Array
        (
            [0] => 5002
        )

    [amount] => Array
        (
            [0] => 255
        )

    [payment_method] => Array
        (
            [0] => Cash
        )

    [other_payment_method] => Array
        (
            [0] => 
        )

    [invoice_num] => Array
        (
            [0] => 202400601245
        )

    [save_batch_expense] => 1
    [validate_only] => 1
)

[16-Nov-2025 15:21:07 Asia/Manila] Session data: Array
(
    [authenticated] => 1
    [auth_user] => Array
        (
            [id] => 170
            [name] => Jeus Manalili
            [email] => jeuscedricjmanalili@gmail.com
            [role] => admin
            [client_id] => 
            [company_id] => 1
        )

    [last_activity] => 1763277595
    [last_viewed_recording] => 2025-11-16 04:50:53
    [last_viewed_archive] => 2025-11-16 14:02:26
    [last_viewed_sessions] => 2025-11-16 14:02:25
    [last_viewed_fsAccess] => 2025-11-16 01:33:35
    [initialized_0] => 1
    [login_id] => login_69196908a4c3b4.59307450
    [fs_unlocked_income] => 1
)

[16-Nov-2025 15:21:07 Asia/Manila] POST data: Array
(
    [expense_type] => project
    [date] => 2025-11-16
    [client_id] => 13
    [project_id] => project-11
    [main_project_id] => 11
    [addon_id] => 
    [item_name] => Array
        (
            [0] => Toll fee
        )

    [store_name] => Array
        (
            [0] => SLEX
        )

    [category_num] => Array
        (
            [0] => 5002
        )

    [amount] => Array
        (
            [0] => 255
        )

    [payment_method] => Array
        (
            [0] => Cash
        )

    [other_payment_method] => Array
        (
            [0] => 
        )

    [invoice_num] => Array
        (
            [0] => 202400601245
        )

    [save_batch_expense] => 1
    [validate_only] => 0
)

[16-Nov-2025 15:21:07 Asia/Manila] Row to insert: Array
(
    [row_num] => 0
    [user_id] => 170
    [client] => 13
    [main_project_id] => 11
    [addon_id] => 
    [date] => 2025-11-16
    [description] => Toll fee
    [category_num] => 5002
    [category] => Transportation Expense
    [invoice_num] => 202400601245
    [store_name] => SLEX
    [amount] => 255
    [payment_method] => Cash
    [receipt_file] => Gemini_Generated_Image_wvb109wvb109wvb1.jpg
    [receipt_tmp] => /tmp/phpP9A82y
    [final_path] => ../receipts/project_expenses_files/Gemini_Generated_Image_wvb109wvb109wvb1.jpg
)

[16-Nov-2025 15:21:50 Asia/Manila] Session data: Array
(
    [authenticated] => 1
    [auth_user] => Array
        (
            [id] => 170
            [name] => Jeus Manalili
            [email] => jeuscedricjmanalili@gmail.com
            [role] => admin
            [client_id] => 
            [company_id] => 1
        )

    [last_activity] => 1763277681
    [last_viewed_recording] => 2025-11-16 04:50:53
    [last_viewed_archive] => 2025-11-16 14:02:26
    [last_viewed_sessions] => 2025-11-16 14:02:25
    [last_viewed_fsAccess] => 2025-11-16 01:33:35
    [initialized_0] => 1
    [login_id] => login_69196908a4c3b4.59307450
    [fs_unlocked_income] => 1
)

[16-Nov-2025 15:21:50 Asia/Manila] POST data: Array
(
    [expense_type] => project
    [date] => 2024-09-06
    [client_id] => 13
    [project_id] => project-11
    [main_project_id] => 11
    [addon_id] => 
    [item_name] => Array
        (
            [0] => Toll fee
        )

    [store_name] => Array
        (
            [0] => SLEX
        )

    [category_num] => Array
        (
            [0] => 5002
        )

    [amount] => Array
        (
            [0] => 255
        )

    [payment_method] => Array
        (
            [0] => Cash
        )

    [other_payment_method] => Array
        (
            [0] => 
        )

    [invoice_num] => Array
        (
            [0] => 202400601245
        )

    [save_batch_expense] => 1
    [validate_only] => 1
)

[16-Nov-2025 15:22:46 Asia/Manila] Session data: Array
(
    [authenticated] => 1
    [auth_user] => Array
        (
            [id] => 170
            [name] => Jeus Manalili
            [email] => jeuscedricjmanalili@gmail.com
            [role] => admin
            [client_id] => 
            [company_id] => 1
        )

    [last_activity] => 1763277681
    [last_viewed_recording] => 2025-11-16 04:50:53
    [last_viewed_archive] => 2025-11-16 14:02:26
    [last_viewed_sessions] => 2025-11-16 14:02:25
    [last_viewed_fsAccess] => 2025-11-16 01:33:35
    [initialized_0] => 1
    [login_id] => login_69196908a4c3b4.59307450
    [fs_unlocked_income] => 1
)

[16-Nov-2025 15:22:46 Asia/Manila] POST data: Array
(
    [expense_type] => project
    [date] => 2024-09-06
    [client_id] => 13
    [project_id] => project-11
    [main_project_id] => 11
    [addon_id] => 
    [item_name] => Array
        (
            [0] => Toll fee
        )

    [store_name] => Array
        (
            [0] => SLEX
        )

    [category_num] => Array
        (
            [0] => 5002
        )

    [amount] => Array
        (
            [0] => 255
        )

    [payment_method] => Array
        (
            [0] => Cash
        )

    [other_payment_method] => Array
        (
            [0] => 
        )

    [invoice_num] => Array
        (
            [0] => 202400601245
        )

    [save_batch_expense] => 1
    [validate_only] => 1
)

[16-Nov-2025 15:22:49 Asia/Manila] Session data: Array
(
    [authenticated] => 1
    [auth_user] => Array
        (
            [id] => 170
            [name] => Jeus Manalili
            [email] => jeuscedricjmanalili@gmail.com
            [role] => admin
            [client_id] => 
            [company_id] => 1
        )

    [last_activity] => 1763277681
    [last_viewed_recording] => 2025-11-16 04:50:53
    [last_viewed_archive] => 2025-11-16 14:02:26
    [last_viewed_sessions] => 2025-11-16 14:02:25
    [last_viewed_fsAccess] => 2025-11-16 01:33:35
    [initialized_0] => 1
    [login_id] => login_69196908a4c3b4.59307450
    [fs_unlocked_income] => 1
)

[16-Nov-2025 15:22:49 Asia/Manila] POST data: Array
(
    [expense_type] => project
    [date] => 2024-09-06
    [client_id] => 13
    [project_id] => project-11
    [main_project_id] => 11
    [addon_id] => 
    [item_name] => Array
        (
            [0] => Toll fee
        )

    [store_name] => Array
        (
            [0] => SLEX
        )

    [category_num] => Array
        (
            [0] => 5002
        )

    [amount] => Array
        (
            [0] => 255
        )

    [payment_method] => Array
        (
            [0] => Cash
        )

    [other_payment_method] => Array
        (
            [0] => 
        )

    [invoice_num] => Array
        (
            [0] => 202400601245
        )

    [save_batch_expense] => 1
    [validate_only] => 0
)

[16-Nov-2025 15:22:49 Asia/Manila] Row to insert: Array
(
    [row_num] => 0
    [user_id] => 170
    [client] => 13
    [main_project_id] => 11
    [addon_id] => 
    [date] => 2024-09-06
    [description] => Toll fee
    [category_num] => 5002
    [category] => Transportation Expense
    [invoice_num] => 202400601245
    [store_name] => SLEX
    [amount] => 255
    [payment_method] => Cash
    [receipt_file] => Toll fee.jpg
    [receipt_tmp] => /tmp/phpdaFuWa
    [final_path] => ../receipts/project_expenses_files/Toll fee.jpg
)

[16-Nov-2025 15:31:01 Asia/Manila] Session data: Array
(
    [authenticated] => 1
    [auth_user] => Array
        (
            [id] => 170
            [name] => Jeus Manalili
            [email] => jeuscedricjmanalili@gmail.com
            [role] => admin
            [client_id] => 
            [company_id] => 1
        )

    [last_activity] => 1763278209
    [last_viewed_recording] => 2025-11-16 04:50:53
    [last_viewed_archive] => 2025-11-16 14:02:26
    [last_viewed_sessions] => 2025-11-16 14:02:25
    [last_viewed_fsAccess] => 2025-11-16 01:33:35
    [initialized_0] => 1
    [login_id] => login_69196908a4c3b4.59307450
    [fs_unlocked_income] => 1
)

[16-Nov-2025 15:31:01 Asia/Manila] POST data: Array
(
    [expense_type] => project
    [date] => 2024-09-15
    [client_id] => 13
    [project_id] => project-11
    [main_project_id] => 11
    [addon_id] => 
    [item_name] => Array
        (
            [0] => Salary
        )

    [store_name] => Array
        (
            [0] => 
        )

    [category_num] => Array
        (
            [0] => 5003
        )

    [amount] => Array
        (
            [0] => 10000
        )

    [payment_method] => Array
        (
            [0] => Cash
        )

    [other_payment_method] => Array
        (
            [0] => 
        )

    [invoice_num] => Array
        (
            [0] => 
        )

    [save_batch_expense] => 1
    [validate_only] => 1
)

[16-Nov-2025 21:09:09 Asia/Manila] Session data: Array
(
    [authenticated] => 1
    [auth_user] => Array
        (
            [id] => 119
            [name] => Kamil Camposanto
            [email] => schoolcamposanto05@gmail.com
            [role] => admin
            [client_id] => 
            [company_id] => 1
        )

    [last_activity] => 1763298391
    [last_viewed_recording] => 2025-11-16 15:22:49
    [last_viewed_archive] => 2025-11-16 15:21:21
    [last_viewed_sessions] => 2025-11-16 20:39:50
    [last_viewed_fsAccess] => 2025-11-16 14:02:48
    [initialized_0] => 1
)

[16-Nov-2025 21:09:09 Asia/Manila] POST data: Array
(
    [expense_type] => project
    [date] => 2024-07-09
    [client_id] => 15
    [project_id] => project-12
    [main_project_id] => 12
    [addon_id] => 
    [item_name] => Array
        (
            [0] => Traffic Cones (10 pcs)
            [1] => Safety Vests (8 pcs)
        )

    [store_name] => Array
        (
            [0] => BuildRight Supply
            [1] => WorkSafe Gear
        )

    [category_num] => Array
        (
            [0] => 5001
            [1] => 5001
        )

    [amount] => Array
        (
            [0] => 4500
            [1] => 3200
        )

    [payment_method] => Array
        (
            [0] => Cash
            [1] => Cash
        )

    [other_payment_method] => Array
        (
            [0] => 
            [1] => 
        )

    [invoice_num] => Array
        (
            [0] => 8745123
            [1] => 993874
        )

    [save_batch_expense] => 1
    [validate_only] => 1
)

[16-Nov-2025 21:09:14 Asia/Manila] Session data: Array
(
    [authenticated] => 1
    [auth_user] => Array
        (
            [id] => 119
            [name] => Kamil Camposanto
            [email] => schoolcamposanto05@gmail.com
            [role] => admin
            [client_id] => 
            [company_id] => 1
        )

    [last_activity] => 1763298391
    [last_viewed_recording] => 2025-11-16 15:22:49
    [last_viewed_archive] => 2025-11-16 15:21:21
    [last_viewed_sessions] => 2025-11-16 20:39:50
    [last_viewed_fsAccess] => 2025-11-16 14:02:48
    [initialized_0] => 1
)

[16-Nov-2025 21:09:14 Asia/Manila] POST data: Array
(
    [expense_type] => project
    [date] => 2024-07-09
    [client_id] => 15
    [project_id] => project-12
    [main_project_id] => 12
    [addon_id] => 
    [item_name] => Array
        (
            [0] => Traffic Cones (10 pcs)
            [1] => Safety Vests (8 pcs)
        )

    [store_name] => Array
        (
            [0] => BuildRight Supply
            [1] => WorkSafe Gear
        )

    [category_num] => Array
        (
            [0] => 5001
            [1] => 5001
        )

    [amount] => Array
        (
            [0] => 4500
            [1] => 3200
        )

    [payment_method] => Array
        (
            [0] => Cash
            [1] => Cash
        )

    [other_payment_method] => Array
        (
            [0] => 
            [1] => 
        )

    [invoice_num] => Array
        (
            [0] => 8745123
            [1] => 993874
        )

    [save_batch_expense] => 1
    [validate_only] => 0
)

[16-Nov-2025 21:09:14 Asia/Manila] Row to insert: Array
(
    [row_num] => 0
    [user_id] => 119
    [client] => 15
    [main_project_id] => 12
    [addon_id] => 
    [date] => 2024-07-09
    [description] => Traffic Cones (10 pcs)
    [category_num] => 5001
    [category] => Construction Supplies
    [invoice_num] => 8745123
    [store_name] => BuildRight Supply
    [amount] => 4500
    [payment_method] => Cash
    [receipt_file] => P1R1.jpg
    [receipt_tmp] => /tmp/phpV4gNUj
    [final_path] => ../receipts/project_expenses_files/P1R1.jpg
)

[16-Nov-2025 21:09:14 Asia/Manila] Row to insert: Array
(
    [row_num] => 1
    [user_id] => 119
    [client] => 15
    [main_project_id] => 12
    [addon_id] => 
    [date] => 2024-07-09
    [description] => Safety Vests (8 pcs)
    [category_num] => 5001
    [category] => Construction Supplies
    [invoice_num] => 993874
    [store_name] => WorkSafe Gear
    [amount] => 3200
    [payment_method] => Cash
    [receipt_file] => P1R2.jpg
    [receipt_tmp] => /tmp/phpShKZXe
    [final_path] => ../receipts/project_expenses_files/P1R2.jpg
)

[16-Nov-2025 21:13:04 Asia/Manila] Session data: Array
(
    [authenticated] => 1
    [auth_user] => Array
        (
            [id] => 119
            [name] => Kamil Camposanto
            [email] => schoolcamposanto05@gmail.com
            [role] => admin
            [client_id] => 
            [company_id] => 1
        )

    [last_activity] => 1763298556
    [last_viewed_recording] => 2025-11-16 15:22:49
    [last_viewed_archive] => 2025-11-16 15:21:21
    [last_viewed_sessions] => 2025-11-16 20:39:50
    [last_viewed_fsAccess] => 2025-11-16 14:02:48
    [initialized_0] => 1
)

[16-Nov-2025 21:13:04 Asia/Manila] POST data: Array
(
    [expense_type] => project
    [date] => 2024-07-10
    [client_id] => 15
    [project_id] => project-12
    [main_project_id] => 12
    [addon_id] => 
    [item_name] => Array
        (
            [0] => Paint (5 gallons)
            [1] => Signage Boards (5 pcs)
            [2] => Paint Brush (7 pcs)
        )

    [store_name] => Array
        (
            [0] => ColorMax Paints Hardware
            [1] => SignPro Shop
            [2] => ColorMax Paints Hardware
        )

    [category_num] => Array
        (
            [0] => 5001
            [1] => 5001
            [2] => 5001
        )

    [amount] => Array
        (
            [0] => 6885
            [1] => 2875
            [2] => 1258
        )

    [payment_method] => Array
        (
            [0] => Cash
            [1] => Cash
            [2] => Cash
        )

    [other_payment_method] => Array
        (
            [0] => 
            [1] => 
            [2] => 
        )

    [invoice_num] => Array
        (
            [0] => 56091234
            [1] => 112358
            [2] => 726543
        )

    [save_batch_expense] => 1
    [validate_only] => 1
)

[16-Nov-2025 21:13:06 Asia/Manila] Session data: Array
(
    [authenticated] => 1
    [auth_user] => Array
        (
            [id] => 119
            [name] => Kamil Camposanto
            [email] => schoolcamposanto05@gmail.com
            [role] => admin
            [client_id] => 
            [company_id] => 1
        )

    [last_activity] => 1763298556
    [last_viewed_recording] => 2025-11-16 15:22:49
    [last_viewed_archive] => 2025-11-16 15:21:21
    [last_viewed_sessions] => 2025-11-16 20:39:50
    [last_viewed_fsAccess] => 2025-11-16 14:02:48
    [initialized_0] => 1
)

[16-Nov-2025 21:13:06 Asia/Manila] POST data: Array
(
    [expense_type] => project
    [date] => 2024-07-10
    [client_id] => 15
    [project_id] => project-12
    [main_project_id] => 12
    [addon_id] => 
    [item_name] => Array
        (
            [0] => Paint (5 gallons)
            [1] => Signage Boards (5 pcs)
            [2] => Paint Brush (7 pcs)
        )

    [store_name] => Array
        (
            [0] => ColorMax Paints Hardware
            [1] => SignPro Shop
            [2] => ColorMax Paints Hardware
        )

    [category_num] => Array
        (
            [0] => 5001
            [1] => 5001
            [2] => 5001
        )

    [amount] => Array
        (
            [0] => 6885
            [1] => 2875
            [2] => 1258
        )

    [payment_method] => Array
        (
            [0] => Cash
            [1] => Cash
            [2] => Cash
        )

    [other_payment_method] => Array
        (
            [0] => 
            [1] => 
            [2] => 
        )

    [invoice_num] => Array
        (
            [0] => 56091234
            [1] => 112358
            [2] => 726543
        )

    [save_batch_expense] => 1
    [validate_only] => 0
)

[16-Nov-2025 21:13:06 Asia/Manila] Row to insert: Array
(
    [row_num] => 0
    [user_id] => 119
    [client] => 15
    [main_project_id] => 12
    [addon_id] => 
    [date] => 2024-07-10
    [description] => Paint (5 gallons)
    [category_num] => 5001
    [category] => Construction Supplies
    [invoice_num] => 56091234
    [store_name] => ColorMax Paints Hardware
    [amount] => 6885
    [payment_method] => Cash
    [receipt_file] => P1R3.jpg
    [receipt_tmp] => /tmp/phpwZqOLK
    [final_path] => ../receipts/project_expenses_files/P1R3.jpg
)

[16-Nov-2025 21:13:06 Asia/Manila] Row to insert: Array
(
    [row_num] => 1
    [user_id] => 119
    [client] => 15
    [main_project_id] => 12
    [addon_id] => 
    [date] => 2024-07-10
    [description] => Signage Boards (5 pcs)
    [category_num] => 5001
    [category] => Construction Supplies
    [invoice_num] => 112358
    [store_name] => SignPro Shop
    [amount] => 2875
    [payment_method] => Cash
    [receipt_file] => P1R14.jpg
    [receipt_tmp] => /tmp/php8xIsix
    [final_path] => ../receipts/project_expenses_files/P1R14.jpg
)

[16-Nov-2025 21:13:06 Asia/Manila] Row to insert: Array
(
    [row_num] => 2
    [user_id] => 119
    [client] => 15
    [main_project_id] => 12
    [addon_id] => 
    [date] => 2024-07-10
    [description] => Paint Brush (7 pcs)
    [category_num] => 5001
    [category] => Construction Supplies
    [invoice_num] => 726543
    [store_name] => ColorMax Paints Hardware
    [amount] => 1258
    [payment_method] => Cash
    [receipt_file] => P1R5.jpg
    [receipt_tmp] => /tmp/phpHGfcrN
    [final_path] => ../receipts/project_expenses_files/P1R5.jpg
)

[16-Nov-2025 21:27:44 Asia/Manila] Session data: Array
(
    [authenticated] => 1
    [auth_user] => Array
        (
            [id] => 119
            [name] => Kamil Camposanto
            [email] => schoolcamposanto05@gmail.com
            [role] => admin
            [client_id] => 
            [company_id] => 1
        )

    [last_activity] => 1763299566
    [last_viewed_recording] => 2025-11-16 15:22:49
    [last_viewed_archive] => 2025-11-16 15:21:21
    [last_viewed_sessions] => 2025-11-16 20:39:50
    [last_viewed_fsAccess] => 2025-11-16 14:02:48
    [initialized_0] => 1
)

[16-Nov-2025 21:27:44 Asia/Manila] POST data: Array
(
    [expense_type] => project
    [date] => 2024-07-29
    [client_id] => 15
    [project_id] => project-12
    [main_project_id] => 12
    [addon_id] => 
    [item_name] => Array
        (
            [0] => Labor - Francis
        )

    [store_name] => Array
        (
            [0] => RVR SMES
        )

    [category_num] => Array
        (
            [0] => 5003
        )

    [amount] => Array
        (
            [0] => 5800
        )

    [payment_method] => Array
        (
            [0] => Cash
        )

    [other_payment_method] => Array
        (
            [0] => 
        )

    [invoice_num] => Array
        (
            [0] => No Invoice Number Required
        )

    [save_batch_expense] => 1
    [validate_only] => 1
)

[16-Nov-2025 21:27:49 Asia/Manila] Session data: Array
(
    [authenticated] => 1
    [auth_user] => Array
        (
            [id] => 119
            [name] => Kamil Camposanto
            [email] => schoolcamposanto05@gmail.com
            [role] => admin
            [client_id] => 
            [company_id] => 1
        )

    [last_activity] => 1763299566
    [last_viewed_recording] => 2025-11-16 15:22:49
    [last_viewed_archive] => 2025-11-16 15:21:21
    [last_viewed_sessions] => 2025-11-16 20:39:50
    [last_viewed_fsAccess] => 2025-11-16 14:02:48
    [initialized_0] => 1
)

[16-Nov-2025 21:27:49 Asia/Manila] POST data: Array
(
    [expense_type] => project
    [date] => 2024-07-29
    [client_id] => 15
    [project_id] => project-12
    [main_project_id] => 12
    [addon_id] => 
    [item_name] => Array
        (
            [0] => Labor - Francis
        )

    [store_name] => Array
        (
            [0] => RVR SMES
        )

    [category_num] => Array
        (
            [0] => 5003
        )

    [amount] => Array
        (
            [0] => 5800
        )

    [payment_method] => Array
        (
            [0] => Cash
        )

    [other_payment_method] => Array
        (
            [0] => 
        )

    [invoice_num] => Array
        (
            [0] => No Invoice Number Required
        )

    [save_batch_expense] => 1
    [validate_only] => 0
)

[16-Nov-2025 21:27:49 Asia/Manila] Row to insert: Array
(
    [row_num] => 0
    [user_id] => 119
    [client] => 15
    [main_project_id] => 12
    [addon_id] => 
    [date] => 2024-07-29
    [description] => Labor - Francis
    [category_num] => 5003
    [category] => Labor Expense
    [invoice_num] => No Invoice Number Required
    [store_name] => RVR SMES
    [amount] => 5800
    [payment_method] => Cash
    [receipt_file] => P1R7.jpg
    [receipt_tmp] => /tmp/phpYz05lP
    [final_path] => ../receipts/project_expenses_files/P1R7.jpg
)

[17-Nov-2025 12:07:35 Asia/Manila] Session data: Array
(
    [authenticated] => 1
    [auth_user] => Array
        (
            [id] => 170
            [name] => Jeus Manalili
            [email] => jeuscedricjmanalili@gmail.com
            [role] => admin
            [client_id] => 
            [company_id] => 1
        )

    [last_activity] => 1763352411
    [last_viewed_recording] => 2025-11-16 22:31:54
    [last_viewed_archive] => 2025-11-16 15:21:21
    [last_viewed_sessions] => 2025-11-17 12:04:03
    [last_viewed_fsAccess] => 2025-11-16 23:14:16
    [initialized_0] => 1
)

[17-Nov-2025 12:07:35 Asia/Manila] POST data: Array
(
    [expense_type] => project
    [date] => 2024-09-15
    [client_id] => 13
    [project_id] => project-11
    [main_project_id] => 11
    [addon_id] => 
    [item_name] => Array
        (
            [0] => Salary
        )

    [store_name] => Array
        (
            [0] => 
        )

    [category_num] => Array
        (
            [0] => 5003
        )

    [amount] => Array
        (
            [0] => 5000
        )

    [payment_method] => Array
        (
            [0] => Cash
        )

    [other_payment_method] => Array
        (
            [0] => 
        )

    [invoice_num] => Array
        (
            [0] => No Invoice Number Required
        )

    [save_batch_expense] => 1
    [validate_only] => 1
)

[17-Nov-2025 12:22:51 Asia/Manila] Session data: Array
(
    [authenticated] => 1
    [auth_user] => Array
        (
            [id] => 170
            [name] => Jeus Manalili
            [email] => jeuscedricjmanalili@gmail.com
            [role] => admin
            [client_id] => 
            [company_id] => 1
        )

    [last_activity] => 1763353289
    [last_viewed_recording] => 2025-11-16 22:31:54
    [last_viewed_archive] => 2025-11-16 15:21:21
    [last_viewed_sessions] => 2025-11-17 12:04:03
    [last_viewed_fsAccess] => 2025-11-16 23:14:16
    [initialized_0] => 1
)

[17-Nov-2025 12:22:51 Asia/Manila] POST data: Array
(
    [expense_type] => project
    [date] => 2024-09-15
    [main_project_id] => 
    [addon_id] => 
    [item_name] => Array
        (
            [0] => Salary
        )

    [store_name] => Array
        (
            [0] => 
        )

    [category_num] => Array
        (
            [0] => 5003
        )

    [amount] => Array
        (
            [0] => 5000
        )

    [payment_method] => Array
        (
            [0] => Cash
        )

    [other_payment_method] => Array
        (
            [0] => 
        )

    [invoice_num] => Array
        (
            [0] => No Invoice Number Required
        )

    [save_batch_expense] => 1
    [validate_only] => 1
)

[17-Nov-2025 12:22:51 Asia/Manila] PHP Warning:  Undefined array key "client_id" in /home/u570829513/domains/rvrsmes-fms.com/public_html/inner_pages/expense_logic.php on line 141
[17-Nov-2025 12:23:14 Asia/Manila] Session data: Array
(
    [authenticated] => 1
    [auth_user] => Array
        (
            [id] => 170
            [name] => Jeus Manalili
            [email] => jeuscedricjmanalili@gmail.com
            [role] => admin
            [client_id] => 
            [company_id] => 1
        )

    [last_activity] => 1763353378
    [last_viewed_recording] => 2025-11-16 22:31:54
    [last_viewed_archive] => 2025-11-16 15:21:21
    [last_viewed_sessions] => 2025-11-17 12:04:03
    [last_viewed_fsAccess] => 2025-11-16 23:14:16
    [initialized_0] => 1
)

[17-Nov-2025 12:23:14 Asia/Manila] POST data: Array
(
    [expense_type] => project
    [date] => 2025-11-17
    [main_project_id] => 
    [addon_id] => 
    [item_name] => Array
        (
            [0] => Salary
        )

    [store_name] => Array
        (
            [0] => 
        )

    [category_num] => Array
        (
            [0] => 5003
        )

    [amount] => Array
        (
            [0] => 5000
        )

    [payment_method] => Array
        (
            [0] => Cash
        )

    [other_payment_method] => Array
        (
            [0] => 
        )

    [invoice_num] => Array
        (
            [0] => No Invoice Number Required
        )

    [save_batch_expense] => 1
    [validate_only] => 1
)

[17-Nov-2025 12:23:14 Asia/Manila] PHP Warning:  Undefined array key "client_id" in /home/u570829513/domains/rvrsmes-fms.com/public_html/inner_pages/expense_logic.php on line 141
[17-Nov-2025 13:38:16 Asia/Manila] Session data: Array
(
    [authenticated] => 1
    [auth_user] => Array
        (
            [id] => 170
            [name] => Jeus Manalili
            [email] => jeuscedricjmanalili@gmail.com
            [role] => admin
            [client_id] => 
            [company_id] => 1
        )

    [last_activity] => 1763357645
    [last_viewed_recording] => 2025-11-16 22:31:54
    [last_viewed_archive] => 2025-11-16 15:21:21
    [last_viewed_sessions] => 2025-11-17 12:04:03
    [last_viewed_fsAccess] => 2025-11-16 23:14:16
    [initialized_0] => 1
)

[17-Nov-2025 13:38:16 Asia/Manila] POST data: Array
(
    [expense_type] => project
    [date] => 2024-11-15
    [client_id] => 13
    [project_id] => project-11
    [main_project_id] => 11
    [addon_id] => 
    [item_name] => Array
        (
            [0] => Labor
        )

    [store_name] => Array
        (
            [0] => RVR SMES
        )

    [category_num] => Array
        (
            [0] => 5003
        )

    [amount] => Array
        (
            [0] => 5000
        )

    [payment_method] => Array
        (
            [0] => Cash
        )

    [other_payment_method] => Array
        (
            [0] => 
        )

    [invoice_num] => Array
        (
            [0] => No Invoice Number Required
        )

    [save_batch_expense] => 1
    [validate_only] => 1
)

[17-Nov-2025 13:38:34 Asia/Manila] Session data: Array
(
    [authenticated] => 1
    [auth_user] => Array
        (
            [id] => 170
            [name] => Jeus Manalili
            [email] => jeuscedricjmanalili@gmail.com
            [role] => admin
            [client_id] => 
            [company_id] => 1
        )

    [last_activity] => 1763357645
    [last_viewed_recording] => 2025-11-16 22:31:54
    [last_viewed_archive] => 2025-11-16 15:21:21
    [last_viewed_sessions] => 2025-11-17 12:04:03
    [last_viewed_fsAccess] => 2025-11-16 23:14:16
    [initialized_0] => 1
)

[17-Nov-2025 13:38:34 Asia/Manila] POST data: Array
(
    [expense_type] => project
    [date] => 2024-11-15
    [client_id] => 13
    [project_id] => project-11
    [main_project_id] => 11
    [addon_id] => 
    [item_name] => Array
        (
            [0] => Labor
        )

    [store_name] => Array
        (
            [0] => RVR SMES
        )

    [category_num] => Array
        (
            [0] => 5003
        )

    [amount] => Array
        (
            [0] => 5000
        )

    [payment_method] => Array
        (
            [0] => Cash
        )

    [other_payment_method] => Array
        (
            [0] => 
        )

    [invoice_num] => Array
        (
            [0] => 
        )

    [save_batch_expense] => 1
    [validate_only] => 1
)

[17-Nov-2025 13:39:10 Asia/Manila] Session data: Array
(
    [authenticated] => 1
    [auth_user] => Array
        (
            [id] => 170
            [name] => Jeus Manalili
            [email] => jeuscedricjmanalili@gmail.com
            [role] => admin
            [client_id] => 
            [company_id] => 1
        )

    [last_activity] => 1763357925
    [last_viewed_recording] => 2025-11-16 22:31:54
    [last_viewed_archive] => 2025-11-16 15:21:21
    [last_viewed_sessions] => 2025-11-17 12:04:03
    [last_viewed_fsAccess] => 2025-11-16 23:14:16
    [initialized_0] => 1
)

[17-Nov-2025 13:39:10 Asia/Manila] POST data: Array
(
    [expense_type] => project
    [date] => 2025-11-17
    [main_project_id] => 
    [addon_id] => 
    [item_name] => Array
        (
            [0] => Labor
        )

    [store_name] => Array
        (
            [0] => RVR SMES
        )

    [category_num] => Array
        (
            [0] => 5003
        )

    [amount] => Array
        (
            [0] => 5000
        )

    [payment_method] => Array
        (
            [0] => Cash
        )

    [other_payment_method] => Array
        (
            [0] => 
        )

    [invoice_num] => Array
        (
            [0] => No Invoice Number Required
        )

    [save_batch_expense] => 1
    [validate_only] => 1
)

[17-Nov-2025 13:39:10 Asia/Manila] PHP Warning:  Undefined array key "client_id" in /home/u570829513/domains/rvrsmes-fms.com/public_html/inner_pages/expense_logic.php on line 141
[17-Nov-2025 13:39:34 Asia/Manila] Session data: Array
(
    [authenticated] => 1
    [auth_user] => Array
        (
            [id] => 170
            [name] => Jeus Manalili
            [email] => jeuscedricjmanalili@gmail.com
            [role] => admin
            [client_id] => 
            [company_id] => 1
        )

    [last_activity] => 1763357925
    [last_viewed_recording] => 2025-11-16 22:31:54
    [last_viewed_archive] => 2025-11-16 15:21:21
    [last_viewed_sessions] => 2025-11-17 12:04:03
    [last_viewed_fsAccess] => 2025-11-16 23:14:16
    [initialized_0] => 1
)

[17-Nov-2025 13:39:34 Asia/Manila] POST data: Array
(
    [expense_type] => project
    [date] => 2024-09-15
    [client_id] => 13
    [project_id] => project-11
    [main_project_id] => 11
    [addon_id] => 
    [item_name] => Array
        (
            [0] => Labor
        )

    [store_name] => Array
        (
            [0] => RVR SMES
        )

    [category_num] => Array
        (
            [0] => 5003
        )

    [amount] => Array
        (
            [0] => 5000
        )

    [payment_method] => Array
        (
            [0] => Cash
        )

    [other_payment_method] => Array
        (
            [0] => 
        )

    [invoice_num] => Array
        (
            [0] => No Invoice Number Required
        )

    [save_batch_expense] => 1
    [validate_only] => 1
)

[18-Nov-2025 06:07:35 Asia/Manila] PHP Warning:  Undefined array key "client_id" in /home/u570829513/domains/rvrsmes-fms.com/public_html/inner_pages/expense_logic.php on line 29
[18-Nov-2025 06:07:35 Asia/Manila] PHP Warning:  Undefined array key "category_num" in /home/u570829513/domains/rvrsmes-fms.com/public_html/inner_pages/expense_logic.php on line 34
[18-Nov-2025 06:07:38 Asia/Manila] PHP Warning:  Undefined array key "client_id" in /home/u570829513/domains/rvrsmes-fms.com/public_html/inner_pages/expense_logic.php on line 29
[18-Nov-2025 06:07:38 Asia/Manila] PHP Warning:  Undefined array key "category_num" in /home/u570829513/domains/rvrsmes-fms.com/public_html/inner_pages/expense_logic.php on line 34
[18-Nov-2025 06:07:42 Asia/Manila] PHP Warning:  Undefined array key "client_id" in /home/u570829513/domains/rvrsmes-fms.com/public_html/inner_pages/expense_logic.php on line 29
[18-Nov-2025 06:07:42 Asia/Manila] PHP Warning:  Undefined array key "category_num" in /home/u570829513/domains/rvrsmes-fms.com/public_html/inner_pages/expense_logic.php on line 34
[18-Nov-2025 06:16:35 Asia/Manila] PHP Fatal error:  Uncaught mysqli_sql_exception: Cannot add or update a child row: a foreign key constraint fails (`u570829513_php_rvrsmes`.`expenses`, CONSTRAINT `toProject` FOREIGN KEY (`project_id`) REFERENCES `projects` (`project_id`) ON DELETE CASCADE ON UPDATE CASCADE) in /home/u570829513/domains/rvrsmes-fms.com/public_html/inner_pages/expense_logic.php:98
Stack trace:
#0 /home/u570829513/domains/rvrsmes-fms.com/public_html/inner_pages/expense_logic.php(98): mysqli_query()
#1 {main}
  thrown in /home/u570829513/domains/rvrsmes-fms.com/public_html/inner_pages/expense_logic.php on line 98
[18-Nov-2025 06:16:41 Asia/Manila] PHP Fatal error:  Uncaught mysqli_sql_exception: Cannot add or update a child row: a foreign key constraint fails (`u570829513_php_rvrsmes`.`expenses`, CONSTRAINT `toProject` FOREIGN KEY (`project_id`) REFERENCES `projects` (`project_id`) ON DELETE CASCADE ON UPDATE CASCADE) in /home/u570829513/domains/rvrsmes-fms.com/public_html/inner_pages/expense_logic.php:98
Stack trace:
#0 /home/u570829513/domains/rvrsmes-fms.com/public_html/inner_pages/expense_logic.php(98): mysqli_query()
#1 {main}
  thrown in /home/u570829513/domains/rvrsmes-fms.com/public_html/inner_pages/expense_logic.php on line 98
[18-Nov-2025 06:16:42 Asia/Manila] PHP Fatal error:  Uncaught mysqli_sql_exception: Cannot add or update a child row: a foreign key constraint fails (`u570829513_php_rvrsmes`.`expenses`, CONSTRAINT `toProject` FOREIGN KEY (`project_id`) REFERENCES `projects` (`project_id`) ON DELETE CASCADE ON UPDATE CASCADE) in /home/u570829513/domains/rvrsmes-fms.com/public_html/inner_pages/expense_logic.php:98
Stack trace:
#0 /home/u570829513/domains/rvrsmes-fms.com/public_html/inner_pages/expense_logic.php(98): mysqli_query()
#1 {main}
  thrown in /home/u570829513/domains/rvrsmes-fms.com/public_html/inner_pages/expense_logic.php on line 98
[18-Nov-2025 06:16:43 Asia/Manila] PHP Fatal error:  Uncaught mysqli_sql_exception: Cannot add or update a child row: a foreign key constraint fails (`u570829513_php_rvrsmes`.`expenses`, CONSTRAINT `toProject` FOREIGN KEY (`project_id`) REFERENCES `projects` (`project_id`) ON DELETE CASCADE ON UPDATE CASCADE) in /home/u570829513/domains/rvrsmes-fms.com/public_html/inner_pages/expense_logic.php:98
Stack trace:
#0 /home/u570829513/domains/rvrsmes-fms.com/public_html/inner_pages/expense_logic.php(98): mysqli_query()
#1 {main}
  thrown in /home/u570829513/domains/rvrsmes-fms.com/public_html/inner_pages/expense_logic.php on line 98
[18-Nov-2025 06:16:48 Asia/Manila] PHP Fatal error:  Uncaught mysqli_sql_exception: Cannot add or update a child row: a foreign key constraint fails (`u570829513_php_rvrsmes`.`expenses`, CONSTRAINT `toProject` FOREIGN KEY (`project_id`) REFERENCES `projects` (`project_id`) ON DELETE CASCADE ON UPDATE CASCADE) in /home/u570829513/domains/rvrsmes-fms.com/public_html/inner_pages/expense_logic.php:98
Stack trace:
#0 /home/u570829513/domains/rvrsmes-fms.com/public_html/inner_pages/expense_logic.php(98): mysqli_query()
#1 {main}
  thrown in /home/u570829513/domains/rvrsmes-fms.com/public_html/inner_pages/expense_logic.php on line 98
[18-Nov-2025 06:17:13 Asia/Manila] PHP Fatal error:  Uncaught mysqli_sql_exception: Cannot add or update a child row: a foreign key constraint fails (`u570829513_php_rvrsmes`.`expenses`, CONSTRAINT `toProject` FOREIGN KEY (`project_id`) REFERENCES `projects` (`project_id`) ON DELETE CASCADE ON UPDATE CASCADE) in /home/u570829513/domains/rvrsmes-fms.com/public_html/inner_pages/expense_logic.php:98
Stack trace:
#0 /home/u570829513/domains/rvrsmes-fms.com/public_html/inner_pages/expense_logic.php(98): mysqli_query()
#1 {main}
  thrown in /home/u570829513/domains/rvrsmes-fms.com/public_html/inner_pages/expense_logic.php on line 98
[18-Nov-2025 06:17:14 Asia/Manila] PHP Fatal error:  Uncaught mysqli_sql_exception: Cannot add or update a child row: a foreign key constraint fails (`u570829513_php_rvrsmes`.`expenses`, CONSTRAINT `toProject` FOREIGN KEY (`project_id`) REFERENCES `projects` (`project_id`) ON DELETE CASCADE ON UPDATE CASCADE) in /home/u570829513/domains/rvrsmes-fms.com/public_html/inner_pages/expense_logic.php:98
Stack trace:
#0 /home/u570829513/domains/rvrsmes-fms.com/public_html/inner_pages/expense_logic.php(98): mysqli_query()
#1 {main}
  thrown in /home/u570829513/domains/rvrsmes-fms.com/public_html/inner_pages/expense_logic.php on line 98
[18-Nov-2025 06:17:14 Asia/Manila] PHP Fatal error:  Uncaught mysqli_sql_exception: Cannot add or update a child row: a foreign key constraint fails (`u570829513_php_rvrsmes`.`expenses`, CONSTRAINT `toProject` FOREIGN KEY (`project_id`) REFERENCES `projects` (`project_id`) ON DELETE CASCADE ON UPDATE CASCADE) in /home/u570829513/domains/rvrsmes-fms.com/public_html/inner_pages/expense_logic.php:98
Stack trace:
#0 /home/u570829513/domains/rvrsmes-fms.com/public_html/inner_pages/expense_logic.php(98): mysqli_query()
#1 {main}
  thrown in /home/u570829513/domains/rvrsmes-fms.com/public_html/inner_pages/expense_logic.php on line 98
[18-Nov-2025 06:29:33 Asia/Manila] Session data: Array
(
    [authenticated] => 1
    [auth_user] => Array
        (
            [id] => 169
            [name] => Camille Ramos
            [email] => camillepunongbayanramos13@gmail.com
            [role] => admin
            [client_id] => 
            [company_id] => 1
        )

    [last_activity] => 1763418162
    [last_viewed_recording] => 2025-11-18 02:10:04
    [last_viewed_archive] => 2025-11-18 02:06:43
    [last_viewed_sessions] => 2025-11-18 05:37:58
    [last_viewed_fsAccess] => 2025-11-18 04:55:45
    [initialized_0] => 1
)

[18-Nov-2025 06:29:33 Asia/Manila] POST data: Array
(
    [expense_type] => project
    [date] => 2025-11-18
    [main_project_id] => 
    [addon_id] => 
    [item_name] => Array
        (
            [0] => GI Pipe
        )

    [store_name] => Array
        (
            [0] => Wilcon Depot
        )

    [category_num] => Array
        (
            [0] => 5001
        )

    [amount] => Array
        (
            [0] => 1299.20
        )

    [payment_method] => Array
        (
            [0] => Cash
        )

    [other_payment_method] => Array
        (
            [0] => 
        )

    [invoice_num] => Array
        (
            [0] => 8292024-001
        )

    [save_batch_expense] => 1
    [validate_only] => 1
)

[18-Nov-2025 06:29:33 Asia/Manila] PHP Warning:  Undefined array key "client_id" in /home/u570829513/domains/rvrsmes-fms.com/public_html/inner_pages/expense_logic.php on line 141
[18-Nov-2025 06:29:44 Asia/Manila] Session data: Array
(
    [authenticated] => 1
    [auth_user] => Array
        (
            [id] => 169
            [name] => Camille Ramos
            [email] => camillepunongbayanramos13@gmail.com
            [role] => admin
            [client_id] => 
            [company_id] => 1
        )

    [last_activity] => 1763418162
    [last_viewed_recording] => 2025-11-18 02:10:04
    [last_viewed_archive] => 2025-11-18 02:06:43
    [last_viewed_sessions] => 2025-11-18 05:37:58
    [last_viewed_fsAccess] => 2025-11-18 04:55:45
    [initialized_0] => 1
)

[18-Nov-2025 06:29:44 Asia/Manila] POST data: Array
(
    [expense_type] => project
    [date] => 2025-11-18
    [main_project_id] => 
    [addon_id] => 
    [item_name] => Array
        (
            [0] => GI Pipe
        )

    [store_name] => Array
        (
            [0] => Wilcon Depot
        )

    [category_num] => Array
        (
            [0] => 5001
        )

    [amount] => Array
        (
            [0] => 1299.20
        )

    [payment_method] => Array
        (
            [0] => Cash
        )

    [other_payment_method] => Array
        (
            [0] => 
        )

    [invoice_num] => Array
        (
            [0] => 8292024-001
        )

    [save_batch_expense] => 1
    [validate_only] => 1
)

[18-Nov-2025 06:29:44 Asia/Manila] PHP Warning:  Undefined array key "client_id" in /home/u570829513/domains/rvrsmes-fms.com/public_html/inner_pages/expense_logic.php on line 141
[18-Nov-2025 06:31:52 Asia/Manila] Session data: Array
(
    [authenticated] => 1
    [auth_user] => Array
        (
            [id] => 169
            [name] => Camille Ramos
            [email] => camillepunongbayanramos13@gmail.com
            [role] => admin
            [client_id] => 
            [company_id] => 1
        )

    [last_activity] => 1763418162
    [last_viewed_recording] => 2025-11-18 02:10:04
    [last_viewed_archive] => 2025-11-18 02:06:43
    [last_viewed_sessions] => 2025-11-18 05:37:58
    [last_viewed_fsAccess] => 2025-11-18 04:55:45
    [initialized_0] => 1
)

[18-Nov-2025 06:31:52 Asia/Manila] POST data: Array
(
    [expense_type] => project
    [date] => 2025-11-18
    [client_id] => 14
    [project_id] => project-14
    [main_project_id] => 14
    [addon_id] => 
    [item_name] => Array
        (
            [0] => GI Pipe
        )

    [store_name] => Array
        (
            [0] => Wilcon Depot
        )

    [category_num] => Array
        (
            [0] => 5001
        )

    [amount] => Array
        (
            [0] => 1299.20
        )

    [payment_method] => Array
        (
            [0] => Cash
        )

    [other_payment_method] => Array
        (
            [0] => 
        )

    [invoice_num] => Array
        (
            [0] => 8292024-001
        )

    [save_batch_expense] => 1
    [validate_only] => 1
)

[18-Nov-2025 06:32:01 Asia/Manila] Session data: Array
(
    [authenticated] => 1
    [auth_user] => Array
        (
            [id] => 169
            [name] => Camille Ramos
            [email] => camillepunongbayanramos13@gmail.com
            [role] => admin
            [client_id] => 
            [company_id] => 1
        )

    [last_activity] => 1763418162
    [last_viewed_recording] => 2025-11-18 02:10:04
    [last_viewed_archive] => 2025-11-18 02:06:43
    [last_viewed_sessions] => 2025-11-18 05:37:58
    [last_viewed_fsAccess] => 2025-11-18 04:55:45
    [initialized_0] => 1
)

[18-Nov-2025 06:32:01 Asia/Manila] POST data: Array
(
    [expense_type] => project
    [date] => 2025-11-18
    [client_id] => 14
    [project_id] => project-14
    [main_project_id] => 14
    [addon_id] => 
    [item_name] => Array
        (
            [0] => GI Pipe
        )

    [store_name] => Array
        (
            [0] => Wilcon Depot
        )

    [category_num] => Array
        (
            [0] => 5001
        )

    [amount] => Array
        (
            [0] => 1299.20
        )

    [payment_method] => Array
        (
            [0] => Cash
        )

    [other_payment_method] => Array
        (
            [0] => 
        )

    [invoice_num] => Array
        (
            [0] => 8292024-001
        )

    [save_batch_expense] => 1
    [validate_only] => 0
)

[18-Nov-2025 06:32:01 Asia/Manila] Row to insert: Array
(
    [row_num] => 0
    [user_id] => 169
    [client] => 14
    [main_project_id] => 14
    [addon_id] => 
    [date] => 2025-11-18
    [description] => GI Pipe
    [category_num] => 5001
    [category] => Construction Supplies
    [invoice_num] => 8292024-001
    [store_name] => Wilcon Depot
    [amount] => 1299.20
    [payment_method] => Cash
    [receipt_file] => Capture.JPG
    [receipt_tmp] => /tmp/phpMl5UXQ
    [final_path] => ../receipts/project_expenses_files/Capture.JPG
)

[18-Nov-2025 08:00:17 Asia/Manila] Session data: Array
(
    [authenticated] => 1
    [auth_user] => Array
        (
            [id] => 170
            [name] => Jeus Manalili
            [email] => jeuscedricjmanalili@gmail.com
            [role] => admin
            [client_id] => 
            [company_id] => 1
        )

    [last_activity] => 1763423957
    [last_viewed_recording] => 2025-11-18 06:32:01
    [last_viewed_archive] => 2025-11-18 02:06:43
    [last_viewed_sessions] => 2025-11-18 07:34:12
    [last_viewed_fsAccess] => 2025-11-18 04:55:45
    [initialized_0] => 1
)

[18-Nov-2025 08:00:17 Asia/Manila] POST data: Array
(
    [expense_type] => project
    [date] => 2025-11-18
    [main_project_id] => 
    [addon_id] => 
    [item_name] => Array
        (
            [0] => Labor
        )

    [store_name] => Array
        (
            [0] => 
        )

    [category_num] => Array
        (
            [0] => 5003
        )

    [amount] => Array
        (
            [0] => 14000
        )

    [payment_method] => Array
        (
            [0] => E-payment
        )

    [other_payment_method] => Array
        (
            [0] => 
        )

    [invoice_num] => Array
        (
            [0] => No Invoice Number Required
        )

    [save_batch_expense] => 1
    [validate_only] => 1
)

[18-Nov-2025 08:00:17 Asia/Manila] PHP Warning:  Undefined array key "client_id" in /home/u570829513/domains/rvrsmes-fms.com/public_html/inner_pages/expense_logic.php on line 141
[18-Nov-2025 08:00:42 Asia/Manila] Session data: Array
(
    [authenticated] => 1
    [auth_user] => Array
        (
            [id] => 170
            [name] => Jeus Manalili
            [email] => jeuscedricjmanalili@gmail.com
            [role] => admin
            [client_id] => 
            [company_id] => 1
        )

    [last_activity] => 1763423957
    [last_viewed_recording] => 2025-11-18 06:32:01
    [last_viewed_archive] => 2025-11-18 02:06:43
    [last_viewed_sessions] => 2025-11-18 07:34:12
    [last_viewed_fsAccess] => 2025-11-18 04:55:45
    [initialized_0] => 1
)

[18-Nov-2025 08:00:42 Asia/Manila] POST data: Array
(
    [expense_type] => project
    [date] => 2025-03-30
    [client_id] => 13
    [project_id] => project-19
    [main_project_id] => 19
    [addon_id] => 
    [item_name] => Array
        (
            [0] => Labor
        )

    [store_name] => Array
        (
            [0] => RVR SMES
        )

    [category_num] => Array
        (
            [0] => 5003
        )

    [amount] => Array
        (
            [0] => 14000
        )

    [payment_method] => Array
        (
            [0] => E-payment
        )

    [other_payment_method] => Array
        (
            [0] => 
        )

    [invoice_num] => Array
        (
            [0] => No Invoice Number Required
        )

    [save_batch_expense] => 1
    [validate_only] => 1
)

[18-Nov-2025 08:01:03 Asia/Manila] Session data: Array
(
    [authenticated] => 1
    [auth_user] => Array
        (
            [id] => 170
            [name] => Jeus Manalili
            [email] => jeuscedricjmanalili@gmail.com
            [role] => admin
            [client_id] => 
            [company_id] => 1
        )

    [last_activity] => 1763423957
    [last_viewed_recording] => 2025-11-18 06:32:01
    [last_viewed_archive] => 2025-11-18 02:06:43
    [last_viewed_sessions] => 2025-11-18 07:34:12
    [last_viewed_fsAccess] => 2025-11-18 04:55:45
    [initialized_0] => 1
)

[18-Nov-2025 08:01:03 Asia/Manila] POST data: Array
(
    [expense_type] => project
    [date] => 2025-03-30
    [client_id] => 13
    [project_id] => project-19
    [main_project_id] => 19
    [addon_id] => 
    [item_name] => Array
        (
            [0] => Labor
        )

    [store_name] => Array
        (
            [0] => RVR SMES
        )

    [category_num] => Array
        (
            [0] => 5003
        )

    [amount] => Array
        (
            [0] => 14000
        )

    [payment_method] => Array
        (
            [0] => E-payment
        )

    [other_payment_method] => Array
        (
            [0] => 
        )

    [invoice_num] => Array
        (
            [0] => 3459874565
        )

    [save_batch_expense] => 1
    [validate_only] => 1
)

[18-Nov-2025 08:01:06 Asia/Manila] Session data: Array
(
    [authenticated] => 1
    [auth_user] => Array
        (
            [id] => 170
            [name] => Jeus Manalili
            [email] => jeuscedricjmanalili@gmail.com
            [role] => admin
            [client_id] => 
            [company_id] => 1
        )

    [last_activity] => 1763423957
    [last_viewed_recording] => 2025-11-18 06:32:01
    [last_viewed_archive] => 2025-11-18 02:06:43
    [last_viewed_sessions] => 2025-11-18 07:34:12
    [last_viewed_fsAccess] => 2025-11-18 04:55:45
    [initialized_0] => 1
)

[18-Nov-2025 08:01:06 Asia/Manila] POST data: Array
(
    [expense_type] => project
    [date] => 2025-03-30
    [client_id] => 13
    [project_id] => project-19
    [main_project_id] => 19
    [addon_id] => 
    [item_name] => Array
        (
            [0] => Labor
        )

    [store_name] => Array
        (
            [0] => RVR SMES
        )

    [category_num] => Array
        (
            [0] => 5003
        )

    [amount] => Array
        (
            [0] => 14000
        )

    [payment_method] => Array
        (
            [0] => E-payment
        )

    [other_payment_method] => Array
        (
            [0] => 
        )

    [invoice_num] => Array
        (
            [0] => 3459874565
        )

    [save_batch_expense] => 1
    [validate_only] => 0
)

[18-Nov-2025 08:01:06 Asia/Manila] Row to insert: Array
(
    [row_num] => 0
    [user_id] => 170
    [client] => 13
    [main_project_id] => 19
    [addon_id] => 
    [date] => 2025-03-30
    [description] => Labor
    [category_num] => 5003
    [category] => Labor Expense
    [invoice_num] => 3459874565
    [store_name] => RVR SMES
    [amount] => 14000
    [payment_method] => E-payment
    [receipt_file] => Gemini_Generated_Image_9vjecd9vjecd9vje.jpg
    [receipt_tmp] => /tmp/phpYPhyj1
    [final_path] => ../receipts/project_expenses_files/Gemini_Generated_Image_9vjecd9vjecd9vje.jpg
)

[18-Nov-2025 08:34:51 Asia/Manila] Session data: Array
(
    [authenticated] => 1
    [auth_user] => Array
        (
            [id] => 170
            [name] => Jeus Manalili
            [email] => jeuscedricjmanalili@gmail.com
            [role] => admin
            [client_id] => 
            [company_id] => 1
        )

    [last_activity] => 1763425927
    [last_viewed_recording] => 2025-11-18 06:32:01
    [last_viewed_archive] => 2025-11-18 02:06:43
    [last_viewed_sessions] => 2025-11-18 07:34:12
    [last_viewed_fsAccess] => 2025-11-18 04:55:45
    [initialized_0] => 1
)

[18-Nov-2025 08:34:51 Asia/Manila] POST data: Array
(
    [expense_type] => project
    [date] => 2024-09-10
    [client_id] => 13
    [project_id] => project-11
    [main_project_id] => 11
    [addon_id] => 
    [item_name] => Array
        (
            [0] => Labor
        )

    [store_name] => Array
        (
            [0] => RVR SMES
        )

    [category_num] => Array
        (
            [0] => 5003
        )

    [amount] => Array
        (
            [0] => 13200
        )

    [payment_method] => Array
        (
            [0] => Cash
        )

    [other_payment_method] => Array
        (
            [0] => 
        )

    [invoice_num] => Array
        (
            [0] => 3259845
        )

    [save_batch_expense] => 1
    [validate_only] => 1
)

[18-Nov-2025 08:34:58 Asia/Manila] Session data: Array
(
    [authenticated] => 1
    [auth_user] => Array
        (
            [id] => 170
            [name] => Jeus Manalili
            [email] => jeuscedricjmanalili@gmail.com
            [role] => admin
            [client_id] => 
            [company_id] => 1
        )

    [last_activity] => 1763425927
    [last_viewed_recording] => 2025-11-18 06:32:01
    [last_viewed_archive] => 2025-11-18 02:06:43
    [last_viewed_sessions] => 2025-11-18 07:34:12
    [last_viewed_fsAccess] => 2025-11-18 04:55:45
    [initialized_0] => 1
)

[18-Nov-2025 08:34:58 Asia/Manila] POST data: Array
(
    [expense_type] => project
    [date] => 2024-09-10
    [client_id] => 13
    [project_id] => project-11
    [main_project_id] => 11
    [addon_id] => 
    [item_name] => Array
        (
            [0] => Labor
        )

    [store_name] => Array
        (
            [0] => RVR SMES
        )

    [category_num] => Array
        (
            [0] => 5003
        )

    [amount] => Array
        (
            [0] => 13200
        )

    [payment_method] => Array
        (
            [0] => Cash
        )

    [other_payment_method] => Array
        (
            [0] => 
        )

    [invoice_num] => Array
        (
            [0] => 3259845
        )

    [save_batch_expense] => 1
    [validate_only] => 0
)

[18-Nov-2025 08:34:58 Asia/Manila] Row to insert: Array
(
    [row_num] => 0
    [user_id] => 170
    [client] => 13
    [main_project_id] => 11
    [addon_id] => 
    [date] => 2024-09-10
    [description] => Labor
    [category_num] => 5003
    [category] => Labor Expense
    [invoice_num] => 3259845
    [store_name] => RVR SMES
    [amount] => 13200
    [payment_method] => Cash
    [receipt_file] => Gemini_Generated_Image_oo8dfhoo8dfhoo8d.jpg
    [receipt_tmp] => /tmp/phpMYaJWj
    [final_path] => ../receipts/project_expenses_files/Gemini_Generated_Image_oo8dfhoo8dfhoo8d.jpg
)

[18-Nov-2025 08:37:09 Asia/Manila] Session data: Array
(
    [authenticated] => 1
    [auth_user] => Array
        (
            [id] => 170
            [name] => Jeus Manalili
            [email] => jeuscedricjmanalili@gmail.com
            [role] => admin
            [client_id] => 
            [company_id] => 1
        )

    [last_activity] => 1763426100
    [last_viewed_recording] => 2025-11-18 06:32:01
    [last_viewed_archive] => 2025-11-18 02:06:43
    [last_viewed_sessions] => 2025-11-18 07:34:12
    [last_viewed_fsAccess] => 2025-11-18 04:55:45
    [initialized_0] => 1
)

[18-Nov-2025 08:37:09 Asia/Manila] POST data: Array
(
    [expense_type] => project
    [date] => 2024-09-05
    [client_id] => 13
    [project_id] => project-11
    [main_project_id] => 11
    [addon_id] => 
    [item_name] => Array
        (
            [0] => Labor
        )

    [store_name] => Array
        (
            [0] => RVR SMES
        )

    [category_num] => Array
        (
            [0] => 5003
        )

    [amount] => Array
        (
            [0] => 13200
        )

    [payment_method] => Array
        (
            [0] => Cash
        )

    [other_payment_method] => Array
        (
            [0] => 
        )

    [invoice_num] => Array
        (
            [0] => 6587745
        )

    [save_batch_expense] => 1
    [validate_only] => 1
)

[18-Nov-2025 08:37:13 Asia/Manila] Session data: Array
(
    [authenticated] => 1
    [auth_user] => Array
        (
            [id] => 170
            [name] => Jeus Manalili
            [email] => jeuscedricjmanalili@gmail.com
            [role] => admin
            [client_id] => 
            [company_id] => 1
        )

    [last_activity] => 1763426100
    [last_viewed_recording] => 2025-11-18 06:32:01
    [last_viewed_archive] => 2025-11-18 02:06:43
    [last_viewed_sessions] => 2025-11-18 07:34:12
    [last_viewed_fsAccess] => 2025-11-18 04:55:45
    [initialized_0] => 1
)

[18-Nov-2025 08:37:13 Asia/Manila] POST data: Array
(
    [expense_type] => project
    [date] => 2024-09-05
    [client_id] => 13
    [project_id] => project-11
    [main_project_id] => 11
    [addon_id] => 
    [item_name] => Array
        (
            [0] => Labor
        )

    [store_name] => Array
        (
            [0] => RVR SMES
        )

    [category_num] => Array
        (
            [0] => 5003
        )

    [amount] => Array
        (
            [0] => 13200
        )

    [payment_method] => Array
        (
            [0] => Cash
        )

    [other_payment_method] => Array
        (
            [0] => 
        )

    [invoice_num] => Array
        (
            [0] => 6587745
        )

    [save_batch_expense] => 1
    [validate_only] => 0
)

[18-Nov-2025 08:37:13 Asia/Manila] Row to insert: Array
(
    [row_num] => 0
    [user_id] => 170
    [client] => 13
    [main_project_id] => 11
    [addon_id] => 
    [date] => 2024-09-05
    [description] => Labor
    [category_num] => 5003
    [category] => Labor Expense
    [invoice_num] => 6587745
    [store_name] => RVR SMES
    [amount] => 13200
    [payment_method] => Cash
    [receipt_file] => Gemini_Generated_Image_459z0u459z0u459z.jpg
    [receipt_tmp] => /tmp/php6oEl9S
    [final_path] => ../receipts/project_expenses_files/Gemini_Generated_Image_459z0u459z0u459z.jpg
)

[18-Nov-2025 08:39:28 Asia/Manila] Session data: Array
(
    [authenticated] => 1
    [auth_user] => Array
        (
            [id] => 170
            [name] => Jeus Manalili
            [email] => jeuscedricjmanalili@gmail.com
            [role] => admin
            [client_id] => 
            [company_id] => 1
        )

    [last_activity] => 1763426235
    [last_viewed_recording] => 2025-11-18 06:32:01
    [last_viewed_archive] => 2025-11-18 02:06:43
    [last_viewed_sessions] => 2025-11-18 07:34:12
    [last_viewed_fsAccess] => 2025-11-18 04:55:45
    [initialized_0] => 1
)

[18-Nov-2025 08:39:28 Asia/Manila] POST data: Array
(
    [expense_type] => project
    [date] => 2024-09-15
    [client_id] => 13
    [project_id] => project-11
    [main_project_id] => 11
    [addon_id] => 
    [item_name] => Array
        (
            [0] => Labor
        )

    [store_name] => Array
        (
            [0] => RVR SMES
        )

    [category_num] => Array
        (
            [0] => 5003
        )

    [amount] => Array
        (
            [0] => 13200
        )

    [payment_method] => Array
        (
            [0] => Cash
        )

    [other_payment_method] => Array
        (
            [0] => 
        )

    [invoice_num] => Array
        (
            [0] => 658745212
        )

    [save_batch_expense] => 1
    [validate_only] => 1
)

[18-Nov-2025 08:39:30 Asia/Manila] Session data: Array
(
    [authenticated] => 1
    [auth_user] => Array
        (
            [id] => 170
            [name] => Jeus Manalili
            [email] => jeuscedricjmanalili@gmail.com
            [role] => admin
            [client_id] => 
            [company_id] => 1
        )

    [last_activity] => 1763426235
    [last_viewed_recording] => 2025-11-18 06:32:01
    [last_viewed_archive] => 2025-11-18 02:06:43
    [last_viewed_sessions] => 2025-11-18 07:34:12
    [last_viewed_fsAccess] => 2025-11-18 04:55:45
    [initialized_0] => 1
)

[18-Nov-2025 08:39:30 Asia/Manila] POST data: Array
(
    [expense_type] => project
    [date] => 2024-09-15
    [client_id] => 13
    [project_id] => project-11
    [main_project_id] => 11
    [addon_id] => 
    [item_name] => Array
        (
            [0] => Labor
        )

    [store_name] => Array
        (
            [0] => RVR SMES
        )

    [category_num] => Array
        (
            [0] => 5003
        )

    [amount] => Array
        (
            [0] => 13200
        )

    [payment_method] => Array
        (
            [0] => Cash
        )

    [other_payment_method] => Array
        (
            [0] => 
        )

    [invoice_num] => Array
        (
            [0] => 658745212
        )

    [save_batch_expense] => 1
    [validate_only] => 0
)

[18-Nov-2025 08:39:30 Asia/Manila] Row to insert: Array
(
    [row_num] => 0
    [user_id] => 170
    [client] => 13
    [main_project_id] => 11
    [addon_id] => 
    [date] => 2024-09-15
    [description] => Labor
    [category_num] => 5003
    [category] => Labor Expense
    [invoice_num] => 658745212
    [store_name] => RVR SMES
    [amount] => 13200
    [payment_method] => Cash
    [receipt_file] => Gemini_Generated_Image_c20d60c20d60c20d.jpg
    [receipt_tmp] => /tmp/phpzEf83x
    [final_path] => ../receipts/project_expenses_files/Gemini_Generated_Image_c20d60c20d60c20d.jpg
)

[18-Nov-2025 08:58:07 Asia/Manila] Session data: Array
(
    [authenticated] => 1
    [auth_user] => Array
        (
            [id] => 170
            [name] => Jeus Manalili
            [email] => jeuscedricjmanalili@gmail.com
            [role] => admin
            [client_id] => 
            [company_id] => 1
        )

    [last_activity] => 1763427317
    [last_viewed_recording] => 2025-11-18 06:32:01
    [last_viewed_archive] => 2025-11-18 02:06:43
    [last_viewed_sessions] => 2025-11-18 07:34:12
    [last_viewed_fsAccess] => 2025-11-18 04:55:45
    [initialized_0] => 1
    [login_id] => login_691bc3b8e59529.88401278
    [fs_unlocked_income] => 1
)

[18-Nov-2025 08:58:07 Asia/Manila] POST data: Array
(
    [expense_type] => project
    [date] => 2025-04-05
    [client_id] => 13
    [project_id] => project-19
    [main_project_id] => 19
    [addon_id] => 
    [item_name] => Array
        (
            [0] => Labor
        )

    [store_name] => Array
        (
            [0] => No Store Name Required
        )

    [category_num] => Array
        (
            [0] => 5003
        )

    [amount] => Array
        (
            [0] => 14000
        )

    [payment_method] => Array
        (
            [0] => Cash
        )

    [other_payment_method] => Array
        (
            [0] => 
        )

    [invoice_num] => Array
        (
            [0] => No Invoice Number Required
        )

    [save_batch_expense] => 1
    [validate_only] => 1
)

[18-Nov-2025 08:58:15 Asia/Manila] Session data: Array
(
    [authenticated] => 1
    [auth_user] => Array
        (
            [id] => 170
            [name] => Jeus Manalili
            [email] => jeuscedricjmanalili@gmail.com
            [role] => admin
            [client_id] => 
            [company_id] => 1
        )

    [last_activity] => 1763427317
    [last_viewed_recording] => 2025-11-18 06:32:01
    [last_viewed_archive] => 2025-11-18 02:06:43
    [last_viewed_sessions] => 2025-11-18 07:34:12
    [last_viewed_fsAccess] => 2025-11-18 04:55:45
    [initialized_0] => 1
    [login_id] => login_691bc3b8e59529.88401278
    [fs_unlocked_income] => 1
)

[18-Nov-2025 08:58:15 Asia/Manila] POST data: Array
(
    [expense_type] => project
    [date] => 2025-04-05
    [client_id] => 13
    [project_id] => project-19
    [main_project_id] => 19
    [addon_id] => 
    [item_name] => Array
        (
            [0] => Labor
        )

    [store_name] => Array
        (
            [0] => No Store Name Required
        )

    [category_num] => Array
        (
            [0] => 5003
        )

    [amount] => Array
        (
            [0] => 14000
        )

    [payment_method] => Array
        (
            [0] => Cash
        )

    [other_payment_method] => Array
        (
            [0] => 
        )

    [invoice_num] => Array
        (
            [0] => No Invoice Number Required
        )

    [save_batch_expense] => 1
    [validate_only] => 0
)

[18-Nov-2025 08:58:15 Asia/Manila] Row to insert: Array
(
    [row_num] => 0
    [user_id] => 170
    [client] => 13
    [main_project_id] => 19
    [addon_id] => 
    [date] => 2025-04-05
    [description] => Labor
    [category_num] => 5003
    [category] => Labor Expense
    [invoice_num] => No Invoice Number Required
    [store_name] => No Store Name Required
    [amount] => 14000
    [payment_method] => Cash
    [receipt_file] => Gemini_Generated_Image_disojgdisojgdiso.jpg
    [receipt_tmp] => /tmp/phpyhztgJ
    [final_path] => ../receipts/project_expenses_files/Gemini_Generated_Image_disojgdisojgdiso.jpg
)

[18-Nov-2025 11:36:12 Asia/Manila] Session data: Array
(
    [authenticated] => 1
    [auth_user] => Array
        (
            [id] => 170
            [name] => Jeus Manalili
            [email] => jeuscedricjmanalili@gmail.com
            [role] => admin
            [client_id] => 
            [company_id] => 1
        )

    [last_activity] => 1763436930
    [last_viewed_recording] => 2025-11-18 08:58:15
    [last_viewed_archive] => 2025-11-18 08:03:41
    [last_viewed_sessions] => 2025-11-18 11:09:46
    [last_viewed_fsAccess] => 2025-11-18 08:54:17
    [initialized_0] => 1
    [selected_project_id] => 11
    [status_project] => Project marked as completed!
    [login_id] => login_691be83e412b82.66239294
    [fs_unlocked_income] => 1
)

[18-Nov-2025 11:36:12 Asia/Manila] POST data: Array
(
    [expense_type] => project
    [date] => 2025-11-18
    [client_id] => 15
    [project_id] => project-12
    [main_project_id] => 12
    [addon_id] => 
    [item_name] => Array
        (
            [0] => yjtydrthf
        )

    [store_name] => Array
        (
            [0] => No Store Name Required
        )

    [category_num] => Array
        (
            [0] => 5003
        )

    [amount] => Array
        (
            [0] => 10022
        )

    [payment_method] => Array
        (
            [0] => Cash
        )

    [other_payment_method] => Array
        (
            [0] => 
        )

    [invoice_num] => Array
        (
            [0] => No Invoice Number Required
        )

    [save_batch_expense] => 1
    [validate_only] => 1
)

[18-Nov-2025 11:36:18 Asia/Manila] Session data: Array
(
    [authenticated] => 1
    [auth_user] => Array
        (
            [id] => 170
            [name] => Jeus Manalili
            [email] => jeuscedricjmanalili@gmail.com
            [role] => admin
            [client_id] => 
            [company_id] => 1
        )

    [last_activity] => 1763436930
    [last_viewed_recording] => 2025-11-18 08:58:15
    [last_viewed_archive] => 2025-11-18 08:03:41
    [last_viewed_sessions] => 2025-11-18 11:09:46
    [last_viewed_fsAccess] => 2025-11-18 08:54:17
    [initialized_0] => 1
    [selected_project_id] => 11
    [status_project] => Project marked as completed!
    [login_id] => login_691be83e412b82.66239294
    [fs_unlocked_income] => 1
)

[18-Nov-2025 11:36:18 Asia/Manila] POST data: Array
(
    [expense_type] => project
    [date] => 2025-11-18
    [client_id] => 15
    [project_id] => project-12
    [main_project_id] => 12
    [addon_id] => 
    [item_name] => Array
        (
            [0] => yjtydrthf
        )

    [store_name] => Array
        (
            [0] => No Store Name Required
        )

    [category_num] => Array
        (
            [0] => 5003
        )

    [amount] => Array
        (
            [0] => 10022
        )

    [payment_method] => Array
        (
            [0] => Cash
        )

    [other_payment_method] => Array
        (
            [0] => 
        )

    [invoice_num] => Array
        (
            [0] => No Invoice Number Required
        )

    [save_batch_expense] => 1
    [validate_only] => 1
)

[18-Nov-2025 11:37:11 Asia/Manila] Session data: Array
(
    [authenticated] => 1
    [auth_user] => Array
        (
            [id] => 170
            [name] => Jeus Manalili
            [email] => jeuscedricjmanalili@gmail.com
            [role] => admin
            [client_id] => 
            [company_id] => 1
        )

    [last_activity] => 1763436983
    [last_viewed_recording] => 2025-11-18 08:58:15
    [last_viewed_archive] => 2025-11-18 08:03:41
    [last_viewed_sessions] => 2025-11-18 11:09:46
    [last_viewed_fsAccess] => 2025-11-18 08:54:17
    [initialized_0] => 1
    [selected_project_id] => 11
    [status_project] => Project marked as completed!
    [login_id] => login_691be83e412b82.66239294
    [fs_unlocked_income] => 1
)

[18-Nov-2025 11:37:11 Asia/Manila] POST data: Array
(
    [expense_type] => project
    [date] => 2025-11-18
    [client_id] => 15
    [project_id] => project-12
    [main_project_id] => 12
    [addon_id] => 
    [item_name] => Array
        (
            [0] => fgkrgekhgkerj
        )

    [store_name] => Array
        (
            [0] => No Store Name Required
        )

    [category_num] => Array
        (
            [0] => 5003
        )

    [amount] => Array
        (
            [0] => 4000
        )

    [payment_method] => Array
        (
            [0] => Cash
        )

    [other_payment_method] => Array
        (
            [0] => 
        )

    [invoice_num] => Array
        (
            [0] => No Invoice Number Required
        )

    [save_batch_expense] => 1
    [validate_only] => 1
)

[18-Nov-2025 11:37:15 Asia/Manila] Session data: Array
(
    [authenticated] => 1
    [auth_user] => Array
        (
            [id] => 170
            [name] => Jeus Manalili
            [email] => jeuscedricjmanalili@gmail.com
            [role] => admin
            [client_id] => 
            [company_id] => 1
        )

    [last_activity] => 1763436983
    [last_viewed_recording] => 2025-11-18 08:58:15
    [last_viewed_archive] => 2025-11-18 08:03:41
    [last_viewed_sessions] => 2025-11-18 11:09:46
    [last_viewed_fsAccess] => 2025-11-18 08:54:17
    [initialized_0] => 1
    [selected_project_id] => 11
    [status_project] => Project marked as completed!
    [login_id] => login_691be83e412b82.66239294
    [fs_unlocked_income] => 1
)

[18-Nov-2025 11:37:15 Asia/Manila] POST data: Array
(
    [expense_type] => project
    [date] => 2025-11-18
    [client_id] => 15
    [project_id] => project-12
    [main_project_id] => 12
    [addon_id] => 
    [item_name] => Array
        (
            [0] => fgkrgekhgkerj
        )

    [store_name] => Array
        (
            [0] => No Store Name Required
        )

    [category_num] => Array
        (
            [0] => 5003
        )

    [amount] => Array
        (
            [0] => 4000
        )

    [payment_method] => Array
        (
            [0] => Cash
        )

    [other_payment_method] => Array
        (
            [0] => 
        )

    [invoice_num] => Array
        (
            [0] => No Invoice Number Required
        )

    [save_batch_expense] => 1
    [validate_only] => 1
)

[18-Nov-2025 11:37:52 Asia/Manila] Session data: Array
(
    [authenticated] => 1
    [auth_user] => Array
        (
            [id] => 170
            [name] => Jeus Manalili
            [email] => jeuscedricjmanalili@gmail.com
            [role] => admin
            [client_id] => 
            [company_id] => 1
        )

    [last_activity] => 1763436983
    [last_viewed_recording] => 2025-11-18 08:58:15
    [last_viewed_archive] => 2025-11-18 08:03:41
    [last_viewed_sessions] => 2025-11-18 11:09:46
    [last_viewed_fsAccess] => 2025-11-18 08:54:17
    [initialized_0] => 1
    [selected_project_id] => 11
    [status_project] => Project marked as completed!
    [login_id] => login_691be83e412b82.66239294
    [fs_unlocked_income] => 1
)

[18-Nov-2025 11:37:52 Asia/Manila] POST data: Array
(
    [expense_type] => project
    [date] => 2025-11-18
    [client_id] => 15
    [project_id] => project-12
    [main_project_id] => 12
    [addon_id] => 
    [item_name] => Array
        (
            [0] => fgkrgekhgkerj
        )

    [store_name] => Array
        (
            [0] => No Store Name Required
        )

    [category_num] => Array
        (
            [0] => 5003
        )

    [amount] => Array
        (
            [0] => 4000
        )

    [payment_method] => Array
        (
            [0] => Cash
        )

    [other_payment_method] => Array
        (
            [0] => 
        )

    [invoice_num] => Array
        (
            [0] => No Invoice Number Required
        )

    [save_batch_expense] => 1
    [validate_only] => 1
)

[18-Nov-2025 11:38:30 Asia/Manila] Session data: Array
(
    [authenticated] => 1
    [auth_user] => Array
        (
            [id] => 170
            [name] => Jeus Manalili
            [email] => jeuscedricjmanalili@gmail.com
            [role] => admin
            [client_id] => 
            [company_id] => 1
        )

    [last_activity] => 1763436983
    [last_viewed_recording] => 2025-11-18 08:58:15
    [last_viewed_archive] => 2025-11-18 08:03:41
    [last_viewed_sessions] => 2025-11-18 11:09:46
    [last_viewed_fsAccess] => 2025-11-18 08:54:17
    [initialized_0] => 1
    [selected_project_id] => 11
    [status_project] => Project marked as completed!
    [login_id] => login_691be83e412b82.66239294
    [fs_unlocked_income] => 1
)

[18-Nov-2025 11:38:30 Asia/Manila] POST data: Array
(
    [expense_type] => project
    [date] => 2025-11-18
    [client_id] => 15
    [project_id] => project-12
    [main_project_id] => 12
    [addon_id] => 
    [item_name] => Array
        (
            [0] => jwjsdkl
        )

    [store_name] => Array
        (
            [0] => No Store Name Required
        )

    [category_num] => Array
        (
            [0] => 5003
        )

    [amount] => Array
        (
            [0] => 4000
        )

    [payment_method] => Array
        (
            [0] => Cash
        )

    [other_payment_method] => Array
        (
            [0] => 
        )

    [invoice_num] => Array
        (
            [0] => No Invoice Number Required
        )

    [save_batch_expense] => 1
    [validate_only] => 1
)

[18-Nov-2025 11:38:47 Asia/Manila] Session data: Array
(
    [authenticated] => 1
    [auth_user] => Array
        (
            [id] => 170
            [name] => Jeus Manalili
            [email] => jeuscedricjmanalili@gmail.com
            [role] => admin
            [client_id] => 
            [company_id] => 1
        )

    [last_activity] => 1763436983
    [last_viewed_recording] => 2025-11-18 08:58:15
    [last_viewed_archive] => 2025-11-18 08:03:41
    [last_viewed_sessions] => 2025-11-18 11:09:46
    [last_viewed_fsAccess] => 2025-11-18 08:54:17
    [initialized_0] => 1
    [selected_project_id] => 11
    [status_project] => Project marked as completed!
    [login_id] => login_691be83e412b82.66239294
    [fs_unlocked_income] => 1
)

[18-Nov-2025 11:38:47 Asia/Manila] POST data: Array
(
    [expense_type] => project
    [date] => 2025-11-18
    [client_id] => 15
    [project_id] => project-12
    [main_project_id] => 12
    [addon_id] => 
    [item_name] => Array
        (
            [0] => jwjsdklouaie
        )

    [store_name] => Array
        (
            [0] => No Store Name Required
        )

    [category_num] => Array
        (
            [0] => 5003
        )

    [amount] => Array
        (
            [0] => 4000
        )

    [payment_method] => Array
        (
            [0] => Cash
        )

    [other_payment_method] => Array
        (
            [0] => 
        )

    [invoice_num] => Array
        (
            [0] => No Invoice Number Required
        )

    [save_batch_expense] => 1
    [validate_only] => 1
)

[18-Nov-2025 11:39:07 Asia/Manila] Session data: Array
(
    [authenticated] => 1
    [auth_user] => Array
        (
            [id] => 170
            [name] => Jeus Manalili
            [email] => jeuscedricjmanalili@gmail.com
            [role] => admin
            [client_id] => 
            [company_id] => 1
        )

    [last_activity] => 1763436983
    [last_viewed_recording] => 2025-11-18 08:58:15
    [last_viewed_archive] => 2025-11-18 08:03:41
    [last_viewed_sessions] => 2025-11-18 11:09:46
    [last_viewed_fsAccess] => 2025-11-18 08:54:17
    [initialized_0] => 1
    [selected_project_id] => 11
    [status_project] => Project marked as completed!
    [login_id] => login_691be83e412b82.66239294
    [fs_unlocked_income] => 1
)

[18-Nov-2025 11:39:07 Asia/Manila] POST data: Array
(
    [expense_type] => project
    [date] => 2025-11-18
    [client_id] => 15
    [project_id] => project-12
    [main_project_id] => 12
    [addon_id] => 
    [item_name] => Array
        (
            [0] => fsdjdsfgsjdfg
        )

    [store_name] => Array
        (
            [0] => No Store Name Required
        )

    [category_num] => Array
        (
            [0] => 5003
        )

    [amount] => Array
        (
            [0] => 4000
        )

    [payment_method] => Array
        (
            [0] => Cash
        )

    [other_payment_method] => Array
        (
            [0] => 
        )

    [invoice_num] => Array
        (
            [0] => No Invoice Number Required
        )

    [save_batch_expense] => 1
    [validate_only] => 1
)

[18-Nov-2025 11:50:13 Asia/Manila] Session data: Array
(
    [authenticated] => 1
    [auth_user] => Array
        (
            [id] => 119
            [name] => Kamil Camposanto
            [email] => schoolcamposanto05@gmail.com
            [role] => admin
            [client_id] => 
            [company_id] => 1
        )

    [last_activity] => 1763437701
    [last_viewed_recording] => 2025-11-18 08:58:15
    [last_viewed_archive] => 2025-11-18 08:03:41
    [last_viewed_sessions] => 2025-11-18 11:31:07
    [last_viewed_fsAccess] => 2025-11-18 11:30:06
    [initialized_0] => 1
    [login_id] => login_691beaac08beb6.10906895
    [fs_unlocked] => 1
)

[18-Nov-2025 11:50:13 Asia/Manila] POST data: Array
(
    [expense_type] => project
    [date] => 2025-11-18
    [client_id] => 15
    [project_id] => project-12
    [main_project_id] => 12
    [addon_id] => 
    [item_name] => Array
        (
            [0] => jkbjyugiuhk
        )

    [store_name] => Array
        (
            [0] => npkoiih
        )

    [category_num] => Array
        (
            [0] => 5001
        )

    [amount] => Array
        (
            [0] => 1000
        )

    [payment_method] => Array
        (
            [0] => Cash
        )

    [other_payment_method] => Array
        (
            [0] => 
        )

    [invoice_num] => Array
        (
            [0] => 0001265
        )

    [save_batch_expense] => 1
    [validate_only] => 1
)

[18-Nov-2025 11:53:40 Asia/Manila] Session data: Array
(
    [authenticated] => 1
    [auth_user] => Array
        (
            [id] => 119
            [name] => Kamil Camposanto
            [email] => schoolcamposanto05@gmail.com
            [role] => admin
            [client_id] => 
            [company_id] => 1
        )

    [last_activity] => 1763437981
    [last_viewed_recording] => 2025-11-18 08:58:15
    [last_viewed_archive] => 2025-11-18 08:03:41
    [last_viewed_sessions] => 2025-11-18 11:31:07
    [last_viewed_fsAccess] => 2025-11-18 11:30:06
    [initialized_0] => 1
    [login_id] => login_691beaac08beb6.10906895
    [fs_unlocked] => 1
)

[18-Nov-2025 11:53:40 Asia/Manila] POST data: Array
(
    [expense_type] => project
    [date] => 2025-11-18
    [client_id] => 15
    [project_id] => project-12
    [main_project_id] => 12
    [addon_id] => 
    [item_name] => Array
        (
            [0] => kjhoiipoh
        )

    [store_name] => Array
        (
            [0] => mnjhkl1635154
        )

    [category_num] => Array
        (
            [0] => 5001
        )

    [amount] => Array
        (
            [0] => 1250
        )

    [payment_method] => Array
        (
            [0] => Cash
        )

    [other_payment_method] => Array
        (
            [0] => 
        )

    [invoice_num] => Array
        (
            [0] => 02165
        )

    [save_batch_expense] => 1
    [validate_only] => 1
)

[18-Nov-2025 11:53:47 Asia/Manila] Session data: Array
(
    [authenticated] => 1
    [auth_user] => Array
        (
            [id] => 119
            [name] => Kamil Camposanto
            [email] => schoolcamposanto05@gmail.com
            [role] => admin
            [client_id] => 
            [company_id] => 1
        )

    [last_activity] => 1763437981
    [last_viewed_recording] => 2025-11-18 08:58:15
    [last_viewed_archive] => 2025-11-18 08:03:41
    [last_viewed_sessions] => 2025-11-18 11:31:07
    [last_viewed_fsAccess] => 2025-11-18 11:30:06
    [initialized_0] => 1
    [login_id] => login_691beaac08beb6.10906895
    [fs_unlocked] => 1
)

[18-Nov-2025 11:53:47 Asia/Manila] POST data: Array
(
    [expense_type] => project
    [date] => 2025-11-18
    [client_id] => 15
    [project_id] => project-12
    [main_project_id] => 12
    [addon_id] => 
    [item_name] => Array
        (
            [0] => kjhoiipohhgf
        )

    [store_name] => Array
        (
            [0] => mnjhkl1635154
        )

    [category_num] => Array
        (
            [0] => 5001
        )

    [amount] => Array
        (
            [0] => 1250
        )

    [payment_method] => Array
        (
            [0] => Cash
        )

    [other_payment_method] => Array
        (
            [0] => 
        )

    [invoice_num] => Array
        (
            [0] => 02165
        )

    [save_batch_expense] => 1
    [validate_only] => 1
)

[18-Nov-2025 11:53:56 Asia/Manila] Session data: Array
(
    [authenticated] => 1
    [auth_user] => Array
        (
            [id] => 119
            [name] => Kamil Camposanto
            [email] => schoolcamposanto05@gmail.com
            [role] => admin
            [client_id] => 
            [company_id] => 1
        )

    [last_activity] => 1763437981
    [last_viewed_recording] => 2025-11-18 08:58:15
    [last_viewed_archive] => 2025-11-18 08:03:41
    [last_viewed_sessions] => 2025-11-18 11:31:07
    [last_viewed_fsAccess] => 2025-11-18 11:30:06
    [initialized_0] => 1
    [login_id] => login_691beaac08beb6.10906895
    [fs_unlocked] => 1
)

[18-Nov-2025 11:53:56 Asia/Manila] POST data: Array
(
    [expense_type] => project
    [date] => 2025-11-18
    [client_id] => 15
    [project_id] => project-12
    [main_project_id] => 12
    [addon_id] => 
    [item_name] => Array
        (
            [0] => kjhoiipohhgf
        )

    [store_name] => Array
        (
            [0] => jhfuigop
        )

    [category_num] => Array
        (
            [0] => 5001
        )

    [amount] => Array
        (
            [0] => 1250
        )

    [payment_method] => Array
        (
            [0] => Cash
        )

    [other_payment_method] => Array
        (
            [0] => 
        )

    [invoice_num] => Array
        (
            [0] => 02165
        )

    [save_batch_expense] => 1
    [validate_only] => 1
)

[18-Nov-2025 11:56:06 Asia/Manila] Session data: Array
(
    [authenticated] => 1
    [auth_user] => Array
        (
            [id] => 119
            [name] => Kamil Camposanto
            [email] => schoolcamposanto05@gmail.com
            [role] => admin
            [client_id] => 
            [company_id] => 1
        )

    [last_activity] => 1763438063
    [last_viewed_recording] => 2025-11-18 08:58:15
    [last_viewed_archive] => 2025-11-18 08:03:41
    [last_viewed_sessions] => 2025-11-18 11:31:07
    [last_viewed_fsAccess] => 2025-11-18 11:30:06
    [initialized_0] => 1
    [login_id] => login_691beaac08beb6.10906895
    [fs_unlocked] => 1
)

[18-Nov-2025 11:56:06 Asia/Manila] POST data: Array
(
    [expense_type] => project
    [date] => 2025-11-18
    [client_id] => 15
    [project_id] => project-12
    [main_project_id] => 12
    [addon_id] => 
    [item_name] => Array
        (
            [0] => lksvjfsoikl8
        )

    [store_name] => Array
        (
            [0] => hbgjkjikotiu
        )

    [category_num] => Array
        (
            [0] => 5001
        )

    [amount] => Array
        (
            [0] => 1234
        )

    [payment_method] => Array
        (
            [0] => Cash
        )

    [other_payment_method] => Array
        (
            [0] => 
        )

    [invoice_num] => Array
        (
            [0] => 002655
        )

    [save_batch_expense] => 1
    [validate_only] => 1
)

[18-Nov-2025 11:56:21 Asia/Manila] Session data: Array
(
    [authenticated] => 1
    [auth_user] => Array
        (
            [id] => 119
            [name] => Kamil Camposanto
            [email] => schoolcamposanto05@gmail.com
            [role] => admin
            [client_id] => 
            [company_id] => 1
        )

    [last_activity] => 1763438063
    [last_viewed_recording] => 2025-11-18 08:58:15
    [last_viewed_archive] => 2025-11-18 08:03:41
    [last_viewed_sessions] => 2025-11-18 11:31:07
    [last_viewed_fsAccess] => 2025-11-18 11:30:06
    [initialized_0] => 1
    [login_id] => login_691beaac08beb6.10906895
    [fs_unlocked] => 1
)

[18-Nov-2025 11:56:21 Asia/Manila] POST data: Array
(
    [expense_type] => project
    [date] => 2025-11-18
    [client_id] => 15
    [project_id] => project-12
    [main_project_id] => 12
    [addon_id] => 
    [item_name] => Array
        (
            [0] => ooooiuiu
        )

    [store_name] => Array
        (
            [0] => hbgjkjikotiu
        )

    [category_num] => Array
        (
            [0] => 5001
        )

    [amount] => Array
        (
            [0] => 1234
        )

    [payment_method] => Array
        (
            [0] => Cash
        )

    [other_payment_method] => Array
        (
            [0] => 
        )

    [invoice_num] => Array
        (
            [0] => 002655
        )

    [save_batch_expense] => 1
    [validate_only] => 1
)

[18-Nov-2025 12:11:56 Asia/Manila] Session data: Array
(
    [authenticated] => 1
    [auth_user] => Array
        (
            [id] => 169
            [name] => Camille Ramos
            [email] => camillepunongbayanramos13@gmail.com
            [role] => admin
            [client_id] => 
            [company_id] => 1
        )

    [last_activity] => 1763439040
    [last_viewed_recording] => 2025-11-18 08:58:15
    [last_viewed_archive] => 2025-11-18 08:03:41
    [last_viewed_sessions] => 2025-11-18 11:48:28
    [last_viewed_fsAccess] => 2025-11-18 11:43:11
    [initialized_0] => 1
)

[18-Nov-2025 12:11:56 Asia/Manila] POST data: Array
(
    [expense_type] => project
    [date] => 2025-10-28
    [client_id] => 14
    [project_id] => project-21
    [main_project_id] => 21
    [addon_id] => 
    [item_name] => Array
        (
            [0] => Portland Cement 
        )

    [store_name] => Array
        (
            [0] => Wilcon Depot
        )

    [category_num] => Array
        (
            [0] => 5001
        )

    [amount] => Array
        (
            [0] => 3,060.00
        )

    [payment_method] => Array
        (
            [0] => Cash
        )

    [other_payment_method] => Array
        (
            [0] => 
        )

    [invoice_num] => Array
        (
            [0] => WD-1029-55621
        )

    [save_batch_expense] => 1
    [validate_only] => 1
)

[18-Nov-2025 12:12:01 Asia/Manila] Session data: Array
(
    [authenticated] => 1
    [auth_user] => Array
        (
            [id] => 169
            [name] => Camille Ramos
            [email] => camillepunongbayanramos13@gmail.com
            [role] => admin
            [client_id] => 
            [company_id] => 1
        )

    [last_activity] => 1763439040
    [last_viewed_recording] => 2025-11-18 08:58:15
    [last_viewed_archive] => 2025-11-18 08:03:41
    [last_viewed_sessions] => 2025-11-18 11:48:28
    [last_viewed_fsAccess] => 2025-11-18 11:43:11
    [initialized_0] => 1
)

[18-Nov-2025 12:12:01 Asia/Manila] POST data: Array
(
    [expense_type] => project
    [date] => 2025-10-28
    [client_id] => 14
    [project_id] => project-21
    [main_project_id] => 21
    [addon_id] => 
    [item_name] => Array
        (
            [0] => Portland Cement 
        )

    [store_name] => Array
        (
            [0] => Wilcon Depot
        )

    [category_num] => Array
        (
            [0] => 5001
        )

    [amount] => Array
        (
            [0] => 3,060.00
        )

    [payment_method] => Array
        (
            [0] => Cash
        )

    [other_payment_method] => Array
        (
            [0] => 
        )

    [invoice_num] => Array
        (
            [0] => WD-1029-55621
        )

    [save_batch_expense] => 1
    [validate_only] => 0
)

[18-Nov-2025 12:12:01 Asia/Manila] Row to insert: Array
(
    [row_num] => 0
    [user_id] => 169
    [client] => 14
    [main_project_id] => 21
    [addon_id] => 
    [date] => 2025-10-28
    [description] => Portland Cement 
    [category_num] => 5001
    [category] => Construction Supplies
    [invoice_num] => WD-1029-55621
    [store_name] => Wilcon Depot
    [amount] => 3060.00
    [payment_method] => Cash
    [receipt_file] => exa1.JPG
    [receipt_tmp] => /tmp/phpvbXFwb
    [final_path] => ../receipts/project_expenses_files/exa1.JPG
)

[18-Nov-2025 12:18:00 Asia/Manila] Session data: Array
(
    [authenticated] => 1
    [auth_user] => Array
        (
            [id] => 169
            [name] => Camille Ramos
            [email] => camillepunongbayanramos13@gmail.com
            [role] => admin
            [client_id] => 
            [company_id] => 1
        )

    [last_activity] => 1763439123
    [last_viewed_recording] => 2025-11-18 08:58:15
    [last_viewed_archive] => 2025-11-18 08:03:41
    [last_viewed_sessions] => 2025-11-18 11:48:28
    [last_viewed_fsAccess] => 2025-11-18 11:43:11
    [initialized_0] => 1
)

[18-Nov-2025 12:18:00 Asia/Manila] POST data: Array
(
    [expense_type] => project
    [date] => 2025-10-29
    [client_id] => 14
    [project_id] => project-21
    [main_project_id] => 21
    [addon_id] => 
    [item_name] => Array
        (
            [0] => LED Light Bulb (9W)
            [1] => GI Pipes ½ inch (6m)
            [2] => Paint – Boysen Flat Latex (4L)
            [3] => Payment
            [4] => Petron
        )

    [store_name] => Array
        (
            [0] => Ace Hardware
            [1] => CitiHardware
            [2] => Wilcon Depot
            [3] => No Store Name Required
            [4] => 
        )

    [category_num] => Array
        (
            [0] => 5001
            [1] => 5002
            [2] => 5003
            [3] => 5002
        )

    [amount] => Array
        (
            [0] => 1,470.00
            [1] => 2,480.00
            [2] => 2,080.00
            [3] => 25000
            [4] => 1000
        )

    [payment_method] => Array
        (
            [0] => Cash
            [1] => Cash
            [2] => Cash
            [3] => Cash
            [4] => Cash
        )

    [other_payment_method] => Array
        (
            [0] => 
            [1] => 
            [2] => 
            [3] => 
            [4] => 
        )

    [invoice_num] => Array
        (
            [0] => AH-1103-88314
            [1] => CH-1110-99142
            [2] => HD-1031-77290
            [3] => No Invoice Number Required
            [4] => 12312344
        )

    [save_batch_expense] => 1
    [validate_only] => 1
)

[18-Nov-2025 12:18:21 Asia/Manila] Session data: Array
(
    [authenticated] => 1
    [auth_user] => Array
        (
            [id] => 169
            [name] => Camille Ramos
            [email] => camillepunongbayanramos13@gmail.com
            [role] => admin
            [client_id] => 
            [company_id] => 1
        )

    [last_activity] => 1763439123
    [last_viewed_recording] => 2025-11-18 08:58:15
    [last_viewed_archive] => 2025-11-18 08:03:41
    [last_viewed_sessions] => 2025-11-18 11:48:28
    [last_viewed_fsAccess] => 2025-11-18 11:43:11
    [initialized_0] => 1
)

[18-Nov-2025 12:18:21 Asia/Manila] POST data: Array
(
    [expense_type] => project
    [date] => 2025-10-29
    [client_id] => 14
    [project_id] => project-21
    [main_project_id] => 21
    [addon_id] => 
    [item_name] => Array
        (
            [0] => LED Light Bulb (9W)
            [1] => GI Pipes ½ inch (6m)
            [2] => Paint – Boysen Flat Latex (4L)
            [3] => Payment
            [4] => Gas
        )

    [store_name] => Array
        (
            [0] => Ace Hardware
            [1] => CitiHardware
            [2] => Wilcon Depot
            [3] => No Store Name Required
            [4] => Petron
        )

    [category_num] => Array
        (
            [0] => 5001
            [1] => 5002
            [2] => 5003
            [3] => 5002
        )

    [amount] => Array
        (
            [0] => 1,470.00
            [1] => 2,480.00
            [2] => 2,080.00
            [3] => 25000
            [4] => 1000
        )

    [payment_method] => Array
        (
            [0] => Cash
            [1] => Cash
            [2] => Cash
            [3] => Cash
            [4] => Cash
        )

    [other_payment_method] => Array
        (
            [0] => 
            [1] => 
            [2] => 
            [3] => 
            [4] => 
        )

    [invoice_num] => Array
        (
            [0] => AH-1103-88314
            [1] => CH-1110-99142
            [2] => HD-1031-77290
            [3] => No Invoice Number Required
            [4] => 12312344
        )

    [save_batch_expense] => 1
    [validate_only] => 1
)

[18-Nov-2025 12:18:24 Asia/Manila] Session data: Array
(
    [authenticated] => 1
    [auth_user] => Array
        (
            [id] => 169
            [name] => Camille Ramos
            [email] => camillepunongbayanramos13@gmail.com
            [role] => admin
            [client_id] => 
            [company_id] => 1
        )

    [last_activity] => 1763439123
    [last_viewed_recording] => 2025-11-18 08:58:15
    [last_viewed_archive] => 2025-11-18 08:03:41
    [last_viewed_sessions] => 2025-11-18 11:48:28
    [last_viewed_fsAccess] => 2025-11-18 11:43:11
    [initialized_0] => 1
)

[18-Nov-2025 12:18:24 Asia/Manila] POST data: Array
(
    [expense_type] => project
    [date] => 2025-10-29
    [client_id] => 14
    [project_id] => project-21
    [main_project_id] => 21
    [addon_id] => 
    [item_name] => Array
        (
            [0] => LED Light Bulb (9W)
            [1] => GI Pipes ½ inch (6m)
            [2] => Paint – Boysen Flat Latex (4L)
            [3] => Payment
            [4] => Gas
        )

    [store_name] => Array
        (
            [0] => Ace Hardware
            [1] => CitiHardware
            [2] => Wilcon Depot
            [3] => No Store Name Required
            [4] => Petron
        )

    [category_num] => Array
        (
            [0] => 5001
            [1] => 5002
            [2] => 5003
            [3] => 5002
        )

    [amount] => Array
        (
            [0] => 1,470.00
            [1] => 2,480.00
            [2] => 2,080.00
            [3] => 25000
            [4] => 1000
        )

    [payment_method] => Array
        (
            [0] => Cash
            [1] => Cash
            [2] => Cash
            [3] => Cash
            [4] => Cash
        )

    [other_payment_method] => Array
        (
            [0] => 
            [1] => 
            [2] => 
            [3] => 
            [4] => 
        )

    [invoice_num] => Array
        (
            [0] => AH-1103-88314
            [1] => CH-1110-99142
            [2] => HD-1031-77290
            [3] => No Invoice Number Required
            [4] => 12312344
        )

    [save_batch_expense] => 1
    [validate_only] => 0
)

[18-Nov-2025 12:18:24 Asia/Manila] Row to insert: Array
(
    [row_num] => 0
    [user_id] => 169
    [client] => 14
    [main_project_id] => 21
    [addon_id] => 
    [date] => 2025-10-29
    [description] => LED Light Bulb (9W)
    [category_num] => 5001
    [category] => Construction Supplies
    [invoice_num] => AH-1103-88314
    [store_name] => Ace Hardware
    [amount] => 1470.00
    [payment_method] => Cash
    [receipt_file] => exa2.JPG
    [receipt_tmp] => /tmp/phpQd2X1I
    [final_path] => ../receipts/project_expenses_files/exa2.JPG
)

[18-Nov-2025 12:18:24 Asia/Manila] Row to insert: Array
(
    [row_num] => 1
    [user_id] => 169
    [client] => 14
    [main_project_id] => 21
    [addon_id] => 
    [date] => 2025-10-29
    [description] => GI Pipes ½ inch (6m)
    [category_num] => 5002
    [category] => Transportation Expense
    [invoice_num] => CH-1110-99142
    [store_name] => CitiHardware
    [amount] => 2480.00
    [payment_method] => Cash
    [receipt_file] => EXA3.JPG
    [receipt_tmp] => /tmp/phpfXOQ3h
    [final_path] => ../receipts/project_expenses_files/EXA3.JPG
)

[18-Nov-2025 12:18:24 Asia/Manila] Row to insert: Array
(
    [row_num] => 2
    [user_id] => 169
    [client] => 14
    [main_project_id] => 21
    [addon_id] => 
    [date] => 2025-10-29
    [description] => Paint – Boysen Flat Latex (4L)
    [category_num] => 5003
    [category] => Labor Expense
    [invoice_num] => HD-1031-77290
    [store_name] => Wilcon Depot
    [amount] => 2080.00
    [payment_method] => Cash
    [receipt_file] => EXA4.JPG
    [receipt_tmp] => /tmp/phpyu75yd
    [final_path] => ../receipts/project_expenses_files/EXA4.JPG
)

[18-Nov-2025 12:18:24 Asia/Manila] Row to insert: Array
(
    [row_num] => 3
    [user_id] => 169
    [client] => 14
    [main_project_id] => 21
    [addon_id] => 
    [date] => 2025-10-29
    [description] => Payment
    [category_num] => 5002
    [category] => Transportation Expense
    [invoice_num] => No Invoice Number Required
    [store_name] => No Store Name Required
    [amount] => 25000
    [payment_method] => Cash
    [receipt_file] => exa6.JPG
    [receipt_tmp] => /tmp/phpCWtIcH
    [final_path] => ../receipts/project_expenses_files/exa6.JPG
)

[18-Nov-2025 12:18:24 Asia/Manila] Row to insert: Array
(
    [row_num] => 4
    [user_id] => 169
    [client] => 14
    [main_project_id] => 21
    [addon_id] => 
    [date] => 2025-10-29
    [description] => Gas
    [category_num] => 
    [category] => 
    [invoice_num] => 12312344
    [store_name] => Petron
    [amount] => 1000
    [payment_method] => Cash
    [receipt_file] => exa11.JPG
    [receipt_tmp] => /tmp/phpgVvA8m
    [final_path] => ../receipts/project_expenses_files/exa11.JPG
)

[18-Nov-2025 12:18:24 Asia/Manila] PHP Deprecated:  mysqli_real_escape_string(): Passing null to parameter #2 ($string) of type string is deprecated in /home/u570829513/domains/rvrsmes-fms.com/public_html/inner_pages/expense_logic.php on line 346
[18-Nov-2025 12:18:30 Asia/Manila] Session data: Array
(
    [authenticated] => 1
    [auth_user] => Array
        (
            [id] => 169
            [name] => Camille Ramos
            [email] => camillepunongbayanramos13@gmail.com
            [role] => admin
            [client_id] => 
            [company_id] => 1
        )

    [last_activity] => 1763439123
    [last_viewed_recording] => 2025-11-18 08:58:15
    [last_viewed_archive] => 2025-11-18 08:03:41
    [last_viewed_sessions] => 2025-11-18 11:48:28
    [last_viewed_fsAccess] => 2025-11-18 11:43:11
    [initialized_0] => 1
)

[18-Nov-2025 12:18:30 Asia/Manila] POST data: Array
(
    [expense_type] => project
    [date] => 2025-10-29
    [client_id] => 14
    [project_id] => project-21
    [main_project_id] => 21
    [addon_id] => 
    [item_name] => Array
        (
            [0] => LED Light Bulb (9W)
            [1] => GI Pipes ½ inch (6m)
            [2] => Paint – Boysen Flat Latex (4L)
            [3] => Payment
            [4] => Gas
        )

    [store_name] => Array
        (
            [0] => Ace Hardware
            [1] => CitiHardware
            [2] => Wilcon Depot
            [3] => No Store Name Required
            [4] => Petron
        )

    [category_num] => Array
        (
            [0] => 5001
            [1] => 5002
            [2] => 5003
            [3] => 5002
        )

    [amount] => Array
        (
            [0] => 1,470.00
            [1] => 2,480.00
            [2] => 2,080.00
            [3] => 25000
            [4] => 1000
        )

    [payment_method] => Array
        (
            [0] => Cash
            [1] => Cash
            [2] => Cash
            [3] => Cash
            [4] => Cash
        )

    [other_payment_method] => Array
        (
            [0] => 
            [1] => 
            [2] => 
            [3] => 
            [4] => 
        )

    [invoice_num] => Array
        (
            [0] => AH-1103-88314
            [1] => CH-1110-99142
            [2] => HD-1031-77290
            [3] => No Invoice Number Required
            [4] => 12312344
        )

    [save_batch_expense] => 1
    [validate_only] => 0
)

[18-Nov-2025 12:18:55 Asia/Manila] Session data: Array
(
    [authenticated] => 1
    [auth_user] => Array
        (
            [id] => 169
            [name] => Camille Ramos
            [email] => camillepunongbayanramos13@gmail.com
            [role] => admin
            [client_id] => 
            [company_id] => 1
        )

    [last_activity] => 1763439123
    [last_viewed_recording] => 2025-11-18 08:58:15
    [last_viewed_archive] => 2025-11-18 08:03:41
    [last_viewed_sessions] => 2025-11-18 11:48:28
    [last_viewed_fsAccess] => 2025-11-18 11:43:11
    [initialized_0] => 1
)

[18-Nov-2025 12:18:55 Asia/Manila] POST data: Array
(
    [expense_type] => project
    [date] => 2025-10-29
    [client_id] => 14
    [project_id] => project-21
    [main_project_id] => 21
    [addon_id] => 
    [item_name] => Array
        (
            [0] => LED Light Bulb (9W)
            [1] => GI Pipes ½ inch (6m)
            [2] => Paint – Boysen Flat Latex (4L)
            [3] => Payment
            [4] => Gas
        )

    [store_name] => Array
        (
            [0] => Ace Hardware
            [1] => CitiHardware
            [2] => Wilcon Depot
            [3] => No Store Name Required
            [4] => Petron
        )

    [category_num] => Array
        (
            [0] => 5001
            [1] => 5002
            [2] => 5003
            [3] => 5002
        )

    [amount] => Array
        (
            [0] => 1,470.00
            [1] => 2,480.00
            [2] => 2,080.00
            [3] => 25000
            [4] => 1000
        )

    [payment_method] => Array
        (
            [0] => Cash
            [1] => Cash
            [2] => Cash
            [3] => Cash
            [4] => Cash
        )

    [other_payment_method] => Array
        (
            [0] => 
            [1] => 
            [2] => 
            [3] => 
            [4] => 
        )

    [invoice_num] => Array
        (
            [0] => AH-1103-88314
            [1] => CH-1110-99142
            [2] => HD-1031-77290
            [3] => No Invoice Number Required
            [4] => 12312344
        )

    [save_batch_expense] => 1
    [validate_only] => 1
)

[18-Nov-2025 12:22:31 Asia/Manila] Session data: Array
(
    [authenticated] => 1
    [auth_user] => Array
        (
            [id] => 169
            [name] => Camille Ramos
            [email] => camillepunongbayanramos13@gmail.com
            [role] => admin
            [client_id] => 
            [company_id] => 1
        )

    [last_activity] => 1763439661
    [last_viewed_recording] => 2025-11-18 08:58:15
    [last_viewed_archive] => 2025-11-18 08:03:41
    [last_viewed_sessions] => 2025-11-18 11:48:28
    [last_viewed_fsAccess] => 2025-11-18 11:43:11
    [initialized_0] => 1
    [status_type] => saved
)

[18-Nov-2025 12:22:31 Asia/Manila] POST data: Array
(
    [expense_type] => project
    [date] => 2025-11-04
    [client_id] => 14
    [project_id] => project-21
    [main_project_id] => 21
    [addon_id] => 
    [item_name] => Array
        (
            [0] => Steel Nails 
        )

    [store_name] => Array
        (
            [0] =>  Rose Hardware
        )

    [category_num] => Array
        (
            [0] => 5001
        )

    [amount] => Array
        (
            [0] => 33003.00
        )

    [payment_method] => Array
        (
            [0] => Cash
        )

    [other_payment_method] => Array
        (
            [0] => 
        )

    [invoice_num] => Array
        (
            [0] => RH-1030-33018
        )

    [save_batch_expense] => 1
    [validate_only] => 1
)

[18-Nov-2025 12:22:33 Asia/Manila] Session data: Array
(
    [authenticated] => 1
    [auth_user] => Array
        (
            [id] => 169
            [name] => Camille Ramos
            [email] => camillepunongbayanramos13@gmail.com
            [role] => admin
            [client_id] => 
            [company_id] => 1
        )

    [last_activity] => 1763439661
    [last_viewed_recording] => 2025-11-18 08:58:15
    [last_viewed_archive] => 2025-11-18 08:03:41
    [last_viewed_sessions] => 2025-11-18 11:48:28
    [last_viewed_fsAccess] => 2025-11-18 11:43:11
    [initialized_0] => 1
    [status_type] => saved
)

[18-Nov-2025 12:22:33 Asia/Manila] POST data: Array
(
    [expense_type] => project
    [date] => 2025-11-04
    [client_id] => 14
    [project_id] => project-21
    [main_project_id] => 21
    [addon_id] => 
    [item_name] => Array
        (
            [0] => Steel Nails 
        )

    [store_name] => Array
        (
            [0] =>  Rose Hardware
        )

    [category_num] => Array
        (
            [0] => 5001
        )

    [amount] => Array
        (
            [0] => 33003.00
        )

    [payment_method] => Array
        (
            [0] => Cash
        )

    [other_payment_method] => Array
        (
            [0] => 
        )

    [invoice_num] => Array
        (
            [0] => RH-1030-33018
        )

    [save_batch_expense] => 1
    [validate_only] => 0
)

[18-Nov-2025 12:22:33 Asia/Manila] Row to insert: Array
(
    [row_num] => 0
    [user_id] => 169
    [client] => 14
    [main_project_id] => 21
    [addon_id] => 
    [date] => 2025-11-04
    [description] => Steel Nails 
    [category_num] => 5001
    [category] => Construction Supplies
    [invoice_num] => RH-1030-33018
    [store_name] =>  Rose Hardware
    [amount] => 33003.00
    [payment_method] => Cash
    [receipt_file] => exa10.JPG
    [receipt_tmp] => /tmp/phpmmtJfp
    [final_path] => ../receipts/project_expenses_files/exa10.JPG
)

[18-Nov-2025 12:26:24 Asia/Manila] Session data: Array
(
    [authenticated] => 1
    [auth_user] => Array
        (
            [id] => 169
            [name] => Camille Ramos
            [email] => camillepunongbayanramos13@gmail.com
            [role] => admin
            [client_id] => 
            [company_id] => 1
        )

    [last_activity] => 1763439848
    [last_viewed_recording] => 2025-11-18 08:58:15
    [last_viewed_archive] => 2025-11-18 08:03:41
    [last_viewed_sessions] => 2025-11-18 11:48:28
    [last_viewed_fsAccess] => 2025-11-18 11:43:11
    [initialized_0] => 1
    [status_type] => saved
)

[18-Nov-2025 12:26:24 Asia/Manila] POST data: Array
(
    [expense_type] => project
    [date] => 2025-11-18
    [client_id] => 14
    [project_id] => project-21
    [main_project_id] => 21
    [addon_id] => 
    [item_name] => Array
        (
            [0] => PVC Door
        )

    [store_name] => Array
        (
            [0] => Home and Builders Centre
        )

    [category_num] => Array
        (
            [0] => 5001
        )

    [amount] => Array
        (
            [0] => 2,350.00
        )

    [payment_method] => Array
        (
            [0] => Cash
        )

    [other_payment_method] => Array
        (
            [0] => 
        )

    [invoice_num] => Array
        (
            [0] => CHB-1106-55219
        )

    [save_batch_expense] => 1
    [validate_only] => 1
)

[18-Nov-2025 12:26:27 Asia/Manila] Session data: Array
(
    [authenticated] => 1
    [auth_user] => Array
        (
            [id] => 169
            [name] => Camille Ramos
            [email] => camillepunongbayanramos13@gmail.com
            [role] => admin
            [client_id] => 
            [company_id] => 1
        )

    [last_activity] => 1763439848
    [last_viewed_recording] => 2025-11-18 08:58:15
    [last_viewed_archive] => 2025-11-18 08:03:41
    [last_viewed_sessions] => 2025-11-18 11:48:28
    [last_viewed_fsAccess] => 2025-11-18 11:43:11
    [initialized_0] => 1
    [status_type] => saved
)

[18-Nov-2025 12:26:27 Asia/Manila] POST data: Array
(
    [expense_type] => project
    [date] => 2025-11-18
    [client_id] => 14
    [project_id] => project-21
    [main_project_id] => 21
    [addon_id] => 
    [item_name] => Array
        (
            [0] => PVC Door
        )

    [store_name] => Array
        (
            [0] => Home and Builders Centre
        )

    [category_num] => Array
        (
            [0] => 5001
        )

    [amount] => Array
        (
            [0] => 2,350.00
        )

    [payment_method] => Array
        (
            [0] => Cash
        )

    [other_payment_method] => Array
        (
            [0] => 
        )

    [invoice_num] => Array
        (
            [0] => CHB-1106-55219
        )

    [save_batch_expense] => 1
    [validate_only] => 0
)

[18-Nov-2025 12:26:27 Asia/Manila] Row to insert: Array
(
    [row_num] => 0
    [user_id] => 169
    [client] => 14
    [main_project_id] => 21
    [addon_id] => 
    [date] => 2025-11-18
    [description] => PVC Door
    [category_num] => 5001
    [category] => Construction Supplies
    [invoice_num] => CHB-1106-55219
    [store_name] => Home and Builders Centre
    [amount] => 2350.00
    [payment_method] => Cash
    [receipt_file] => exa9.JPG
    [receipt_tmp] => /tmp/phpC1J4Xq
    [final_path] => ../receipts/project_expenses_files/exa9.JPG
)

[18-Nov-2025 12:30:47 Asia/Manila] Session data: Array
(
    [authenticated] => 1
    [auth_user] => Array
        (
            [id] => 169
            [name] => Camille Ramos
            [email] => camillepunongbayanramos13@gmail.com
            [role] => admin
            [client_id] => 
            [company_id] => 1
        )

    [last_activity] => 1763439989
    [last_viewed_recording] => 2025-11-18 08:58:15
    [last_viewed_archive] => 2025-11-18 08:03:41
    [last_viewed_sessions] => 2025-11-18 11:48:28
    [last_viewed_fsAccess] => 2025-11-18 11:43:11
    [initialized_0] => 1
    [status_type] => saved
)

[18-Nov-2025 12:30:47 Asia/Manila] POST data: Array
(
    [expense_type] => project
    [date] => 2025-11-18
    [main_project_id] => 
    [addon_id] => 
    [item_name] => Array
        (
            [0] => Plain Sheet
        )

    [store_name] => Array
        (
            [0] =>  Rose Hardware
        )

    [category_num] => Array
        (
            [0] => 5001
        )

    [amount] => Array
        (
            [0] => 30,912
        )

    [payment_method] => Array
        (
            [0] => E-payment
        )

    [other_payment_method] => Array
        (
            [0] => 
        )

    [invoice_num] => Array
        (
            [0] => RH-1030-33018
        )

    [save_batch_expense] => 1
    [validate_only] => 1
)

[18-Nov-2025 12:30:47 Asia/Manila] PHP Warning:  Undefined array key "client_id" in /home/u570829513/domains/rvrsmes-fms.com/public_html/inner_pages/expense_logic.php on line 143
[18-Nov-2025 12:30:59 Asia/Manila] Session data: Array
(
    [authenticated] => 1
    [auth_user] => Array
        (
            [id] => 169
            [name] => Camille Ramos
            [email] => camillepunongbayanramos13@gmail.com
            [role] => admin
            [client_id] => 
            [company_id] => 1
        )

    [last_activity] => 1763439989
    [last_viewed_recording] => 2025-11-18 08:58:15
    [last_viewed_archive] => 2025-11-18 08:03:41
    [last_viewed_sessions] => 2025-11-18 11:48:28
    [last_viewed_fsAccess] => 2025-11-18 11:43:11
    [initialized_0] => 1
    [status_type] => saved
)

[18-Nov-2025 12:30:59 Asia/Manila] POST data: Array
(
    [expense_type] => project
    [date] => 2025-11-18
    [main_project_id] => 
    [addon_id] => 
    [item_name] => Array
        (
            [0] => Plain Sheet
        )

    [store_name] => Array
        (
            [0] =>  Rose Hardware
        )

    [category_num] => Array
        (
            [0] => 5001
        )

    [amount] => Array
        (
            [0] => 30,912
        )

    [payment_method] => Array
        (
            [0] => E-payment
        )

    [other_payment_method] => Array
        (
            [0] => 
        )

    [invoice_num] => Array
        (
            [0] => RH-1030-33018
        )

    [save_batch_expense] => 1
    [validate_only] => 1
)

[18-Nov-2025 12:30:59 Asia/Manila] PHP Warning:  Undefined array key "client_id" in /home/u570829513/domains/rvrsmes-fms.com/public_html/inner_pages/expense_logic.php on line 143
[18-Nov-2025 12:31:51 Asia/Manila] Session data: Array
(
    [authenticated] => 1
    [auth_user] => Array
        (
            [id] => 169
            [name] => Camille Ramos
            [email] => camillepunongbayanramos13@gmail.com
            [role] => admin
            [client_id] => 
            [company_id] => 1
        )

    [last_activity] => 1763439989
    [last_viewed_recording] => 2025-11-18 08:58:15
    [last_viewed_archive] => 2025-11-18 08:03:41
    [last_viewed_sessions] => 2025-11-18 11:48:28
    [last_viewed_fsAccess] => 2025-11-18 11:43:11
    [initialized_0] => 1
    [status_type] => saved
)

[18-Nov-2025 12:31:51 Asia/Manila] POST data: Array
(
    [expense_type] => project
    [date] => 2025-11-18
    [client_id] => 14
    [project_id] => project-21
    [main_project_id] => 21
    [addon_id] => 
    [item_name] => Array
        (
            [0] => Plain Sheet
        )

    [store_name] => Array
        (
            [0] =>  Rose Hardware
        )

    [category_num] => Array
        (
            [0] => 5001
        )

    [amount] => Array
        (
            [0] => 30,912
        )

    [payment_method] => Array
        (
            [0] => E-payment
        )

    [other_payment_method] => Array
        (
            [0] => 
        )

    [invoice_num] => Array
        (
            [0] => RH-1030-33018
        )

    [save_batch_expense] => 1
    [validate_only] => 1
)

[18-Nov-2025 12:32:23 Asia/Manila] Session data: Array
(
    [authenticated] => 1
    [auth_user] => Array
        (
            [id] => 169
            [name] => Camille Ramos
            [email] => camillepunongbayanramos13@gmail.com
            [role] => admin
            [client_id] => 
            [company_id] => 1
        )

    [last_activity] => 1763439989
    [last_viewed_recording] => 2025-11-18 08:58:15
    [last_viewed_archive] => 2025-11-18 08:03:41
    [last_viewed_sessions] => 2025-11-18 11:48:28
    [last_viewed_fsAccess] => 2025-11-18 11:43:11
    [initialized_0] => 1
    [status_type] => saved
)

[18-Nov-2025 12:32:23 Asia/Manila] POST data: Array
(
    [expense_type] => project
    [date] => 2025-11-18
    [client_id] => 14
    [project_id] => project-21
    [main_project_id] => 21
    [addon_id] => 
    [item_name] => Array
        (
            [0] => Plain Sheet
        )

    [store_name] => Array
        (
            [0] =>  Rose Hardware
        )

    [category_num] => Array
        (
            [0] => 5001
        )

    [amount] => Array
        (
            [0] => 30,912
        )

    [payment_method] => Array
        (
            [0] => E-payment
        )

    [other_payment_method] => Array
        (
            [0] => 
        )

    [invoice_num] => Array
        (
            [0] => RH-1030-33018
        )

    [save_batch_expense] => 1
    [validate_only] => 1
)

[18-Nov-2025 12:32:26 Asia/Manila] Session data: Array
(
    [authenticated] => 1
    [auth_user] => Array
        (
            [id] => 169
            [name] => Camille Ramos
            [email] => camillepunongbayanramos13@gmail.com
            [role] => admin
            [client_id] => 
            [company_id] => 1
        )

    [last_activity] => 1763439989
    [last_viewed_recording] => 2025-11-18 08:58:15
    [last_viewed_archive] => 2025-11-18 08:03:41
    [last_viewed_sessions] => 2025-11-18 11:48:28
    [last_viewed_fsAccess] => 2025-11-18 11:43:11
    [initialized_0] => 1
    [status_type] => saved
)

[18-Nov-2025 12:32:26 Asia/Manila] POST data: Array
(
    [expense_type] => project
    [date] => 2025-11-18
    [client_id] => 14
    [project_id] => project-21
    [main_project_id] => 21
    [addon_id] => 
    [item_name] => Array
        (
            [0] => Plain Sheet
        )

    [store_name] => Array
        (
            [0] =>  Rose Hardware
        )

    [category_num] => Array
        (
            [0] => 5001
        )

    [amount] => Array
        (
            [0] => 30,912
        )

    [payment_method] => Array
        (
            [0] => E-payment
        )

    [other_payment_method] => Array
        (
            [0] => 
        )

    [invoice_num] => Array
        (
            [0] => RH-1030-33018
        )

    [save_batch_expense] => 1
    [validate_only] => 0
)

[18-Nov-2025 12:32:26 Asia/Manila] Row to insert: Array
(
    [row_num] => 0
    [user_id] => 169
    [client] => 14
    [main_project_id] => 21
    [addon_id] => 
    [date] => 2025-11-18
    [description] => Plain Sheet
    [category_num] => 5001
    [category] => Construction Supplies
    [invoice_num] => RH-1030-33018
    [store_name] =>  Rose Hardware
    [amount] => 30912
    [payment_method] => E-payment
    [receipt_file] => 1234.JPG
    [receipt_tmp] => /tmp/phpCWcJGf
    [final_path] => ../receipts/project_expenses_files/1234.JPG
)

[19-Nov-2025 07:36:19 Asia/Manila] PHP Warning:  Undefined array key "client_id" in /home/u570829513/domains/rvrsmes-fms.com/public_html/inner_pages/expense_logic.php on line 29
[19-Nov-2025 07:36:19 Asia/Manila] PHP Warning:  Undefined array key "category_num" in /home/u570829513/domains/rvrsmes-fms.com/public_html/inner_pages/expense_logic.php on line 34
[19-Nov-2025 09:13:28 Asia/Manila] Session data: Array
(
    [authenticated] => 1
    [auth_user] => Array
        (
            [id] => 168
            [name] => Jeus Cedric Manalili
            [email] => jeuscedricmanalili@gmail.com
            [role] => finance
            [client_id] => 
            [company_id] => 1
        )

    [last_activity] => 1763514634
    [last_viewed_recording] => 2025-11-19 07:39:52
    [last_viewed_archive] => 2025-11-17 13:17:06
    [last_viewed_sessions] => 2025-11-19 09:03:11
    [last_viewed_fsAccess] => 2025-11-19 07:32:46
    [initialized_0] => 1
)

[19-Nov-2025 09:13:28 Asia/Manila] POST data: Array
(
    [expense_type] => project
    [date] => 2025-11-19
    [client_id] => 14
    [project_id] => project-14
    [main_project_id] => 14
    [addon_id] => 
    [item_name] => Array
        (
            [0] => Electric Drill
            [1] => Cement
        )

    [store_name] => Array
        (
            [0] => Pinoy Builders
            [1] => Pinoy Builders
        )

    [category_num] => Array
        (
            [0] => 5001
            [1] => 5001
        )

    [amount] => Array
        (
            [0] => 6000
            [1] => 6590
        )

    [payment_method] => Array
        (
            [0] => Cash
            [1] => Cash
        )

    [other_payment_method] => Array
        (
            [0] => 
            [1] => 
        )

    [invoice_num] => Array
        (
            [0] => 20256532
            [1] => 202546798
        )

    [save_batch_expense] => 1
    [validate_only] => 1
)

[19-Nov-2025 09:15:16 Asia/Manila] Session data: Array
(
    [authenticated] => 1
    [auth_user] => Array
        (
            [id] => 168
            [name] => Jeus Cedric Manalili
            [email] => jeuscedricmanalili@gmail.com
            [role] => finance
            [client_id] => 
            [company_id] => 1
        )

    [last_activity] => 1763514634
    [last_viewed_recording] => 2025-11-19 07:39:52
    [last_viewed_archive] => 2025-11-17 13:17:06
    [last_viewed_sessions] => 2025-11-19 09:03:11
    [last_viewed_fsAccess] => 2025-11-19 07:32:46
    [initialized_0] => 1
)

[19-Nov-2025 09:15:16 Asia/Manila] POST data: Array
(
    [expense_type] => project
    [date] => 2025-11-19
    [client_id] => 14
    [project_id] => project-14
    [main_project_id] => 14
    [addon_id] => 
    [item_name] => Array
        (
            [0] => Electric Drill
            [1] => Cement
        )

    [store_name] => Array
        (
            [0] => Pinoy Builders
            [1] => Pinoy Builders
        )

    [category_num] => Array
        (
            [0] => 5001
            [1] => 5001
        )

    [amount] => Array
        (
            [0] => 6000
            [1] => 6590
        )

    [payment_method] => Array
        (
            [0] => Cash
            [1] => Cash
        )

    [other_payment_method] => Array
        (
            [0] => 
            [1] => 
        )

    [invoice_num] => Array
        (
            [0] => 20256532
            [1] => 202546798
        )

    [save_batch_expense] => 1
    [validate_only] => 1
)

[19-Nov-2025 09:15:20 Asia/Manila] Session data: Array
(
    [authenticated] => 1
    [auth_user] => Array
        (
            [id] => 168
            [name] => Jeus Cedric Manalili
            [email] => jeuscedricmanalili@gmail.com
            [role] => finance
            [client_id] => 
            [company_id] => 1
        )

    [last_activity] => 1763514634
    [last_viewed_recording] => 2025-11-19 07:39:52
    [last_viewed_archive] => 2025-11-17 13:17:06
    [last_viewed_sessions] => 2025-11-19 09:03:11
    [last_viewed_fsAccess] => 2025-11-19 07:32:46
    [initialized_0] => 1
)

[19-Nov-2025 09:15:20 Asia/Manila] POST data: Array
(
    [expense_type] => project
    [date] => 2025-11-19
    [client_id] => 14
    [project_id] => project-14
    [main_project_id] => 14
    [addon_id] => 
    [item_name] => Array
        (
            [0] => Electric Drill
            [1] => Cement
        )

    [store_name] => Array
        (
            [0] => Pinoy Builders
            [1] => Pinoy Builders
        )

    [category_num] => Array
        (
            [0] => 5001
            [1] => 5001
        )

    [amount] => Array
        (
            [0] => 6000
            [1] => 6590
        )

    [payment_method] => Array
        (
            [0] => Cash
            [1] => Cash
        )

    [other_payment_method] => Array
        (
            [0] => 
            [1] => 
        )

    [invoice_num] => Array
        (
            [0] => 20256532
            [1] => 202546798
        )

    [save_batch_expense] => 1
    [validate_only] => 0
)

[19-Nov-2025 09:15:20 Asia/Manila] Row to insert: Array
(
    [row_num] => 0
    [user_id] => 168
    [client] => 14
    [main_project_id] => 14
    [addon_id] => 
    [date] => 2025-11-19
    [description] => Electric Drill
    [category_num] => 5001
    [category] => Construction Supplies
    [invoice_num] => 20256532
    [store_name] => Pinoy Builders
    [amount] => 6000
    [payment_method] => Cash
    [receipt_file] => 9e0cc699-25ac-4794-be04-c3aa663ae0db.jpg
    [receipt_tmp] => /tmp/phpiPVZG6
    [final_path] => ../receipts/project_expenses_files/9e0cc699-25ac-4794-be04-c3aa663ae0db.jpg
)

[19-Nov-2025 09:15:20 Asia/Manila] Row to insert: Array
(
    [row_num] => 1
    [user_id] => 168
    [client] => 14
    [main_project_id] => 14
    [addon_id] => 
    [date] => 2025-11-19
    [description] => Cement
    [category_num] => 5001
    [category] => Construction Supplies
    [invoice_num] => 202546798
    [store_name] => Pinoy Builders
    [amount] => 6590
    [payment_method] => Cash
    [receipt_file] => 6590.jpg
    [receipt_tmp] => /tmp/phpxD5RDz
    [final_path] => ../receipts/project_expenses_files/6590.jpg
)

[19-Nov-2025 09:20:30 Asia/Manila] Session data: Array
(
    [authenticated] => 1
    [auth_user] => Array
        (
            [id] => 168
            [name] => Jeus Cedric Manalili
            [email] => jeuscedricmanalili@gmail.com
            [role] => finance
            [client_id] => 
            [company_id] => 1
        )

    [last_activity] => 1763514922
    [last_viewed_recording] => 2025-11-19 07:39:52
    [last_viewed_archive] => 2025-11-17 13:17:06
    [last_viewed_sessions] => 2025-11-19 09:03:11
    [last_viewed_fsAccess] => 2025-11-19 07:32:46
    [initialized_0] => 1
)

[19-Nov-2025 09:20:30 Asia/Manila] POST data: Array
(
    [expense_type] => project
    [date] => 2025-11-19
    [main_project_id] => 
    [addon_id] => 
    [item_name] => Array
        (
            [0] => Transportation Expense
            [1] => Steel and Cement
            [2] => Electrical Wire
            [3] => Labor
        )

    [store_name] => Array
        (
            [0] => Fuel Up
            [1] => Pinoy Builders
            [2] => Pinoy Builders
            [3] => No Store Name Required
        )

    [category_num] => Array
        (
            [0] => 5002
            [1] => 5001
            [2] => 5001
            [3] => 5003
        )

    [amount] => Array
        (
            [0] => 1000
            [1] => 150000
            [2] => 6550
            [3] => 20000
        )

    [payment_method] => Array
        (
            [0] => Cash
            [1] => E-payment
            [2] => Cash
            [3] => Cash
        )

    [other_payment_method] => Array
        (
            [0] => 
            [1] => 
            [2] => 
            [3] => 
        )

    [invoice_num] => Array
        (
            [0] => 322147
            [1] => 12215487
            [2] => 13125487
            [3] => No Invoice Number Required
        )

    [save_batch_expense] => 1
    [validate_only] => 1
)

[19-Nov-2025 09:20:30 Asia/Manila] PHP Warning:  Undefined array key "client_id" in /home/u570829513/domains/rvrsmes-fms.com/public_html/inner_pages/expense_logic.php on line 143
[19-Nov-2025 09:20:40 Asia/Manila] Session data: Array
(
    [authenticated] => 1
    [auth_user] => Array
        (
            [id] => 168
            [name] => Jeus Cedric Manalili
            [email] => jeuscedricmanalili@gmail.com
            [role] => finance
            [client_id] => 
            [company_id] => 1
        )

    [last_activity] => 1763514922
    [last_viewed_recording] => 2025-11-19 07:39:52
    [last_viewed_archive] => 2025-11-17 13:17:06
    [last_viewed_sessions] => 2025-11-19 09:03:11
    [last_viewed_fsAccess] => 2025-11-19 07:32:46
    [initialized_0] => 1
)

[19-Nov-2025 09:20:40 Asia/Manila] POST data: Array
(
    [expense_type] => project
    [date] => 2025-11-19
    [client_id] => 14
    [project_id] => project-14
    [main_project_id] => 14
    [addon_id] => 
    [item_name] => Array
        (
            [0] => Transportation Expense
            [1] => Steel and Cement
            [2] => Electrical Wire
            [3] => Labor
        )

    [store_name] => Array
        (
            [0] => Fuel Up
            [1] => Pinoy Builders
            [2] => Pinoy Builders
            [3] => No Store Name Required
        )

    [category_num] => Array
        (
            [0] => 5002
            [1] => 5001
            [2] => 5001
            [3] => 5003
        )

    [amount] => Array
        (
            [0] => 1000
            [1] => 150000
            [2] => 6550
            [3] => 20000
        )

    [payment_method] => Array
        (
            [0] => Cash
            [1] => E-payment
            [2] => Cash
            [3] => Cash
        )

    [other_payment_method] => Array
        (
            [0] => 
            [1] => 
            [2] => 
            [3] => 
        )

    [invoice_num] => Array
        (
            [0] => 322147
            [1] => 12215487
            [2] => 13125487
            [3] => No Invoice Number Required
        )

    [save_batch_expense] => 1
    [validate_only] => 1
)

[19-Nov-2025 09:20:44 Asia/Manila] Session data: Array
(
    [authenticated] => 1
    [auth_user] => Array
        (
            [id] => 168
            [name] => Jeus Cedric Manalili
            [email] => jeuscedricmanalili@gmail.com
            [role] => finance
            [client_id] => 
            [company_id] => 1
        )

    [last_activity] => 1763514922
    [last_viewed_recording] => 2025-11-19 07:39:52
    [last_viewed_archive] => 2025-11-17 13:17:06
    [last_viewed_sessions] => 2025-11-19 09:03:11
    [last_viewed_fsAccess] => 2025-11-19 07:32:46
    [initialized_0] => 1
)

[19-Nov-2025 09:20:44 Asia/Manila] POST data: Array
(
    [expense_type] => project
    [date] => 2025-11-19
    [client_id] => 14
    [project_id] => project-14
    [main_project_id] => 14
    [addon_id] => 
    [item_name] => Array
        (
            [0] => Transportation Expense
            [1] => Steel and Cement
            [2] => Electrical Wire
            [3] => Labor
        )

    [store_name] => Array
        (
            [0] => Fuel Up
            [1] => Pinoy Builders
            [2] => Pinoy Builders
            [3] => No Store Name Required
        )

    [category_num] => Array
        (
            [0] => 5002
            [1] => 5001
            [2] => 5001
            [3] => 5003
        )

    [amount] => Array
        (
            [0] => 1000
            [1] => 150000
            [2] => 6550
            [3] => 20000
        )

    [payment_method] => Array
        (
            [0] => Cash
            [1] => E-payment
            [2] => Cash
            [3] => Cash
        )

    [other_payment_method] => Array
        (
            [0] => 
            [1] => 
            [2] => 
            [3] => 
        )

    [invoice_num] => Array
        (
            [0] => 322147
            [1] => 12215487
            [2] => 13125487
            [3] => No Invoice Number Required
        )

    [save_batch_expense] => 1
    [validate_only] => 0
)

[19-Nov-2025 09:20:44 Asia/Manila] Row to insert: Array
(
    [row_num] => 0
    [user_id] => 168
    [client] => 14
    [main_project_id] => 14
    [addon_id] => 
    [date] => 2025-11-19
    [description] => Transportation Expense
    [category_num] => 5002
    [category] => Transportation Expense
    [invoice_num] => 322147
    [store_name] => Fuel Up
    [amount] => 1000
    [payment_method] => Cash
    [receipt_file] => 1000.jpg
    [receipt_tmp] => /tmp/phpowC7bI
    [final_path] => ../receipts/project_expenses_files/1000.jpg
)

[19-Nov-2025 09:20:44 Asia/Manila] Row to insert: Array
(
    [row_num] => 1
    [user_id] => 168
    [client] => 14
    [main_project_id] => 14
    [addon_id] => 
    [date] => 2025-11-19
    [description] => Steel and Cement
    [category_num] => 5001
    [category] => Construction Supplies
    [invoice_num] => 12215487
    [store_name] => Pinoy Builders
    [amount] => 150000
    [payment_method] => E-payment
    [receipt_file] => 150000.jpg
    [receipt_tmp] => /tmp/php4wqpj6
    [final_path] => ../receipts/project_expenses_files/150000.jpg
)

[19-Nov-2025 09:20:44 Asia/Manila] Row to insert: Array
(
    [row_num] => 2
    [user_id] => 168
    [client] => 14
    [main_project_id] => 14
    [addon_id] => 
    [date] => 2025-11-19
    [description] => Electrical Wire
    [category_num] => 5001
    [category] => Construction Supplies
    [invoice_num] => 13125487
    [store_name] => Pinoy Builders
    [amount] => 6550
    [payment_method] => Cash
    [receipt_file] => 6550.jpg
    [receipt_tmp] => /tmp/phpz1zNvr
    [final_path] => ../receipts/project_expenses_files/6550.jpg
)

[19-Nov-2025 09:20:44 Asia/Manila] Row to insert: Array
(
    [row_num] => 3
    [user_id] => 168
    [client] => 14
    [main_project_id] => 14
    [addon_id] => 
    [date] => 2025-11-19
    [description] => Labor
    [category_num] => 5003
    [category] => Labor Expense
    [invoice_num] => No Invoice Number Required
    [store_name] => No Store Name Required
    [amount] => 20000
    [payment_method] => Cash
    [receipt_file] => 20000.jpg
    [receipt_tmp] => /tmp/phpC1ZgYY
    [final_path] => ../receipts/project_expenses_files/20000.jpg
)

[19-Nov-2025 09:23:49 Asia/Manila] Session data: Array
(
    [authenticated] => 1
    [auth_user] => Array
        (
            [id] => 57
            [name] => RVR ADMIN
            [email] => rvr_admin@gmail.com
            [role] => admin
            [client_id] => 
            [company_id] => 1
        )

    [last_activity] => 1763514973
    [last_viewed_recording] => 2025-11-19 07:39:52
    [last_viewed_archive] => 2025-11-17 13:17:06
    [last_viewed_sessions] => 2025-11-19 09:06:43
    [last_viewed_fsAccess] => 2025-11-19 07:32:46
    [initialized_0] => 1
)

[19-Nov-2025 09:23:49 Asia/Manila] POST data: Array
(
    [expense_type] => project
    [date] => 2024-08-30
    [client_id] => 14
    [project_id] => project-15
    [main_project_id] => 15
    [addon_id] => 
    [item_name] => Array
        (
            [0] => Steel Bars 10 pcs
            [1] => PVC Pipes
            [2] => GI Pipe
        )

    [store_name] => Array
        (
            [0] => JMC Trading
            [1] => Wilcon Depot
            [2] => Maquiling Builders
        )

    [category_num] => Array
        (
            [0] => 5001
            [1] => 5001
            [2] => 5001
        )

    [amount] => Array
        (
            [0] => 3500
            [1] => 894
            [2] => 568
        )

    [payment_method] => Array
        (
            [0] => Cash
            [1] => Cash
            [2] => Cash
        )

    [other_payment_method] => Array
        (
            [0] => 
            [1] => 
            [2] => 
        )

    [invoice_num] => Array
        (
            [0] => 00032698
            [1] => 00023589
            [2] => 000087623
        )

    [save_batch_expense] => 1
    [validate_only] => 1
)

[19-Nov-2025 09:23:52 Asia/Manila] Session data: Array
(
    [authenticated] => 1
    [auth_user] => Array
        (
            [id] => 57
            [name] => RVR ADMIN
            [email] => rvr_admin@gmail.com
            [role] => admin
            [client_id] => 
            [company_id] => 1
        )

    [last_activity] => 1763514973
    [last_viewed_recording] => 2025-11-19 07:39:52
    [last_viewed_archive] => 2025-11-17 13:17:06
    [last_viewed_sessions] => 2025-11-19 09:06:43
    [last_viewed_fsAccess] => 2025-11-19 07:32:46
    [initialized_0] => 1
)

[19-Nov-2025 09:23:52 Asia/Manila] POST data: Array
(
    [expense_type] => project
    [date] => 2024-08-30
    [client_id] => 14
    [project_id] => project-15
    [main_project_id] => 15
    [addon_id] => 
    [item_name] => Array
        (
            [0] => Steel Bars 10 pcs
            [1] => PVC Pipes
            [2] => GI Pipe
        )

    [store_name] => Array
        (
            [0] => JMC Trading
            [1] => Wilcon Depot
            [2] => Maquiling Builders
        )

    [category_num] => Array
        (
            [0] => 5001
            [1] => 5001
            [2] => 5001
        )

    [amount] => Array
        (
            [0] => 3500
            [1] => 894
            [2] => 568
        )

    [payment_method] => Array
        (
            [0] => Cash
            [1] => Cash
            [2] => Cash
        )

    [other_payment_method] => Array
        (
            [0] => 
            [1] => 
            [2] => 
        )

    [invoice_num] => Array
        (
            [0] => 00032698
            [1] => 00023589
            [2] => 000087623
        )

    [save_batch_expense] => 1
    [validate_only] => 0
)

[19-Nov-2025 09:23:52 Asia/Manila] Row to insert: Array
(
    [row_num] => 0
    [user_id] => 57
    [client] => 14
    [main_project_id] => 15
    [addon_id] => 
    [date] => 2024-08-30
    [description] => Steel Bars 10 pcs
    [category_num] => 5001
    [category] => Construction Supplies
    [invoice_num] => 00032698
    [store_name] => JMC Trading
    [amount] => 3500
    [payment_method] => Cash
    [receipt_file] => 177.jpg
    [receipt_tmp] => /tmp/phprUksI2
    [final_path] => ../receipts/project_expenses_files/177.jpg
)

[19-Nov-2025 09:23:52 Asia/Manila] Row to insert: Array
(
    [row_num] => 1
    [user_id] => 57
    [client] => 14
    [main_project_id] => 15
    [addon_id] => 
    [date] => 2024-08-30
    [description] => PVC Pipes
    [category_num] => 5001
    [category] => Construction Supplies
    [invoice_num] => 00023589
    [store_name] => Wilcon Depot
    [amount] => 894
    [payment_method] => Cash
    [receipt_file] => 355.jpg
    [receipt_tmp] => /tmp/phpBAW9lp
    [final_path] => ../receipts/project_expenses_files/355.jpg
)

[19-Nov-2025 09:23:52 Asia/Manila] Row to insert: Array
(
    [row_num] => 2
    [user_id] => 57
    [client] => 14
    [main_project_id] => 15
    [addon_id] => 
    [date] => 2024-08-30
    [description] => GI Pipe
    [category_num] => 5001
    [category] => Construction Supplies
    [invoice_num] => 000087623
    [store_name] => Maquiling Builders
    [amount] => 568
    [payment_method] => Cash
    [receipt_file] => 133.jpg
    [receipt_tmp] => /tmp/phpkRV3SA
    [final_path] => ../receipts/project_expenses_files/133.jpg
)

[19-Nov-2025 09:23:55 Asia/Manila] Session data: Array
(
    [authenticated] => 1
    [auth_user] => Array
        (
            [id] => 168
            [name] => Jeus Cedric Manalili
            [email] => jeuscedricmanalili@gmail.com
            [role] => finance
            [client_id] => 
            [company_id] => 1
        )

    [last_activity] => 1763515343
    [last_viewed_recording] => 2025-11-19 07:39:52
    [last_viewed_archive] => 2025-11-17 13:17:06
    [last_viewed_sessions] => 2025-11-19 09:03:11
    [last_viewed_fsAccess] => 2025-11-19 07:32:46
    [initialized_0] => 1
)

[19-Nov-2025 09:23:55 Asia/Manila] POST data: Array
(
    [expense_type] => project
    [date] => 2025-10-29
    [client_id] => 14
    [project_id] => project-14
    [main_project_id] => 14
    [addon_id] => 
    [item_name] => Array
        (
            [0] => Electric Drill
        )

    [store_name] => Array
        (
            [0] => Pinoy Builders
        )

    [category_num] => Array
        (
            [0] => 5001
        )

    [amount] => Array
        (
            [0] => 6000
        )

    [payment_method] => Array
        (
            [0] => Cash
        )

    [other_payment_method] => Array
        (
            [0] => 
        )

    [invoice_num] => Array
        (
            [0] => 326875
        )

    [save_batch_expense] => 1
    [validate_only] => 1
)

[19-Nov-2025 09:24:25 Asia/Manila] Session data: Array
(
    [authenticated] => 1
    [auth_user] => Array
        (
            [id] => 168
            [name] => Jeus Cedric Manalili
            [email] => jeuscedricmanalili@gmail.com
            [role] => finance
            [client_id] => 
            [company_id] => 1
        )

    [last_activity] => 1763515343
    [last_viewed_recording] => 2025-11-19 07:39:52
    [last_viewed_archive] => 2025-11-17 13:17:06
    [last_viewed_sessions] => 2025-11-19 09:03:11
    [last_viewed_fsAccess] => 2025-11-19 07:32:46
    [initialized_0] => 1
)

[19-Nov-2025 09:24:25 Asia/Manila] POST data: Array
(
    [expense_type] => project
    [date] => 2025-10-29
    [client_id] => 14
    [project_id] => project-14
    [main_project_id] => 14
    [addon_id] => 
    [item_name] => Array
        (
            [0] => Electric Drill
        )

    [store_name] => Array
        (
            [0] => Pinoy Builders
        )

    [category_num] => Array
        (
            [0] => 5001
        )

    [amount] => Array
        (
            [0] => 6000
        )

    [payment_method] => Array
        (
            [0] => Cash
        )

    [other_payment_method] => Array
        (
            [0] => 
        )

    [invoice_num] => Array
        (
            [0] => 326875
        )

    [save_batch_expense] => 1
    [validate_only] => 1
)

[19-Nov-2025 09:24:26 Asia/Manila] Session data: Array
(
    [authenticated] => 1
    [auth_user] => Array
        (
            [id] => 168
            [name] => Jeus Cedric Manalili
            [email] => jeuscedricmanalili@gmail.com
            [role] => finance
            [client_id] => 
            [company_id] => 1
        )

    [last_activity] => 1763515343
    [last_viewed_recording] => 2025-11-19 07:39:52
    [last_viewed_archive] => 2025-11-17 13:17:06
    [last_viewed_sessions] => 2025-11-19 09:03:11
    [last_viewed_fsAccess] => 2025-11-19 07:32:46
    [initialized_0] => 1
)

[19-Nov-2025 09:24:26 Asia/Manila] POST data: Array
(
    [expense_type] => project
    [date] => 2025-10-29
    [client_id] => 14
    [project_id] => project-14
    [main_project_id] => 14
    [addon_id] => 
    [item_name] => Array
        (
            [0] => Electric Drill
        )

    [store_name] => Array
        (
            [0] => Pinoy Builders
        )

    [category_num] => Array
        (
            [0] => 5001
        )

    [amount] => Array
        (
            [0] => 6000
        )

    [payment_method] => Array
        (
            [0] => Cash
        )

    [other_payment_method] => Array
        (
            [0] => 
        )

    [invoice_num] => Array
        (
            [0] => 326875
        )

    [save_batch_expense] => 1
    [validate_only] => 0
)

[19-Nov-2025 09:24:26 Asia/Manila] Row to insert: Array
(
    [row_num] => 0
    [user_id] => 168
    [client] => 14
    [main_project_id] => 14
    [addon_id] => 
    [date] => 2025-10-29
    [description] => Electric Drill
    [category_num] => 5001
    [category] => Construction Supplies
    [invoice_num] => 326875
    [store_name] => Pinoy Builders
    [amount] => 6000
    [payment_method] => Cash
    [receipt_file] => 6000.jpg
    [receipt_tmp] => /tmp/phpXmdMtO
    [final_path] => ../receipts/project_expenses_files/6000.jpg
)

[19-Nov-2025 09:25:30 Asia/Manila] Session data: Array
(
    [authenticated] => 1
    [auth_user] => Array
        (
            [id] => 168
            [name] => Jeus Cedric Manalili
            [email] => jeuscedricmanalili@gmail.com
            [role] => finance
            [client_id] => 
            [company_id] => 1
        )

    [last_activity] => 1763515469
    [last_viewed_recording] => 2025-11-19 07:39:52
    [last_viewed_archive] => 2025-11-17 13:17:06
    [last_viewed_sessions] => 2025-11-19 09:03:11
    [last_viewed_fsAccess] => 2025-11-19 07:32:46
    [initialized_0] => 1
)

[19-Nov-2025 09:25:30 Asia/Manila] POST data: Array
(
    [expense_type] => project
    [date] => 2025-10-30
    [main_project_id] => 
    [addon_id] => 
    [item_name] => Array
        (
            [0] => Cement
        )

    [store_name] => Array
        (
            [0] => Pinoy Builders
        )

    [category_num] => Array
        (
            [0] => 5001
        )

    [amount] => Array
        (
            [0] => 6590
        )

    [payment_method] => Array
        (
            [0] => Cash
        )

    [other_payment_method] => Array
        (
            [0] => 
        )

    [invoice_num] => Array
        (
            [0] => 3265479
        )

    [save_batch_expense] => 1
    [validate_only] => 1
)

[19-Nov-2025 09:25:30 Asia/Manila] PHP Warning:  Undefined array key "client_id" in /home/u570829513/domains/rvrsmes-fms.com/public_html/inner_pages/expense_logic.php on line 143
[19-Nov-2025 09:25:39 Asia/Manila] Session data: Array
(
    [authenticated] => 1
    [auth_user] => Array
        (
            [id] => 168
            [name] => Jeus Cedric Manalili
            [email] => jeuscedricmanalili@gmail.com
            [role] => finance
            [client_id] => 
            [company_id] => 1
        )

    [last_activity] => 1763515469
    [last_viewed_recording] => 2025-11-19 07:39:52
    [last_viewed_archive] => 2025-11-17 13:17:06
    [last_viewed_sessions] => 2025-11-19 09:03:11
    [last_viewed_fsAccess] => 2025-11-19 07:32:46
    [initialized_0] => 1
)

[19-Nov-2025 09:25:39 Asia/Manila] POST data: Array
(
    [expense_type] => project
    [date] => 2025-10-30
    [client_id] => 14
    [project_id] => project-14
    [main_project_id] => 14
    [addon_id] => 
    [item_name] => Array
        (
            [0] => Cement
        )

    [store_name] => Array
        (
            [0] => Pinoy Builders
        )

    [category_num] => Array
        (
            [0] => 5001
        )

    [amount] => Array
        (
            [0] => 6590
        )

    [payment_method] => Array
        (
            [0] => Cash
        )

    [other_payment_method] => Array
        (
            [0] => 
        )

    [invoice_num] => Array
        (
            [0] => 3265479
        )

    [save_batch_expense] => 1
    [validate_only] => 1
)

[19-Nov-2025 09:25:41 Asia/Manila] Session data: Array
(
    [authenticated] => 1
    [auth_user] => Array
        (
            [id] => 168
            [name] => Jeus Cedric Manalili
            [email] => jeuscedricmanalili@gmail.com
            [role] => finance
            [client_id] => 
            [company_id] => 1
        )

    [last_activity] => 1763515469
    [last_viewed_recording] => 2025-11-19 07:39:52
    [last_viewed_archive] => 2025-11-17 13:17:06
    [last_viewed_sessions] => 2025-11-19 09:03:11
    [last_viewed_fsAccess] => 2025-11-19 07:32:46
    [initialized_0] => 1
)

[19-Nov-2025 09:25:41 Asia/Manila] POST data: Array
(
    [expense_type] => project
    [date] => 2025-10-30
    [client_id] => 14
    [project_id] => project-14
    [main_project_id] => 14
    [addon_id] => 
    [item_name] => Array
        (
            [0] => Cement
        )

    [store_name] => Array
        (
            [0] => Pinoy Builders
        )

    [category_num] => Array
        (
            [0] => 5001
        )

    [amount] => Array
        (
            [0] => 6590
        )

    [payment_method] => Array
        (
            [0] => Cash
        )

    [other_payment_method] => Array
        (
            [0] => 
        )

    [invoice_num] => Array
        (
            [0] => 3265479
        )

    [save_batch_expense] => 1
    [validate_only] => 0
)

[19-Nov-2025 09:25:41 Asia/Manila] Row to insert: Array
(
    [row_num] => 0
    [user_id] => 168
    [client] => 14
    [main_project_id] => 14
    [addon_id] => 
    [date] => 2025-10-30
    [description] => Cement
    [category_num] => 5001
    [category] => Construction Supplies
    [invoice_num] => 3265479
    [store_name] => Pinoy Builders
    [amount] => 6590
    [payment_method] => Cash
    [receipt_file] => 6591.jpg
    [receipt_tmp] => /tmp/phpnHLxHB
    [final_path] => ../receipts/project_expenses_files/6591.jpg
)

[19-Nov-2025 09:25:45 Asia/Manila] Session data: Array
(
    [authenticated] => 1
    [auth_user] => Array
        (
            [id] => 57
            [name] => RVR ADMIN
            [email] => rvr_admin@gmail.com
            [role] => admin
            [client_id] => 
            [company_id] => 1
        )

    [last_activity] => 1763515434
    [last_viewed_recording] => 2025-11-19 07:39:52
    [last_viewed_archive] => 2025-11-17 13:17:06
    [last_viewed_sessions] => 2025-11-19 09:06:43
    [last_viewed_fsAccess] => 2025-11-19 07:32:46
    [initialized_0] => 1
)

[19-Nov-2025 09:25:45 Asia/Manila] POST data: Array
(
    [expense_type] => project
    [date] => 2024-09-03
    [client_id] => 14
    [project_id] => project-15
    [main_project_id] => 15
    [addon_id] => 
    [item_name] => Array
        (
            [0] => Metal Parring
            [1] => Longspan
        )

    [store_name] => Array
        (
            [0] => JMC Trading
            [1] => JMC Trading
        )

    [category_num] => Array
        (
            [0] => 5001
            [1] => 5001
        )

    [amount] => Array
        (
            [0] => 6548
            [1] => 2650
        )

    [payment_method] => Array
        (
            [0] => Cash
            [1] => Cash
        )

    [other_payment_method] => Array
        (
            [0] => 
            [1] => 
        )

    [invoice_num] => Array
        (
            [0] => 000123698
            [1] => 0002265
        )

    [save_batch_expense] => 1
    [validate_only] => 1
)

[19-Nov-2025 09:25:48 Asia/Manila] Session data: Array
(
    [authenticated] => 1
    [auth_user] => Array
        (
            [id] => 57
            [name] => RVR ADMIN
            [email] => rvr_admin@gmail.com
            [role] => admin
            [client_id] => 
            [company_id] => 1
        )

    [last_activity] => 1763515434
    [last_viewed_recording] => 2025-11-19 07:39:52
    [last_viewed_archive] => 2025-11-17 13:17:06
    [last_viewed_sessions] => 2025-11-19 09:06:43
    [last_viewed_fsAccess] => 2025-11-19 07:32:46
    [initialized_0] => 1
)

[19-Nov-2025 09:25:48 Asia/Manila] POST data: Array
(
    [expense_type] => project
    [date] => 2024-09-03
    [client_id] => 14
    [project_id] => project-15
    [main_project_id] => 15
    [addon_id] => 
    [item_name] => Array
        (
            [0] => Metal Parring
            [1] => Longspan
        )

    [store_name] => Array
        (
            [0] => JMC Trading
            [1] => JMC Trading
        )

    [category_num] => Array
        (
            [0] => 5001
            [1] => 5001
        )

    [amount] => Array
        (
            [0] => 6548
            [1] => 2650
        )

    [payment_method] => Array
        (
            [0] => Cash
            [1] => Cash
        )

    [other_payment_method] => Array
        (
            [0] => 
            [1] => 
        )

    [invoice_num] => Array
        (
            [0] => 000123698
            [1] => 0002265
        )

    [save_batch_expense] => 1
    [validate_only] => 0
)

[19-Nov-2025 09:25:48 Asia/Manila] Row to insert: Array
(
    [row_num] => 0
    [user_id] => 57
    [client] => 14
    [main_project_id] => 15
    [addon_id] => 
    [date] => 2024-09-03
    [description] => Metal Parring
    [category_num] => 5001
    [category] => Construction Supplies
    [invoice_num] => 000123698
    [store_name] => JMC Trading
    [amount] => 6548
    [payment_method] => Cash
    [receipt_file] => 166.jpg
    [receipt_tmp] => /tmp/phppH7To4
    [final_path] => ../receipts/project_expenses_files/166.jpg
)

[19-Nov-2025 09:25:48 Asia/Manila] Row to insert: Array
(
    [row_num] => 1
    [user_id] => 57
    [client] => 14
    [main_project_id] => 15
    [addon_id] => 
    [date] => 2024-09-03
    [description] => Longspan
    [category_num] => 5001
    [category] => Construction Supplies
    [invoice_num] => 0002265
    [store_name] => JMC Trading
    [amount] => 2650
    [payment_method] => Cash
    [receipt_file] => 334.jpg
    [receipt_tmp] => /tmp/phpx4jgkD
    [final_path] => ../receipts/project_expenses_files/334.jpg
)

[19-Nov-2025 09:26:33 Asia/Manila] Session data: Array
(
    [authenticated] => 1
    [auth_user] => Array
        (
            [id] => 168
            [name] => Jeus Cedric Manalili
            [email] => jeuscedricmanalili@gmail.com
            [role] => finance
            [client_id] => 
            [company_id] => 1
        )

    [last_activity] => 1763515543
    [last_viewed_recording] => 2025-11-19 07:39:52
    [last_viewed_archive] => 2025-11-17 13:17:06
    [last_viewed_sessions] => 2025-11-19 09:03:11
    [last_viewed_fsAccess] => 2025-11-19 07:32:46
    [initialized_0] => 1
)

[19-Nov-2025 09:26:33 Asia/Manila] POST data: Array
(
    [expense_type] => project
    [date] => 2025-10-31
    [client_id] => 14
    [project_id] => project-14
    [main_project_id] => 14
    [addon_id] => 
    [item_name] => Array
        (
            [0] => Fuel
        )

    [store_name] => Array
        (
            [0] => Fuel Up
        )

    [category_num] => Array
        (
            [0] => 5002
        )

    [amount] => Array
        (
            [0] => 1000
        )

    [payment_method] => Array
        (
            [0] => Cash
        )

    [other_payment_method] => Array
        (
            [0] => 
        )

    [invoice_num] => Array
        (
            [0] => 659887
        )

    [save_batch_expense] => 1
    [validate_only] => 1
)

[19-Nov-2025 09:26:35 Asia/Manila] Session data: Array
(
    [authenticated] => 1
    [auth_user] => Array
        (
            [id] => 168
            [name] => Jeus Cedric Manalili
            [email] => jeuscedricmanalili@gmail.com
            [role] => finance
            [client_id] => 
            [company_id] => 1
        )

    [last_activity] => 1763515543
    [last_viewed_recording] => 2025-11-19 07:39:52
    [last_viewed_archive] => 2025-11-17 13:17:06
    [last_viewed_sessions] => 2025-11-19 09:03:11
    [last_viewed_fsAccess] => 2025-11-19 07:32:46
    [initialized_0] => 1
)

[19-Nov-2025 09:26:35 Asia/Manila] POST data: Array
(
    [expense_type] => project
    [date] => 2025-10-31
    [client_id] => 14
    [project_id] => project-14
    [main_project_id] => 14
    [addon_id] => 
    [item_name] => Array
        (
            [0] => Fuel
        )

    [store_name] => Array
        (
            [0] => Fuel Up
        )

    [category_num] => Array
        (
            [0] => 5002
        )

    [amount] => Array
        (
            [0] => 1000
        )

    [payment_method] => Array
        (
            [0] => Cash
        )

    [other_payment_method] => Array
        (
            [0] => 
        )

    [invoice_num] => Array
        (
            [0] => 659887
        )

    [save_batch_expense] => 1
    [validate_only] => 0
)

[19-Nov-2025 09:26:35 Asia/Manila] Row to insert: Array
(
    [row_num] => 0
    [user_id] => 168
    [client] => 14
    [main_project_id] => 14
    [addon_id] => 
    [date] => 2025-10-31
    [description] => Fuel
    [category_num] => 5002
    [category] => Transportation Expense
    [invoice_num] => 659887
    [store_name] => Fuel Up
    [amount] => 1000
    [payment_method] => Cash
    [receipt_file] => 1001.jpg
    [receipt_tmp] => /tmp/phpQiaKrn
    [final_path] => ../receipts/project_expenses_files/1001.jpg
)

[19-Nov-2025 09:26:52 Asia/Manila] Session data: Array
(
    [authenticated] => 1
    [auth_user] => Array
        (
            [id] => 57
            [name] => RVR ADMIN
            [email] => rvr_admin@gmail.com
            [role] => admin
            [client_id] => 
            [company_id] => 1
        )

    [last_activity] => 1763515574
    [last_viewed_recording] => 2025-11-19 07:39:52
    [last_viewed_archive] => 2025-11-17 13:17:06
    [last_viewed_sessions] => 2025-11-19 09:06:43
    [last_viewed_fsAccess] => 2025-11-19 07:32:46
    [initialized_0] => 1
)

[19-Nov-2025 09:26:52 Asia/Manila] POST data: Array
(
    [expense_type] => project
    [date] => 2024-09-05
    [client_id] => 14
    [project_id] => project-15
    [main_project_id] => 15
    [addon_id] => 
    [item_name] => Array
        (
            [0] => 1st week labor
        )

    [store_name] => Array
        (
            [0] => No Store Name Required
        )

    [category_num] => Array
        (
            [0] => 5003
        )

    [amount] => Array
        (
            [0] => 5800
        )

    [payment_method] => Array
        (
            [0] => Cash
        )

    [other_payment_method] => Array
        (
            [0] => 
        )

    [invoice_num] => Array
        (
            [0] => No Invoice Number Required
        )

    [save_batch_expense] => 1
    [validate_only] => 1
)

[19-Nov-2025 09:26:55 Asia/Manila] Session data: Array
(
    [authenticated] => 1
    [auth_user] => Array
        (
            [id] => 57
            [name] => RVR ADMIN
            [email] => rvr_admin@gmail.com
            [role] => admin
            [client_id] => 
            [company_id] => 1
        )

    [last_activity] => 1763515574
    [last_viewed_recording] => 2025-11-19 07:39:52
    [last_viewed_archive] => 2025-11-17 13:17:06
    [last_viewed_sessions] => 2025-11-19 09:06:43
    [last_viewed_fsAccess] => 2025-11-19 07:32:46
    [initialized_0] => 1
)

[19-Nov-2025 09:26:55 Asia/Manila] POST data: Array
(
    [expense_type] => project
    [date] => 2024-09-05
    [client_id] => 14
    [project_id] => project-15
    [main_project_id] => 15
    [addon_id] => 
    [item_name] => Array
        (
            [0] => 1st week labor
        )

    [store_name] => Array
        (
            [0] => No Store Name Required
        )

    [category_num] => Array
        (
            [0] => 5003
        )

    [amount] => Array
        (
            [0] => 5800
        )

    [payment_method] => Array
        (
            [0] => Cash
        )

    [other_payment_method] => Array
        (
            [0] => 
        )

    [invoice_num] => Array
        (
            [0] => No Invoice Number Required
        )

    [save_batch_expense] => 1
    [validate_only] => 0
)

[19-Nov-2025 09:26:55 Asia/Manila] Row to insert: Array
(
    [row_num] => 0
    [user_id] => 57
    [client] => 14
    [main_project_id] => 15
    [addon_id] => 
    [date] => 2024-09-05
    [description] => 1st week labor
    [category_num] => 5003
    [category] => Labor Expense
    [invoice_num] => No Invoice Number Required
    [store_name] => No Store Name Required
    [amount] => 5800
    [payment_method] => Cash
    [receipt_file] => 333.jpg
    [receipt_tmp] => /tmp/phpgRfOPV
    [final_path] => ../receipts/project_expenses_files/333.jpg
)

[19-Nov-2025 09:27:46 Asia/Manila] Session data: Array
(
    [authenticated] => 1
    [auth_user] => Array
        (
            [id] => 168
            [name] => Jeus Cedric Manalili
            [email] => jeuscedricmanalili@gmail.com
            [role] => finance
            [client_id] => 
            [company_id] => 1
        )

    [last_activity] => 1763515597
    [last_viewed_recording] => 2025-11-19 07:39:52
    [last_viewed_archive] => 2025-11-17 13:17:06
    [last_viewed_sessions] => 2025-11-19 09:03:11
    [last_viewed_fsAccess] => 2025-11-19 07:32:46
    [initialized_0] => 1
)

[19-Nov-2025 09:27:46 Asia/Manila] POST data: Array
(
    [expense_type] => project
    [date] => 2025-11-03
    [client_id] => 14
    [project_id] => project-14
    [main_project_id] => 14
    [addon_id] => 
    [item_name] => Array
        (
            [0] => Steel and Cement
        )

    [store_name] => Array
        (
            [0] => Pinoy Builders
        )

    [category_num] => Array
        (
            [0] => 5001
        )

    [amount] => Array
        (
            [0] => 150000
        )

    [payment_method] => Array
        (
            [0] => E-payment
        )

    [other_payment_method] => Array
        (
            [0] => 
        )

    [invoice_num] => Array
        (
            [0] => 5698745
        )

    [save_batch_expense] => 1
    [validate_only] => 1
)

[19-Nov-2025 09:27:49 Asia/Manila] Session data: Array
(
    [authenticated] => 1
    [auth_user] => Array
        (
            [id] => 168
            [name] => Jeus Cedric Manalili
            [email] => jeuscedricmanalili@gmail.com
            [role] => finance
            [client_id] => 
            [company_id] => 1
        )

    [last_activity] => 1763515597
    [last_viewed_recording] => 2025-11-19 07:39:52
    [last_viewed_archive] => 2025-11-17 13:17:06
    [last_viewed_sessions] => 2025-11-19 09:03:11
    [last_viewed_fsAccess] => 2025-11-19 07:32:46
    [initialized_0] => 1
)

[19-Nov-2025 09:27:49 Asia/Manila] POST data: Array
(
    [expense_type] => project
    [date] => 2025-11-03
    [client_id] => 14
    [project_id] => project-14
    [main_project_id] => 14
    [addon_id] => 
    [item_name] => Array
        (
            [0] => Steel and Cement
        )

    [store_name] => Array
        (
            [0] => Pinoy Builders
        )

    [category_num] => Array
        (
            [0] => 5001
        )

    [amount] => Array
        (
            [0] => 150000
        )

    [payment_method] => Array
        (
            [0] => E-payment
        )

    [other_payment_method] => Array
        (
            [0] => 
        )

    [invoice_num] => Array
        (
            [0] => 5698745
        )

    [save_batch_expense] => 1
    [validate_only] => 0
)

[19-Nov-2025 09:27:49 Asia/Manila] Row to insert: Array
(
    [row_num] => 0
    [user_id] => 168
    [client] => 14
    [main_project_id] => 14
    [addon_id] => 
    [date] => 2025-11-03
    [description] => Steel and Cement
    [category_num] => 5001
    [category] => Construction Supplies
    [invoice_num] => 5698745
    [store_name] => Pinoy Builders
    [amount] => 150000
    [payment_method] => E-payment
    [receipt_file] => 150001.jpg
    [receipt_tmp] => /tmp/php6bPtdE
    [final_path] => ../receipts/project_expenses_files/150001.jpg
)

[19-Nov-2025 09:28:44 Asia/Manila] Session data: Array
(
    [authenticated] => 1
    [auth_user] => Array
        (
            [id] => 168
            [name] => Jeus Cedric Manalili
            [email] => jeuscedricmanalili@gmail.com
            [role] => finance
            [client_id] => 
            [company_id] => 1
        )

    [last_activity] => 1763515672
    [last_viewed_recording] => 2025-11-19 07:39:52
    [last_viewed_archive] => 2025-11-17 13:17:06
    [last_viewed_sessions] => 2025-11-19 09:03:11
    [last_viewed_fsAccess] => 2025-11-19 07:32:46
    [initialized_0] => 1
)

[19-Nov-2025 09:28:44 Asia/Manila] POST data: Array
(
    [expense_type] => project
    [date] => 2025-11-04
    [main_project_id] => 
    [addon_id] => 
    [item_name] => Array
        (
            [0] => White Paints
        )

    [store_name] => Array
        (
            [0] => Pinoy Builders
        )

    [category_num] => Array
        (
            [0] => 5001
        )

    [amount] => Array
        (
            [0] => 6550
        )

    [payment_method] => Array
        (
            [0] => Cash
        )

    [other_payment_method] => Array
        (
            [0] => 
        )

    [invoice_num] => Array
        (
            [0] => 8746215
        )

    [save_batch_expense] => 1
    [validate_only] => 1
)

[19-Nov-2025 09:28:44 Asia/Manila] PHP Warning:  Undefined array key "client_id" in /home/u570829513/domains/rvrsmes-fms.com/public_html/inner_pages/expense_logic.php on line 143
[19-Nov-2025 09:28:52 Asia/Manila] Session data: Array
(
    [authenticated] => 1
    [auth_user] => Array
        (
            [id] => 168
            [name] => Jeus Cedric Manalili
            [email] => jeuscedricmanalili@gmail.com
            [role] => finance
            [client_id] => 
            [company_id] => 1
        )

    [last_activity] => 1763515672
    [last_viewed_recording] => 2025-11-19 07:39:52
    [last_viewed_archive] => 2025-11-17 13:17:06
    [last_viewed_sessions] => 2025-11-19 09:03:11
    [last_viewed_fsAccess] => 2025-11-19 07:32:46
    [initialized_0] => 1
)

[19-Nov-2025 09:28:52 Asia/Manila] POST data: Array
(
    [expense_type] => project
    [date] => 2025-11-04
    [client_id] => 14
    [project_id] => project-14
    [main_project_id] => 14
    [addon_id] => 
    [item_name] => Array
        (
            [0] => White Paints
        )

    [store_name] => Array
        (
            [0] => Pinoy Builders
        )

    [category_num] => Array
        (
            [0] => 5001
        )

    [amount] => Array
        (
            [0] => 6550
        )

    [payment_method] => Array
        (
            [0] => Cash
        )

    [other_payment_method] => Array
        (
            [0] => 
        )

    [invoice_num] => Array
        (
            [0] => 8746215
        )

    [save_batch_expense] => 1
    [validate_only] => 1
)

[19-Nov-2025 09:28:54 Asia/Manila] Session data: Array
(
    [authenticated] => 1
    [auth_user] => Array
        (
            [id] => 168
            [name] => Jeus Cedric Manalili
            [email] => jeuscedricmanalili@gmail.com
            [role] => finance
            [client_id] => 
            [company_id] => 1
        )

    [last_activity] => 1763515672
    [last_viewed_recording] => 2025-11-19 07:39:52
    [last_viewed_archive] => 2025-11-17 13:17:06
    [last_viewed_sessions] => 2025-11-19 09:03:11
    [last_viewed_fsAccess] => 2025-11-19 07:32:46
    [initialized_0] => 1
)

[19-Nov-2025 09:28:54 Asia/Manila] POST data: Array
(
    [expense_type] => project
    [date] => 2025-11-04
    [client_id] => 14
    [project_id] => project-14
    [main_project_id] => 14
    [addon_id] => 
    [item_name] => Array
        (
            [0] => White Paints
        )

    [store_name] => Array
        (
            [0] => Pinoy Builders
        )

    [category_num] => Array
        (
            [0] => 5001
        )

    [amount] => Array
        (
            [0] => 6550
        )

    [payment_method] => Array
        (
            [0] => Cash
        )

    [other_payment_method] => Array
        (
            [0] => 
        )

    [invoice_num] => Array
        (
            [0] => 8746215
        )

    [save_batch_expense] => 1
    [validate_only] => 0
)

[19-Nov-2025 09:28:54 Asia/Manila] Row to insert: Array
(
    [row_num] => 0
    [user_id] => 168
    [client] => 14
    [main_project_id] => 14
    [addon_id] => 
    [date] => 2025-11-04
    [description] => White Paints
    [category_num] => 5001
    [category] => Construction Supplies
    [invoice_num] => 8746215
    [store_name] => Pinoy Builders
    [amount] => 6550
    [payment_method] => Cash
    [receipt_file] => 6551.jpg
    [receipt_tmp] => /tmp/phpPrbait
    [final_path] => ../receipts/project_expenses_files/6551.jpg
)

[19-Nov-2025 09:29:06 Asia/Manila] Session data: Array
(
    [authenticated] => 1
    [auth_user] => Array
        (
            [id] => 57
            [name] => RVR ADMIN
            [email] => rvr_admin@gmail.com
            [role] => admin
            [client_id] => 
            [company_id] => 1
        )

    [last_activity] => 1763515629
    [last_viewed_recording] => 2025-11-19 07:39:52
    [last_viewed_archive] => 2025-11-17 13:17:06
    [last_viewed_sessions] => 2025-11-19 09:06:43
    [last_viewed_fsAccess] => 2025-11-19 07:32:46
    [initialized_0] => 1
)

[19-Nov-2025 09:29:06 Asia/Manila] POST data: Array
(
    [expense_type] => project
    [date] => 2024-09-04
    [client_id] => 14
    [project_id] => project-15
    [main_project_id] => 15
    [addon_id] => 
    [item_name] => Array
        (
            [0] => 20 Liters Diesel
            [1] => Gravel
        )

    [store_name] => Array
        (
            [0] => Uno Fuel
            [1] => JMC Trading
        )

    [category_num] => Array
        (
            [0] => 5002
            [1] => 5001
        )

    [amount] => Array
        (
            [0] => 3500
            [1] => 7568
        )

    [payment_method] => Array
        (
            [0] => Cash
            [1] => Cash
        )

    [other_payment_method] => Array
        (
            [0] => 
            [1] => 
        )

    [invoice_num] => Array
        (
            [0] => 0002326565
            [1] => 000654686
        )

    [save_batch_expense] => 1
    [validate_only] => 1
)

[19-Nov-2025 09:29:08 Asia/Manila] Session data: Array
(
    [authenticated] => 1
    [auth_user] => Array
        (
            [id] => 57
            [name] => RVR ADMIN
            [email] => rvr_admin@gmail.com
            [role] => admin
            [client_id] => 
            [company_id] => 1
        )

    [last_activity] => 1763515629
    [last_viewed_recording] => 2025-11-19 07:39:52
    [last_viewed_archive] => 2025-11-17 13:17:06
    [last_viewed_sessions] => 2025-11-19 09:06:43
    [last_viewed_fsAccess] => 2025-11-19 07:32:46
    [initialized_0] => 1
)

[19-Nov-2025 09:29:08 Asia/Manila] POST data: Array
(
    [expense_type] => project
    [date] => 2024-09-04
    [client_id] => 14
    [project_id] => project-15
    [main_project_id] => 15
    [addon_id] => 
    [item_name] => Array
        (
            [0] => 20 Liters Diesel
            [1] => Gravel
        )

    [store_name] => Array
        (
            [0] => Uno Fuel
            [1] => JMC Trading
        )

    [category_num] => Array
        (
            [0] => 5002
            [1] => 5001
        )

    [amount] => Array
        (
            [0] => 3500
            [1] => 7568
        )

    [payment_method] => Array
        (
            [0] => Cash
            [1] => Cash
        )

    [other_payment_method] => Array
        (
            [0] => 
            [1] => 
        )

    [invoice_num] => Array
        (
            [0] => 0002326565
            [1] => 000654686
        )

    [save_batch_expense] => 1
    [validate_only] => 0
)

[19-Nov-2025 09:29:08 Asia/Manila] Row to insert: Array
(
    [row_num] => 0
    [user_id] => 57
    [client] => 14
    [main_project_id] => 15
    [addon_id] => 
    [date] => 2024-09-04
    [description] => 20 Liters Diesel
    [category_num] => 5002
    [category] => Transportation Expense
    [invoice_num] => 0002326565
    [store_name] => Uno Fuel
    [amount] => 3500
    [payment_method] => Cash
    [receipt_file] => 111.jpg
    [receipt_tmp] => /tmp/phptBo3Qr
    [final_path] => ../receipts/project_expenses_files/111.jpg
)

[19-Nov-2025 09:29:08 Asia/Manila] Row to insert: Array
(
    [row_num] => 1
    [user_id] => 57
    [client] => 14
    [main_project_id] => 15
    [addon_id] => 
    [date] => 2024-09-04
    [description] => Gravel
    [category_num] => 5001
    [category] => Construction Supplies
    [invoice_num] => 000654686
    [store_name] => JMC Trading
    [amount] => 7568
    [payment_method] => Cash
    [receipt_file] => P1R16.jpg
    [receipt_tmp] => /tmp/phpmrOepG
    [final_path] => ../receipts/project_expenses_files/P1R16.jpg
)

[19-Nov-2025 09:31:18 Asia/Manila] Session data: Array
(
    [authenticated] => 1
    [auth_user] => Array
        (
            [id] => 168
            [name] => Jeus Cedric Manalili
            [email] => jeuscedricmanalili@gmail.com
            [role] => finance
            [client_id] => 
            [company_id] => 1
        )

    [last_activity] => 1763515736
    [last_viewed_recording] => 2025-11-19 07:39:52
    [last_viewed_archive] => 2025-11-17 13:17:06
    [last_viewed_sessions] => 2025-11-19 09:03:11
    [last_viewed_fsAccess] => 2025-11-19 07:32:46
    [initialized_0] => 1
)

[19-Nov-2025 09:31:18 Asia/Manila] POST data: Array
(
    [expense_type] => project
    [date] => 2025-11-10
    [client_id] => 14
    [project_id] => project-14
    [main_project_id] => 14
    [addon_id] => 
    [item_name] => Array
        (
            [0] => Labor
        )

    [store_name] => Array
        (
            [0] => No Store Name Required
        )

    [category_num] => Array
        (
            [0] => 5003
        )

    [amount] => Array
        (
            [0] => 20000
        )

    [payment_method] => Array
        (
            [0] => Cash
        )

    [other_payment_method] => Array
        (
            [0] => 
        )

    [invoice_num] => Array
        (
            [0] => No Invoice Number Required
        )

    [save_batch_expense] => 1
    [validate_only] => 1
)

[19-Nov-2025 09:31:19 Asia/Manila] Session data: Array
(
    [authenticated] => 1
    [auth_user] => Array
        (
            [id] => 168
            [name] => Jeus Cedric Manalili
            [email] => jeuscedricmanalili@gmail.com
            [role] => finance
            [client_id] => 
            [company_id] => 1
        )

    [last_activity] => 1763515736
    [last_viewed_recording] => 2025-11-19 07:39:52
    [last_viewed_archive] => 2025-11-17 13:17:06
    [last_viewed_sessions] => 2025-11-19 09:03:11
    [last_viewed_fsAccess] => 2025-11-19 07:32:46
    [initialized_0] => 1
)

[19-Nov-2025 09:31:19 Asia/Manila] POST data: Array
(
    [expense_type] => project
    [date] => 2025-11-10
    [client_id] => 14
    [project_id] => project-14
    [main_project_id] => 14
    [addon_id] => 
    [item_name] => Array
        (
            [0] => Labor
        )

    [store_name] => Array
        (
            [0] => No Store Name Required
        )

    [category_num] => Array
        (
            [0] => 5003
        )

    [amount] => Array
        (
            [0] => 20000
        )

    [payment_method] => Array
        (
            [0] => Cash
        )

    [other_payment_method] => Array
        (
            [0] => 
        )

    [invoice_num] => Array
        (
            [0] => No Invoice Number Required
        )

    [save_batch_expense] => 1
    [validate_only] => 0
)

[19-Nov-2025 09:31:19 Asia/Manila] Row to insert: Array
(
    [row_num] => 0
    [user_id] => 168
    [client] => 14
    [main_project_id] => 14
    [addon_id] => 
    [date] => 2025-11-10
    [description] => Labor
    [category_num] => 5003
    [category] => Labor Expense
    [invoice_num] => No Invoice Number Required
    [store_name] => No Store Name Required
    [amount] => 20000
    [payment_method] => Cash
    [receipt_file] => 20001.jpg
    [receipt_tmp] => /tmp/phpHc79Tg
    [final_path] => ../receipts/project_expenses_files/20001.jpg
)

[19-Nov-2025 10:50:27 Asia/Manila] Session data: Array
(
    [authenticated] => 1
    [auth_user] => Array
        (
            [id] => 57
            [name] => RVR ADMIN
            [email] => rvr_admin@gmail.com
            [role] => admin
            [client_id] => 
            [company_id] => 1
        )

    [last_activity] => 1763520584
    [last_viewed_recording] => 2025-11-19 09:31:19
    [last_viewed_archive] => 2025-11-19 09:22:11
    [last_viewed_sessions] => 2025-11-19 10:21:06
    [last_viewed_fsAccess] => 2025-11-19 09:29:32
    [initialized_0] => 1
    [status_type] => updated
)

[19-Nov-2025 10:50:27 Asia/Manila] POST data: Array
(
    [expense_type] => project
    [date] => 2025-11-19
    [client_id] => 13
    [project_id] => project-22
    [main_project_id] => 22
    [addon_id] => 
    [item_name] => Array
        (
            [0] => Steel Plates
        )

    [store_name] => Array
        (
            [0] => Steel Store
        )

    [category_num] => Array
        (
            [0] => 5001
        )

    [amount] => Array
        (
            [0] => 12000
        )

    [payment_method] => Array
        (
            [0] => Cash
        )

    [other_payment_method] => Array
        (
            [0] => 
        )

    [invoice_num] => Array
        (
            [0] => 1561216549
        )

    [save_batch_expense] => 1
    [validate_only] => 1
)

[19-Nov-2025 10:50:30 Asia/Manila] Session data: Array
(
    [authenticated] => 1
    [auth_user] => Array
        (
            [id] => 57
            [name] => RVR ADMIN
            [email] => rvr_admin@gmail.com
            [role] => admin
            [client_id] => 
            [company_id] => 1
        )

    [last_activity] => 1763520584
    [last_viewed_recording] => 2025-11-19 09:31:19
    [last_viewed_archive] => 2025-11-19 09:22:11
    [last_viewed_sessions] => 2025-11-19 10:21:06
    [last_viewed_fsAccess] => 2025-11-19 09:29:32
    [initialized_0] => 1
    [status_type] => updated
)

[19-Nov-2025 10:50:30 Asia/Manila] POST data: Array
(
    [expense_type] => project
    [date] => 2025-11-19
    [client_id] => 13
    [project_id] => project-22
    [main_project_id] => 22
    [addon_id] => 
    [item_name] => Array
        (
            [0] => Steel Plates
        )

    [store_name] => Array
        (
            [0] => Steel Store
        )

    [category_num] => Array
        (
            [0] => 5001
        )

    [amount] => Array
        (
            [0] => 12000
        )

    [payment_method] => Array
        (
            [0] => Cash
        )

    [other_payment_method] => Array
        (
            [0] => 
        )

    [invoice_num] => Array
        (
            [0] => 1561216549
        )

    [save_batch_expense] => 1
    [validate_only] => 0
)

[19-Nov-2025 10:50:30 Asia/Manila] Row to insert: Array
(
    [row_num] => 0
    [user_id] => 57
    [client] => 13
    [main_project_id] => 22
    [addon_id] => 
    [date] => 2025-11-19
    [description] => Steel Plates
    [category_num] => 5001
    [category] => Construction Supplies
    [invoice_num] => 1561216549
    [store_name] => Steel Store
    [amount] => 12000
    [payment_method] => Cash
    [receipt_file] => Screenshot_2025-11-08-21-13-26-441_com.android.chrome.jpg
    [receipt_tmp] => /tmp/phpNFLVsi
    [final_path] => ../receipts/project_expenses_files/Screenshot_2025-11-08-21-13-26-441_com.android.chrome.jpg
)

