[2] SERVER -> CLIENT: 220 smtp.gmail.com ESMTP 41be03b00d2f7-b2fb969d6c9sm2735715a12.41 - gsmtp

[1] CLIENT -> SERVER: EHLO localhost

[2] SERVER -> CLIENT: 250-smtp.gmail.com at your service, [149.30.139.188]
250-SIZE 35882577
250-8BITMIME
250-STARTTLS
250-ENHANCEDSTATUSCODES
250-PIPELINING
250-CHUNKING
250 SMTPUTF8

[1] CLIENT -> SERVER: STARTTLS

[2] SERVER -> CLIENT: 220 2.0.0 Ready to start TLS

[1] CLIENT -> SERVER: EHLO localhost

[2] SERVER -> CLIENT: 250-smtp.gmail.com at your service, [149.30.139.188]
250-SIZE 35882577
250-8BITMIME
250-AUTH LOGIN PLAIN XOAUTH2 PLAIN-CLIENTTOKEN OAUTHBEARER XOAUTH
250-ENHANCEDSTATUSCODES
250-PIPELINING
250-CHUNKING
250 SMTPUTF8

[1] CLIENT -> SERVER: AUTH LOGIN

[2] SERVER -> CLIENT: 334 VXNlcm5hbWU6

[1] CLIENT -> SERVER: [credentials hidden]
[2] SERVER -> CLIENT: 334 UGFzc3dvcmQ6

[1] CLIENT -> SERVER: [credentials hidden]
[2] SERVER -> CLIENT: 535-5.7.8 Username and Password not accepted. For more information, go to
535 5.7.8  https://support.google.com/mail/?p=BadCredentials 41be03b00d2f7-b2fb969d6c9sm2735715a12.41 - gsmtp

[1] SMTP ERROR: Password command failed: 535-5.7.8 Username and Password not accepted. For more information, go to
535 5.7.8  https://support.google.com/mail/?p=BadCredentials 41be03b00d2f7-b2fb969d6c9sm2735715a12.41 - gsmtp

[2] SMTP Error: Could not authenticate.
[1] CLIENT -> SERVER: QUIT

[2] SERVER -> CLIENT: 221 2.0.0 closing connection 41be03b00d2f7-b2fb969d6c9sm2735715a12.41 - gsmtp

[2] SMTP Error: Could not authenticate.
[2] SERVER -> CLIENT: 220 smtp.gmail.com ESMTP d2e1a72fcca58-7482b0c6b31sm8802930b3a.129 - gsmtp

[1] CLIENT -> SERVER: EHLO localhost

[2] SERVER -> CLIENT: 250-smtp.gmail.com at your service, [149.30.139.188]
250-SIZE 35882577
250-8BITMIME
250-STARTTLS
250-ENHANCEDSTATUSCODES
250-PIPELINING
250-CHUNKING
250 SMTPUTF8

[1] CLIENT -> SERVER: STARTTLS

[2] SERVER -> CLIENT: 220 2.0.0 Ready to start TLS

[1] CLIENT -> SERVER: EHLO localhost

[2] SERVER -> CLIENT: 250-smtp.gmail.com at your service, [149.30.139.188]
250-SIZE 35882577
250-8BITMIME
250-AUTH LOGIN PLAIN XOAUTH2 PLAIN-CLIENTTOKEN OAUTHBEARER XOAUTH
250-ENHANCEDSTATUSCODES
250-PIPELINING
250-CHUNKING
250 SMTPUTF8

[1] CLIENT -> SERVER: AUTH LOGIN

[2] SERVER -> CLIENT: 334 VXNlcm5hbWU6

[1] CLIENT -> SERVER: [credentials hidden]
[2] SERVER -> CLIENT: 334 UGFzc3dvcmQ6

[1] CLIENT -> SERVER: [credentials hidden]
[2] SERVER -> CLIENT: 235 2.7.0 Accepted

[1] CLIENT -> SERVER: MAIL FROM:<cacorereservation@gmail.com>

[2] SERVER -> CLIENT: 250 2.1.0 OK d2e1a72fcca58-7482b0c6b31sm8802930b3a.129 - gsmtp

[1] CLIENT -> SERVER: RCPT TO:<patriciadelossantos105@gmail.com>

[2] SERVER -> CLIENT: 250 2.1.5 OK d2e1a72fcca58-7482b0c6b31sm8802930b3a.129 - gsmtp

[1] CLIENT -> SERVER: DATA

[2] SERVER -> CLIENT: 354 Go ahead d2e1a72fcca58-7482b0c6b31sm8802930b3a.129 - gsmtp

[1] CLIENT -> SERVER: Date: Wed, 11 Jun 2025 12:14:52 +0200

[1] CLIENT -> SERVER: To: JYP Entertainment <patriciadelossantos105@gmail.com>

[1] CLIENT -> SERVER: From: Financial Management System <cacorereservation@gmail.com>

[1] CLIENT -> SERVER: Subject: Your Account is Ready

[1] CLIENT -> SERVER: Message-ID: <a4yK9Ad4IARfzgHLYKXyQ6gRZINFax1AqwqXgbkN4@localhost>

[1] CLIENT -> SERVER: X-Mailer: PHPMailer 6.9.3 (https://github.com/PHPMailer/PHPMailer)

[1] CLIENT -> SERVER: MIME-Version: 1.0

[1] CLIENT -> SERVER: Content-Type: multipart/alternative;

[1] CLIENT -> SERVER:  boundary="b1=_a4yK9Ad4IARfzgHLYKXyQ6gRZINFax1AqwqXgbkN4"

[1] CLIENT -> SERVER: Content-Transfer-Encoding: 8bit

[1] CLIENT -> SERVER: 

[1] CLIENT -> SERVER: --b1=_a4yK9Ad4IARfzgHLYKXyQ6gRZINFax1AqwqXgbkN4

[1] CLIENT -> SERVER: Content-Type: text/plain; charset=us-ascii

[1] CLIENT -> SERVER: 

[1] CLIENT -> SERVER: Welcome, JYP Entertainment! Your account is ready. Default password: 123456

[1] CLIENT -> SERVER: 

[1] CLIENT -> SERVER: --b1=_a4yK9Ad4IARfzgHLYKXyQ6gRZINFax1AqwqXgbkN4

[1] CLIENT -> SERVER: Content-Type: text/html; charset=us-ascii

[1] CLIENT -> SERVER: 

[1] CLIENT -> SERVER: <h1>Welcome, JYP Entertainment!</h1><p>Your account is ready. Default password: 123456</p>

[1] CLIENT -> SERVER: 

[1] CLIENT -> SERVER: 

[1] CLIENT -> SERVER: --b1=_a4yK9Ad4IARfzgHLYKXyQ6gRZINFax1AqwqXgbkN4--

[1] CLIENT -> SERVER: 

[1] CLIENT -> SERVER: .

[2] SERVER -> CLIENT: 250 2.0.0 OK  1749636897 d2e1a72fcca58-7482b0c6b31sm8802930b3a.129 - gsmtp

[1] CLIENT -> SERVER: QUIT

[2] SERVER -> CLIENT: 221 2.0.0 closing connection d2e1a72fcca58-7482b0c6b31sm8802930b3a.129 - gsmtp

[2] SERVER -> CLIENT: 220 smtp.gmail.com ESMTP d9443c01a7336-2360340505asm84413575ad.144 - gsmtp

[1] CLIENT -> SERVER: EHLO localhost

[2] SERVER -> CLIENT: 250-smtp.gmail.com at your service, [149.30.139.188]
250-SIZE 35882577
250-8BITMIME
250-STARTTLS
250-ENHANCEDSTATUSCODES
250-PIPELINING
250-CHUNKING
250 SMTPUTF8

[1] CLIENT -> SERVER: STARTTLS

[2] SERVER -> CLIENT: 220 2.0.0 Ready to start TLS

[1] CLIENT -> SERVER: EHLO localhost

[2] SERVER -> CLIENT: 250-smtp.gmail.com at your service, [149.30.139.188]
250-SIZE 35882577
250-8BITMIME
250-AUTH LOGIN PLAIN XOAUTH2 PLAIN-CLIENTTOKEN OAUTHBEARER XOAUTH
250-ENHANCEDSTATUSCODES
250-PIPELINING
250-CHUNKING
250 SMTPUTF8

[1] CLIENT -> SERVER: AUTH LOGIN

[2] SERVER -> CLIENT: 334 VXNlcm5hbWU6

[1] CLIENT -> SERVER: [credentials hidden]
[2] SERVER -> CLIENT: 334 UGFzc3dvcmQ6

[1] CLIENT -> SERVER: [credentials hidden]
[2] SERVER -> CLIENT: 235 2.7.0 Accepted

[1] CLIENT -> SERVER: MAIL FROM:<cacorereservation@gmail.com>

[2] SERVER -> CLIENT: 250 2.1.0 OK d9443c01a7336-2360340505asm84413575ad.144 - gsmtp

[1] CLIENT -> SERVER: RCPT TO:<patriciadelossantos105@gmail.com>

[2] SERVER -> CLIENT: 250 2.1.5 OK d9443c01a7336-2360340505asm84413575ad.144 - gsmtp

[1] CLIENT -> SERVER: DATA

[2] SERVER -> CLIENT: 354 Go ahead d9443c01a7336-2360340505asm84413575ad.144 - gsmtp

[1] CLIENT -> SERVER: Date: Wed, 11 Jun 2025 12:33:37 +0200

[1] CLIENT -> SERVER: To: JYP Entertainment <patriciadelossantos105@gmail.com>

[1] CLIENT -> SERVER: From: Financial Management System <cacorereservation@gmail.com>

[1] CLIENT -> SERVER: Subject: Your Account is Ready

[1] CLIENT -> SERVER: Message-ID: <71txeU1MJbKtEmn8R2Xg4B7Msn3ukdq1XhUstmA92w@localhost>

[1] CLIENT -> SERVER: X-Mailer: PHPMailer 6.9.3 (https://github.com/PHPMailer/PHPMailer)

[1] CLIENT -> SERVER: MIME-Version: 1.0

[1] CLIENT -> SERVER: Content-Type: multipart/alternative;

[1] CLIENT -> SERVER:  boundary="b1=_71txeU1MJbKtEmn8R2Xg4B7Msn3ukdq1XhUstmA92w"

[1] CLIENT -> SERVER: Content-Transfer-Encoding: 8bit

[1] CLIENT -> SERVER: 

[1] CLIENT -> SERVER: --b1=_71txeU1MJbKtEmn8R2Xg4B7Msn3ukdq1XhUstmA92w

[1] CLIENT -> SERVER: Content-Type: text/plain; charset=us-ascii

[1] CLIENT -> SERVER: 

[1] CLIENT -> SERVER: Welcome, JYP Entertainment! Your account is ready. Default password: 123456

[1] CLIENT -> SERVER: 

[1] CLIENT -> SERVER: --b1=_71txeU1MJbKtEmn8R2Xg4B7Msn3ukdq1XhUstmA92w

[1] CLIENT -> SERVER: Content-Type: text/html; charset=us-ascii

[1] CLIENT -> SERVER: 

[1] CLIENT -> SERVER: <h1>Welcome, JYP Entertainment!</h1><p>Your account is ready. Default password: 123456</p>

[1] CLIENT -> SERVER: 

[1] CLIENT -> SERVER: 

[1] CLIENT -> SERVER: --b1=_71txeU1MJbKtEmn8R2Xg4B7Msn3ukdq1XhUstmA92w--

[1] CLIENT -> SERVER: 

[1] CLIENT -> SERVER: .

[2] SERVER -> CLIENT: 250 2.0.0 OK  1749638022 d9443c01a7336-2360340505asm84413575ad.144 - gsmtp

[1] CLIENT -> SERVER: QUIT

[2] SERVER -> CLIENT: 221 2.0.0 closing connection d9443c01a7336-2360340505asm84413575ad.144 - gsmtp

[2] SERVER -> CLIENT: 220 smtp.gmail.com ESMTP d9443c01a7336-23603508d10sm84741035ad.242 - gsmtp

[1] CLIENT -> SERVER: EHLO localhost

[2] SERVER -> CLIENT: 250-smtp.gmail.com at your service, [149.30.139.188]
250-SIZE 35882577
250-8BITMIME
250-STARTTLS
250-ENHANCEDSTATUSCODES
250-PIPELINING
250-CHUNKING
250 SMTPUTF8

[1] CLIENT -> SERVER: STARTTLS

[2] SERVER -> CLIENT: 220 2.0.0 Ready to start TLS

[1] CLIENT -> SERVER: EHLO localhost

[2] SERVER -> CLIENT: 250-smtp.gmail.com at your service, [149.30.139.188]
250-SIZE 35882577
250-8BITMIME
250-AUTH LOGIN PLAIN XOAUTH2 PLAIN-CLIENTTOKEN OAUTHBEARER XOAUTH
250-ENHANCEDSTATUSCODES
250-PIPELINING
250-CHUNKING
250 SMTPUTF8

[1] CLIENT -> SERVER: AUTH LOGIN

[2] SERVER -> CLIENT: 334 VXNlcm5hbWU6

[1] CLIENT -> SERVER: [credentials hidden]
[2] SERVER -> CLIENT: 334 UGFzc3dvcmQ6

[1] CLIENT -> SERVER: [credentials hidden]
[2] SERVER -> CLIENT: 235 2.7.0 Accepted

[1] CLIENT -> SERVER: MAIL FROM:<cacorereservation@gmail.com>

[2] SERVER -> CLIENT: 250 2.1.0 OK d9443c01a7336-23603508d10sm84741035ad.242 - gsmtp

[1] CLIENT -> SERVER: RCPT TO:<patriciadelossantos105@gmail.com>

[2] SERVER -> CLIENT: 250 2.1.5 OK d9443c01a7336-23603508d10sm84741035ad.242 - gsmtp

[1] CLIENT -> SERVER: DATA

[2] SERVER -> CLIENT: 354 Go ahead d9443c01a7336-23603508d10sm84741035ad.242 - gsmtp

[1] CLIENT -> SERVER: Date: Wed, 11 Jun 2025 12:35:39 +0200

[1] CLIENT -> SERVER: To: JYP Entertainment <patriciadelossantos105@gmail.com>

[1] CLIENT -> SERVER: From: Financial Management System <cacorereservation@gmail.com>

[1] CLIENT -> SERVER: Subject: Your Account is Ready

[1] CLIENT -> SERVER: Message-ID: <P8Csdp8uKsfMqp8NTQAfbeq8QowyHNOZAuGgXGvMVg@localhost>

[1] CLIENT -> SERVER: X-Mailer: PHPMailer 6.9.3 (https://github.com/PHPMailer/PHPMailer)

[1] CLIENT -> SERVER: MIME-Version: 1.0

[1] CLIENT -> SERVER: Content-Type: multipart/alternative;

[1] CLIENT -> SERVER:  boundary="b1=_P8Csdp8uKsfMqp8NTQAfbeq8QowyHNOZAuGgXGvMVg"

[1] CLIENT -> SERVER: Content-Transfer-Encoding: 8bit

[1] CLIENT -> SERVER: 

[1] CLIENT -> SERVER: --b1=_P8Csdp8uKsfMqp8NTQAfbeq8QowyHNOZAuGgXGvMVg

[1] CLIENT -> SERVER: Content-Type: text/plain; charset=us-ascii

[1] CLIENT -> SERVER: 

[1] CLIENT -> SERVER: Welcome, JYP Entertainment! Your account is ready. Default password: 123456

[1] CLIENT -> SERVER: 

[1] CLIENT -> SERVER: --b1=_P8Csdp8uKsfMqp8NTQAfbeq8QowyHNOZAuGgXGvMVg

[1] CLIENT -> SERVER: Content-Type: text/html; charset=us-ascii

[1] CLIENT -> SERVER: 

[1] CLIENT -> SERVER: <h1>Welcome, JYP Entertainment!</h1><p>Your account is ready. Default password: 123456</p>

[1] CLIENT -> SERVER: 

[1] CLIENT -> SERVER: 

[1] CLIENT -> SERVER: --b1=_P8Csdp8uKsfMqp8NTQAfbeq8QowyHNOZAuGgXGvMVg--

[1] CLIENT -> SERVER: 

[1] CLIENT -> SERVER: .

[2] SERVER -> CLIENT: 250 2.0.0 OK  1749638143 d9443c01a7336-23603508d10sm84741035ad.242 - gsmtp

[1] CLIENT -> SERVER: QUIT

[2] SERVER -> CLIENT: 221 2.0.0 closing connection d9443c01a7336-23603508d10sm84741035ad.242 - gsmtp

[2] SERVER -> CLIENT: 220 smtp.gmail.com ESMTP 98e67ed59e1d1-313b2110382sm1109049a91.27 - gsmtp

[1] CLIENT -> SERVER: EHLO localhost

[2] SERVER -> CLIENT: 250-smtp.gmail.com at your service, [149.30.139.188]
250-SIZE 35882577
250-8BITMIME
250-STARTTLS
250-ENHANCEDSTATUSCODES
250-PIPELINING
250-CHUNKING
250 SMTPUTF8

[1] CLIENT -> SERVER: STARTTLS

[2] SERVER -> CLIENT: 220 2.0.0 Ready to start TLS

[1] CLIENT -> SERVER: EHLO localhost

[2] SERVER -> CLIENT: 250-smtp.gmail.com at your service, [149.30.139.188]
250-SIZE 35882577
250-8BITMIME
250-AUTH LOGIN PLAIN XOAUTH2 PLAIN-CLIENTTOKEN OAUTHBEARER XOAUTH
250-ENHANCEDSTATUSCODES
250-PIPELINING
250-CHUNKING
250 SMTPUTF8

[1] CLIENT -> SERVER: AUTH LOGIN

[2] SERVER -> CLIENT: 334 VXNlcm5hbWU6

[1] CLIENT -> SERVER: [credentials hidden]
[2] SERVER -> CLIENT: 334 UGFzc3dvcmQ6

[1] CLIENT -> SERVER: [credentials hidden]
[2] SERVER -> CLIENT: 235 2.7.0 Accepted

[1] CLIENT -> SERVER: MAIL FROM:<cacorereservation@gmail.com>

[2] SERVER -> CLIENT: 250 2.1.0 OK 98e67ed59e1d1-313b2110382sm1109049a91.27 - gsmtp

[1] CLIENT -> SERVER: RCPT TO:<patriciadelossantos105@gmail.com>

[2] SERVER -> CLIENT: 250 2.1.5 OK 98e67ed59e1d1-313b2110382sm1109049a91.27 - gsmtp

[1] CLIENT -> SERVER: DATA

[2] SERVER -> CLIENT: 354 Go ahead 98e67ed59e1d1-313b2110382sm1109049a91.27 - gsmtp

[1] CLIENT -> SERVER: Date: Wed, 11 Jun 2025 12:38:36 +0200

[1] CLIENT -> SERVER: To: JYP Entertainment <patriciadelossantos105@gmail.com>

[1] CLIENT -> SERVER: From: Financial Management System <cacorereservation@gmail.com>

[1] CLIENT -> SERVER: Subject: Your Account is Ready

[1] CLIENT -> SERVER: Message-ID: <vMNzRZbSR8J0IrB2LkfaPlLByuLMTLqRx3phtJgI@localhost>

[1] CLIENT -> SERVER: X-Mailer: PHPMailer 6.9.3 (https://github.com/PHPMailer/PHPMailer)

[1] CLIENT -> SERVER: MIME-Version: 1.0

[1] CLIENT -> SERVER: Content-Type: multipart/alternative;

[1] CLIENT -> SERVER:  boundary="b1=_vMNzRZbSR8J0IrB2LkfaPlLByuLMTLqRx3phtJgI"

[1] CLIENT -> SERVER: Content-Transfer-Encoding: 8bit

[1] CLIENT -> SERVER: 

[1] CLIENT -> SERVER: --b1=_vMNzRZbSR8J0IrB2LkfaPlLByuLMTLqRx3phtJgI

[1] CLIENT -> SERVER: Content-Type: text/plain; charset=us-ascii

[1] CLIENT -> SERVER: 

[1] CLIENT -> SERVER: Welcome, JYP Entertainment! Your account is ready. Default password: 123456

[1] CLIENT -> SERVER: 

[1] CLIENT -> SERVER: --b1=_vMNzRZbSR8J0IrB2LkfaPlLByuLMTLqRx3phtJgI

[1] CLIENT -> SERVER: Content-Type: text/html; charset=us-ascii

[1] CLIENT -> SERVER: 

[1] CLIENT -> SERVER: <h1>Welcome, JYP Entertainment!</h1><p>Your account is ready. Default password: 123456</p>

[1] CLIENT -> SERVER: 

[1] CLIENT -> SERVER: 

[1] CLIENT -> SERVER: --b1=_vMNzRZbSR8J0IrB2LkfaPlLByuLMTLqRx3phtJgI--

[1] CLIENT -> SERVER: 

[1] CLIENT -> SERVER: .

[2] SERVER -> CLIENT: 250 2.0.0 OK  1749638321 98e67ed59e1d1-313b2110382sm1109049a91.27 - gsmtp

[1] CLIENT -> SERVER: QUIT

[2] SERVER -> CLIENT: 221 2.0.0 closing connection 98e67ed59e1d1-313b2110382sm1109049a91.27 - gsmtp

[2] SERVER -> CLIENT: 220 smtp.gmail.com ESMTP 98e67ed59e1d1-313c1b595aesm726343a91.35 - gsmtp

[1] CLIENT -> SERVER: EHLO localhost

[2] SERVER -> CLIENT: 250-smtp.gmail.com at your service, [149.30.139.188]
250-SIZE 35882577
250-8BITMIME
250-STARTTLS
250-ENHANCEDSTATUSCODES
250-PIPELINING
250-CHUNKING
250 SMTPUTF8

[1] CLIENT -> SERVER: STARTTLS

[2] SERVER -> CLIENT: 220 2.0.0 Ready to start TLS

[1] CLIENT -> SERVER: EHLO localhost

[2] SERVER -> CLIENT: 250-smtp.gmail.com at your service, [149.30.139.188]
250-SIZE 35882577
250-8BITMIME
250-AUTH LOGIN PLAIN XOAUTH2 PLAIN-CLIENTTOKEN OAUTHBEARER XOAUTH
250-ENHANCEDSTATUSCODES
250-PIPELINING
250-CHUNKING
250 SMTPUTF8

[1] CLIENT -> SERVER: AUTH LOGIN

[2] SERVER -> CLIENT: 334 VXNlcm5hbWU6

[1] CLIENT -> SERVER: [credentials hidden]
[2] SERVER -> CLIENT: 334 UGFzc3dvcmQ6

[1] CLIENT -> SERVER: [credentials hidden]
[2] SERVER -> CLIENT: 235 2.7.0 Accepted

[1] CLIENT -> SERVER: MAIL FROM:<cacorereservation@gmail.com>

[2] SERVER -> CLIENT: 250 2.1.0 OK 98e67ed59e1d1-313c1b595aesm726343a91.35 - gsmtp

[1] CLIENT -> SERVER: RCPT TO:<patriciadelossantos105@gmail.com>

[2] SERVER -> CLIENT: 250 2.1.5 OK 98e67ed59e1d1-313c1b595aesm726343a91.35 - gsmtp

[1] CLIENT -> SERVER: DATA

[2] SERVER -> CLIENT: 354 Go ahead 98e67ed59e1d1-313c1b595aesm726343a91.35 - gsmtp

[1] CLIENT -> SERVER: Date: Thu, 12 Jun 2025 08:08:09 +0200

[1] CLIENT -> SERVER: To: JYP Entertainment <patriciadelossantos105@gmail.com>

[1] CLIENT -> SERVER: From: Financial Management System <cacorereservation@gmail.com>

[1] CLIENT -> SERVER: Subject: Your Account is Ready

[1] CLIENT -> SERVER: Message-ID: <bmmEDrN5c2PjBXwCxXUoHAMExNukoPxz16fk06C5Q@localhost>

[1] CLIENT -> SERVER: X-Mailer: PHPMailer 6.9.3 (https://github.com/PHPMailer/PHPMailer)

[1] CLIENT -> SERVER: MIME-Version: 1.0

[1] CLIENT -> SERVER: Content-Type: multipart/alternative;

[1] CLIENT -> SERVER:  boundary="b1=_bmmEDrN5c2PjBXwCxXUoHAMExNukoPxz16fk06C5Q"

[1] CLIENT -> SERVER: Content-Transfer-Encoding: 8bit

[1] CLIENT -> SERVER: 

[1] CLIENT -> SERVER: --b1=_bmmEDrN5c2PjBXwCxXUoHAMExNukoPxz16fk06C5Q

[1] CLIENT -> SERVER: Content-Type: text/plain; charset=us-ascii

[1] CLIENT -> SERVER: 

[1] CLIENT -> SERVER: Welcome, JYP Entertainment! Your account is ready. Default password: PuMD+JSon8

[1] CLIENT -> SERVER: 

[1] CLIENT -> SERVER: --b1=_bmmEDrN5c2PjBXwCxXUoHAMExNukoPxz16fk06C5Q

[1] CLIENT -> SERVER: Content-Type: text/html; charset=us-ascii

[1] CLIENT -> SERVER: 

[1] CLIENT -> SERVER: <h1>Welcome, JYP Entertainment!</h1><p>Your account is ready. Default password: PuMD+JSon8</p>

[1] CLIENT -> SERVER: 

[1] CLIENT -> SERVER: 

[1] CLIENT -> SERVER: --b1=_bmmEDrN5c2PjBXwCxXUoHAMExNukoPxz16fk06C5Q--

[1] CLIENT -> SERVER: 

[1] CLIENT -> SERVER: .

[2] SERVER -> CLIENT: 250 2.0.0 OK  1749708494 98e67ed59e1d1-313c1b595aesm726343a91.35 - gsmtp

[1] CLIENT -> SERVER: QUIT

[2] SERVER -> CLIENT: 221 2.0.0 closing connection 98e67ed59e1d1-313c1b595aesm726343a91.35 - gsmtp

[2] SERVER -> CLIENT: 220 smtp.gmail.com ESMTP d9443c01a7336-2364e61b3e2sm6093565ad.38 - gsmtp

[1] CLIENT -> SERVER: EHLO localhost

[2] SERVER -> CLIENT: 250-smtp.gmail.com at your service, [149.30.139.188]
250-SIZE 35882577
250-8BITMIME
250-STARTTLS
250-ENHANCEDSTATUSCODES
250-PIPELINING
250-CHUNKING
250 SMTPUTF8

[1] CLIENT -> SERVER: STARTTLS

[2] SERVER -> CLIENT: 220 2.0.0 Ready to start TLS

[1] CLIENT -> SERVER: EHLO localhost

[2] SERVER -> CLIENT: 250-smtp.gmail.com at your service, [149.30.139.188]
250-SIZE 35882577
250-8BITMIME
250-AUTH LOGIN PLAIN XOAUTH2 PLAIN-CLIENTTOKEN OAUTHBEARER XOAUTH
250-ENHANCEDSTATUSCODES
250-PIPELINING
250-CHUNKING
250 SMTPUTF8

[1] CLIENT -> SERVER: AUTH LOGIN

[2] SERVER -> CLIENT: 334 VXNlcm5hbWU6

[1] CLIENT -> SERVER: [credentials hidden]
[2] SERVER -> CLIENT: 334 UGFzc3dvcmQ6

[1] CLIENT -> SERVER: [credentials hidden]
[2] SERVER -> CLIENT: 235 2.7.0 Accepted

[1] CLIENT -> SERVER: MAIL FROM:<cacorereservation@gmail.com>

[2] SERVER -> CLIENT: 250 2.1.0 OK d9443c01a7336-2364e61b3e2sm6093565ad.38 - gsmtp

[1] CLIENT -> SERVER: RCPT TO:<patriciadelossantos105@gmail.com>

[2] SERVER -> CLIENT: 250 2.1.5 OK d9443c01a7336-2364e61b3e2sm6093565ad.38 - gsmtp

[1] CLIENT -> SERVER: DATA

[2] SERVER -> CLIENT: 354 Go ahead d9443c01a7336-2364e61b3e2sm6093565ad.38 - gsmtp

[1] CLIENT -> SERVER: Date: Thu, 12 Jun 2025 08:13:20 +0200

[1] CLIENT -> SERVER: To: JYP Entertainment <patriciadelossantos105@gmail.com>

[1] CLIENT -> SERVER: From: Financial Management System <cacorereservation@gmail.com>

[1] CLIENT -> SERVER: Subject: Your Account is Ready

[1] CLIENT -> SERVER: Message-ID: <fnROS5KWnI3QueZmUZnhTk8zZnZ6SzVFfeKN8878@localhost>

[1] CLIENT -> SERVER: X-Mailer: PHPMailer 6.9.3 (https://github.com/PHPMailer/PHPMailer)

[1] CLIENT -> SERVER: MIME-Version: 1.0

[1] CLIENT -> SERVER: Content-Type: multipart/alternative;

[1] CLIENT -> SERVER:  boundary="b1=_fnROS5KWnI3QueZmUZnhTk8zZnZ6SzVFfeKN8878"

[1] CLIENT -> SERVER: Content-Transfer-Encoding: 8bit

[1] CLIENT -> SERVER: 

[1] CLIENT -> SERVER: --b1=_fnROS5KWnI3QueZmUZnhTk8zZnZ6SzVFfeKN8878

[1] CLIENT -> SERVER: Content-Type: text/plain; charset=us-ascii

[1] CLIENT -> SERVER: 

[1] CLIENT -> SERVER: Welcome, JYP Entertainment!

[1] CLIENT -> SERVER: 

[1] CLIENT -> SERVER: We are pleased to inform you that your account with the Financial Management System has been successfully created.

[1] CLIENT -> SERVER: 

[1] CLIENT -> SERVER: Your login credentials are:

[1] CLIENT -> SERVER: Email: patriciadelossantos105@gmail.com

[1] CLIENT -> SERVER: Temporary Password: )iQ23_$OYT

[1] CLIENT -> SERVER: 

[1] CLIENT -> SERVER: For your security, please log in to your account at https://yourwebsite.com/login and change your temporary password as soon as possible.

[1] CLIENT -> SERVER: 

[1] CLIENT -> SERVER: If you have any questions or need assistance, please contact our support team at support@yourwebsite.com.

[1] CLIENT -> SERVER: 

[1] CLIENT -> SERVER: Thank you for choosing Financial Management System.

[1] CLIENT -> SERVER: 

[1] CLIENT -> SERVER: Best regards,

[1] CLIENT -> SERVER: The Financial Management System Team

[1] CLIENT -> SERVER: 

[1] CLIENT -> SERVER: --b1=_fnROS5KWnI3QueZmUZnhTk8zZnZ6SzVFfeKN8878

[1] CLIENT -> SERVER: Content-Type: text/html; charset=us-ascii

[1] CLIENT -> SERVER: 

[1] CLIENT -> SERVER: 

[1] CLIENT -> SERVER:                 <!DOCTYPE html>

[1] CLIENT -> SERVER:                 <html lang='en'>

[1] CLIENT -> SERVER:                 <head>

[1] CLIENT -> SERVER:                     <meta charset='UTF-8'>

[1] CLIENT -> SERVER:                     <title>Welcome to Financial Management System</title>

[1] CLIENT -> SERVER:                 </head>

[1] CLIENT -> SERVER:                 <body style='font-family: Arial, sans-serif; line-height: 1.6; color: #333; max-width: 600px; margin: 0 auto; padding: 20px;'>

[1] CLIENT -> SERVER:                     <div style='background-color: #f5f5f5; padding: 20px; border-radius: 8px;'>

[1] CLIENT -> SERVER:                         <h1 style='color: #2c3e50; font-size: 24px; margin-bottom: 20px;'>Welcome, JYP Entertainment!</h1>

[1] CLIENT -> SERVER:                         <p style='font-size: 16px; margin-bottom: 15px;'>We are pleased to inform you that your account with the Financial Management System has been successfully created.</p>

[1] CLIENT -> SERVER:                         <p style='font-size: 16px; margin-bottom: 15px;'>Below are your login credentials:</p>

[1] CLIENT -> SERVER:                         <ul style='list-style: none; padding: 0; margin-bottom: 20px;'>

[1] CLIENT -> SERVER:                             <li><strong>Email:</strong> patriciadelossantos105@gmail.com</li>

[1] CLIENT -> SERVER:                             <li><strong>Temporary Password:</strong> )iQ23_$OYT</li>

[1] CLIENT -> SERVER:                         </ul>

[1] CLIENT -> SERVER:                         <p style='font-size: 16px; margin-bottom: 15px;'>For your security, please log in to your account and change your temporary password as soon as possible.</p>

[1] CLIENT -> SERVER:                         <p style='text-align: center; margin: 30px 0;'>

[1] CLIENT -> SERVER:                             <a href='https://yourwebsite.com/login' style='background-color: #007bff; color: #ffffff; padding: 10px 20px; text-decoration: none; border-radius: 5px; font-size: 16px;'>Log In to Your Account</a>

[1] CLIENT -> SERVER:                         </p>

[1] CLIENT -> SERVER:                         <p style='font-size: 14px; color: #666; margin-top: 20px;'>If you have any questions or need assistance, please contact our support team at <a href='mailto:support@yourwebsite.com' style='color: #007bff; text-decoration: none;'>support@yourwebsite.com</a>.</p>

[1] CLIENT -> SERVER:                         <p style='font-size: 14px; color: #666;'>Thank you for choosing Financial Management System.</p>

[1] CLIENT -> SERVER:                         <p style='font-size: 14px; color: #666;'>Best regards,<br>The Financial Management System Team</p>

[1] CLIENT -> SERVER:                     </div>

[1] CLIENT -> SERVER:                 </body>

[1] CLIENT -> SERVER:                 </html>

[1] CLIENT -> SERVER:                 

[1] CLIENT -> SERVER: 

[1] CLIENT -> SERVER: 

[1] CLIENT -> SERVER: --b1=_fnROS5KWnI3QueZmUZnhTk8zZnZ6SzVFfeKN8878--

[1] CLIENT -> SERVER: 

[1] CLIENT -> SERVER: .

[2] SERVER -> CLIENT: 250 2.0.0 OK  1749708805 d9443c01a7336-2364e61b3e2sm6093565ad.38 - gsmtp

[1] CLIENT -> SERVER: QUIT

[2] SERVER -> CLIENT: 221 2.0.0 closing connection d9443c01a7336-2364e61b3e2sm6093565ad.38 - gsmtp

[2] SERVER -> CLIENT: 220 smtp.gmail.com ESMTP d2e1a72fcca58-748808963f6sm655078b3a.55 - gsmtp

[1] CLIENT -> SERVER: EHLO localhost

[2] SERVER -> CLIENT: 250-smtp.gmail.com at your service, [149.30.139.188]
250-SIZE 35882577
250-8BITMIME
250-STARTTLS
250-ENHANCEDSTATUSCODES
250-PIPELINING
250-CHUNKING
250 SMTPUTF8

[1] CLIENT -> SERVER: STARTTLS

[2] SERVER -> CLIENT: 220 2.0.0 Ready to start TLS

[1] CLIENT -> SERVER: EHLO localhost

[2] SERVER -> CLIENT: 250-smtp.gmail.com at your service, [149.30.139.188]
250-SIZE 35882577
250-8BITMIME
250-AUTH LOGIN PLAIN XOAUTH2 PLAIN-CLIENTTOKEN OAUTHBEARER XOAUTH
250-ENHANCEDSTATUSCODES
250-PIPELINING
250-CHUNKING
250 SMTPUTF8

[1] CLIENT -> SERVER: AUTH LOGIN

[2] SERVER -> CLIENT: 334 VXNlcm5hbWU6

[1] CLIENT -> SERVER: [credentials hidden]
[2] SERVER -> CLIENT: 334 UGFzc3dvcmQ6

[1] CLIENT -> SERVER: [credentials hidden]
[2] SERVER -> CLIENT: 235 2.7.0 Accepted

[1] CLIENT -> SERVER: MAIL FROM:<cacorereservation@gmail.com>

[2] SERVER -> CLIENT: 250 2.1.0 OK d2e1a72fcca58-748808963f6sm655078b3a.55 - gsmtp

[1] CLIENT -> SERVER: RCPT TO:<patriciadelossantos105@gmail.com>

[2] SERVER -> CLIENT: 250 2.1.5 OK d2e1a72fcca58-748808963f6sm655078b3a.55 - gsmtp

[1] CLIENT -> SERVER: DATA

[2] SERVER -> CLIENT: 354 Go ahead d2e1a72fcca58-748808963f6sm655078b3a.55 - gsmtp

[1] CLIENT -> SERVER: Date: Thu, 12 Jun 2025 08:15:42 +0200

[1] CLIENT -> SERVER: To: JYP Entertainment <patriciadelossantos105@gmail.com>

[1] CLIENT -> SERVER: From: Financial Management System <cacorereservation@gmail.com>

[1] CLIENT -> SERVER: Subject: Your Account is Ready

[1] CLIENT -> SERVER: Message-ID: <tuVIlmg48XH9C9KytHMnsEmet25lcyjYzUpsgmM1Q@localhost>

[1] CLIENT -> SERVER: X-Mailer: PHPMailer 6.9.3 (https://github.com/PHPMailer/PHPMailer)

[1] CLIENT -> SERVER: MIME-Version: 1.0

[1] CLIENT -> SERVER: Content-Type: multipart/alternative;

[1] CLIENT -> SERVER:  boundary="b1=_tuVIlmg48XH9C9KytHMnsEmet25lcyjYzUpsgmM1Q"

[1] CLIENT -> SERVER: Content-Transfer-Encoding: 8bit

[1] CLIENT -> SERVER: 

[1] CLIENT -> SERVER: --b1=_tuVIlmg48XH9C9KytHMnsEmet25lcyjYzUpsgmM1Q

[1] CLIENT -> SERVER: Content-Type: text/plain; charset=us-ascii

[1] CLIENT -> SERVER: 

[1] CLIENT -> SERVER: Welcome, JYP Entertainment!

[1] CLIENT -> SERVER: 

[1] CLIENT -> SERVER: We are pleased to inform you that your account with the Financial Management System has been successfully created.

[1] CLIENT -> SERVER: 

[1] CLIENT -> SERVER: Your login credentials are:

[1] CLIENT -> SERVER: Email: patriciadelossantos105@gmail.com

[1] CLIENT -> SERVER: Temporary Password: j!TaKmhEuU

[1] CLIENT -> SERVER: 

[1] CLIENT -> SERVER: For your security, please log in to your account at http://localhost/Financial_Management/login_form.php and change your temporary password as soon as possible.

[1] CLIENT -> SERVER: 

[1] CLIENT -> SERVER: If you have any questions or need assistance, please contact our support team at support@yourwebsite.com.

[1] CLIENT -> SERVER: 

[1] CLIENT -> SERVER: Thank you for choosing Financial Management System.

[1] CLIENT -> SERVER: 

[1] CLIENT -> SERVER: Best regards,

[1] CLIENT -> SERVER: The Financial Management System Team

[1] CLIENT -> SERVER: 

[1] CLIENT -> SERVER: --b1=_tuVIlmg48XH9C9KytHMnsEmet25lcyjYzUpsgmM1Q

[1] CLIENT -> SERVER: Content-Type: text/html; charset=us-ascii

[1] CLIENT -> SERVER: 

[1] CLIENT -> SERVER: 

[1] CLIENT -> SERVER:                 <!DOCTYPE html>

[1] CLIENT -> SERVER:                 <html lang='en'>

[1] CLIENT -> SERVER:                 <head>

[1] CLIENT -> SERVER:                     <meta charset='UTF-8'>

[1] CLIENT -> SERVER:                     <title>Welcome to Financial Management System</title>

[1] CLIENT -> SERVER:                 </head>

[1] CLIENT -> SERVER:                 <body style='font-family: Arial, sans-serif; line-height: 1.6; color: #333; max-width: 600px; margin: 0 auto; padding: 20px;'>

[1] CLIENT -> SERVER:                     <div style='background-color: #f5f5f5; padding: 20px; border-radius: 8px;'>

[1] CLIENT -> SERVER:                         <h1 style='color: #2c3e50; font-size: 24px; margin-bottom: 20px;'>Welcome, JYP Entertainment!</h1>

[1] CLIENT -> SERVER:                         <p style='font-size: 16px; margin-bottom: 15px;'>We are pleased to inform you that your account with the Financial Management System has been successfully created.</p>

[1] CLIENT -> SERVER:                         <p style='font-size: 16px; margin-bottom: 15px;'>Below are your login credentials:</p>

[1] CLIENT -> SERVER:                         <ul style='list-style: none; padding: 0; margin-bottom: 20px;'>

[1] CLIENT -> SERVER:                             <li><strong>Email:</strong> patriciadelossantos105@gmail.com</li>

[1] CLIENT -> SERVER:                             <li><strong>Temporary Password:</strong> j!TaKmhEuU</li>

[1] CLIENT -> SERVER:                         </ul>

[1] CLIENT -> SERVER:                         <p style='font-size: 16px; margin-bottom: 15px;'>For your security, please log in to your account and change your temporary password as soon as possible.</p>

[1] CLIENT -> SERVER:                         <p style='text-align: center; margin: 30px 0;'>

[1] CLIENT -> SERVER:                             <a href='https://yourwebsite.com/login' style='background-color: #007bff; color: #ffffff; padding: 10px 20px; text-decoration: none; border-radius: 5px; font-size: 16px;'>Log In to Your Account</a>

[1] CLIENT -> SERVER:                         </p>

[1] CLIENT -> SERVER:                         <p style='font-size: 14px; color: #666; margin-top: 20px;'>If you have any questions or need assistance, please contact our support team at <a href='mailto:support@yourwebsite.com' style='color: #007bff; text-decoration: none;'>support@yourwebsite.com</a>.</p>

[1] CLIENT -> SERVER:                         <p style='font-size: 14px; color: #666;'>Thank you for choosing Financial Management System.</p>

[1] CLIENT -> SERVER:                         <p style='font-size: 14px; color: #666;'>Best regards,<br>The Financial Management System Team</p>

[1] CLIENT -> SERVER:                     </div>

[1] CLIENT -> SERVER:                 </body>

[1] CLIENT -> SERVER:                 </html>

[1] CLIENT -> SERVER:                 

[1] CLIENT -> SERVER: 

[1] CLIENT -> SERVER: 

[1] CLIENT -> SERVER: --b1=_tuVIlmg48XH9C9KytHMnsEmet25lcyjYzUpsgmM1Q--

[1] CLIENT -> SERVER: 

[1] CLIENT -> SERVER: .

[2] SERVER -> CLIENT: 250 2.0.0 OK  1749708948 d2e1a72fcca58-748808963f6sm655078b3a.55 - gsmtp

[1] CLIENT -> SERVER: QUIT

[2] SERVER -> CLIENT: 221 2.0.0 closing connection d2e1a72fcca58-748808963f6sm655078b3a.55 - gsmtp

[2] SERVER -> CLIENT: 220 smtp.gmail.com ESMTP d9443c01a7336-2364e6fa227sm6058365ad.155 - gsmtp

[1] CLIENT -> SERVER: EHLO localhost

[2] SERVER -> CLIENT: 250-smtp.gmail.com at your service, [149.30.139.188]
250-SIZE 35882577
250-8BITMIME
250-STARTTLS
250-ENHANCEDSTATUSCODES
250-PIPELINING
250-CHUNKING
250 SMTPUTF8

[1] CLIENT -> SERVER: STARTTLS

[2] SERVER -> CLIENT: 220 2.0.0 Ready to start TLS

[1] CLIENT -> SERVER: EHLO localhost

[2] SERVER -> CLIENT: 250-smtp.gmail.com at your service, [149.30.139.188]
250-SIZE 35882577
250-8BITMIME
250-AUTH LOGIN PLAIN XOAUTH2 PLAIN-CLIENTTOKEN OAUTHBEARER XOAUTH
250-ENHANCEDSTATUSCODES
250-PIPELINING
250-CHUNKING
250 SMTPUTF8

[1] CLIENT -> SERVER: AUTH LOGIN

[2] SERVER -> CLIENT: 334 VXNlcm5hbWU6

[1] CLIENT -> SERVER: [credentials hidden]
[2] SERVER -> CLIENT: 334 UGFzc3dvcmQ6

[1] CLIENT -> SERVER: [credentials hidden]
[2] SERVER -> CLIENT: 235 2.7.0 Accepted

[1] CLIENT -> SERVER: MAIL FROM:<cacorereservation@gmail.com>

[2] SERVER -> CLIENT: 250 2.1.0 OK d9443c01a7336-2364e6fa227sm6058365ad.155 - gsmtp

[1] CLIENT -> SERVER: RCPT TO:<patriciadelossantos105@gmail.com>

[2] SERVER -> CLIENT: 250 2.1.5 OK d9443c01a7336-2364e6fa227sm6058365ad.155 - gsmtp

[1] CLIENT -> SERVER: DATA

[2] SERVER -> CLIENT: 354 Go ahead d9443c01a7336-2364e6fa227sm6058365ad.155 - gsmtp

[1] CLIENT -> SERVER: Date: Thu, 12 Jun 2025 08:17:44 +0200

[1] CLIENT -> SERVER: To: JYP Entertainment <patriciadelossantos105@gmail.com>

[1] CLIENT -> SERVER: From: Financial Management System <cacorereservation@gmail.com>

[1] CLIENT -> SERVER: Subject: Your Account is Ready

[1] CLIENT -> SERVER: Message-ID: <4HNbKesahf07CqmkxDXB4O8r2ysv3PpMlQq38OU3dk@localhost>

[1] CLIENT -> SERVER: X-Mailer: PHPMailer 6.9.3 (https://github.com/PHPMailer/PHPMailer)

[1] CLIENT -> SERVER: MIME-Version: 1.0

[1] CLIENT -> SERVER: Content-Type: multipart/alternative;

[1] CLIENT -> SERVER:  boundary="b1=_4HNbKesahf07CqmkxDXB4O8r2ysv3PpMlQq38OU3dk"

[1] CLIENT -> SERVER: Content-Transfer-Encoding: 8bit

[1] CLIENT -> SERVER: 

[1] CLIENT -> SERVER: --b1=_4HNbKesahf07CqmkxDXB4O8r2ysv3PpMlQq38OU3dk

[1] CLIENT -> SERVER: Content-Type: text/plain; charset=us-ascii

[1] CLIENT -> SERVER: 

[1] CLIENT -> SERVER: Welcome, JYP Entertainment!

[1] CLIENT -> SERVER: 

[1] CLIENT -> SERVER: We are pleased to inform you that your account with the Financial Management System has been successfully created.

[1] CLIENT -> SERVER: 

[1] CLIENT -> SERVER: Your login credentials are:

[1] CLIENT -> SERVER: Email: patriciadelossantos105@gmail.com

[1] CLIENT -> SERVER: Temporary Password: @$*pkvVCXB

[1] CLIENT -> SERVER: 

[1] CLIENT -> SERVER: For your security, please log in to your account at http://localhost/Financial_Management/login_form.php and change your temporary password as soon as possible.

[1] CLIENT -> SERVER: 

[1] CLIENT -> SERVER: If you have any questions or need assistance, please contact our support team at support@yourwebsite.com.

[1] CLIENT -> SERVER: 

[1] CLIENT -> SERVER: Thank you for choosing Financial Management System.

[1] CLIENT -> SERVER: 

[1] CLIENT -> SERVER: Best regards,

[1] CLIENT -> SERVER: The Financial Management System Team

[1] CLIENT -> SERVER: 

[1] CLIENT -> SERVER: --b1=_4HNbKesahf07CqmkxDXB4O8r2ysv3PpMlQq38OU3dk

[1] CLIENT -> SERVER: Content-Type: text/html; charset=us-ascii

[1] CLIENT -> SERVER: 

[1] CLIENT -> SERVER: 

[1] CLIENT -> SERVER:                 <!DOCTYPE html>

[1] CLIENT -> SERVER:                 <html lang='en'>

[1] CLIENT -> SERVER:                 <head>

[1] CLIENT -> SERVER:                     <meta charset='UTF-8'>

[1] CLIENT -> SERVER:                     <title>Welcome to Financial Management System</title>

[1] CLIENT -> SERVER:                 </head>

[1] CLIENT -> SERVER:                 <body style='font-family: Arial, sans-serif; line-height: 1.6; color: #333; max-width: 600px; margin: 0 auto; padding: 20px;'>

[1] CLIENT -> SERVER:                     <div style='background-color: #f5f5f5; padding: 20px; border-radius: 8px;'>

[1] CLIENT -> SERVER:                         <h1 style='color: #2c3e50; font-size: 24px; margin-bottom: 20px;'>Welcome, JYP Entertainment!</h1>

[1] CLIENT -> SERVER:                         <p style='font-size: 16px; margin-bottom: 15px;'>We are pleased to inform you that your account with the Financial Management System has been successfully created.</p>

[1] CLIENT -> SERVER:                         <p style='font-size: 16px; margin-bottom: 15px;'>Below are your login credentials:</p>

[1] CLIENT -> SERVER:                         <ul style='list-style: none; padding: 0; margin-bottom: 20px;'>

[1] CLIENT -> SERVER:                             <li><strong>Email:</strong> patriciadelossantos105@gmail.com</li>

[1] CLIENT -> SERVER:                             <li><strong>Temporary Password:</strong> @$*pkvVCXB</li>

[1] CLIENT -> SERVER:                         </ul>

[1] CLIENT -> SERVER:                         <p style='font-size: 16px; margin-bottom: 15px;'>For your security, please log in to your account and change your temporary password as soon as possible.</p>

[1] CLIENT -> SERVER:                         <p style='text-align: center; margin: 30px 0;'>

[1] CLIENT -> SERVER:                             <a href='https://yourwebsite.com/login' style='background-color: #007bff; color: #ffffff; padding: 10px 20px; text-decoration: none; border-radius: 5px; font-size: 16px;'>Log In to Your Account</a>

[1] CLIENT -> SERVER:                         </p>

[1] CLIENT -> SERVER:                         <p style='font-size: 14px; color: #666; margin-top: 20px;'>If you have any questions or need assistance, please contact our support team at <a href='mailto:support@yourwebsite.com' style='color: #007bff; text-decoration: none;'>support@yourwebsite.com</a>.</p>

[1] CLIENT -> SERVER:                         <p style='font-size: 14px; color: #666;'>Thank you for choosing Financial Management System.</p>

[1] CLIENT -> SERVER:                         <p style='font-size: 14px; color: #666;'>Best regards,<br>The Financial Management System Team</p>

[1] CLIENT -> SERVER:                     </div>

[1] CLIENT -> SERVER:                 </body>

[1] CLIENT -> SERVER:                 </html>

[1] CLIENT -> SERVER:                 

[1] CLIENT -> SERVER: 

[1] CLIENT -> SERVER: 

[1] CLIENT -> SERVER: --b1=_4HNbKesahf07CqmkxDXB4O8r2ysv3PpMlQq38OU3dk--

[1] CLIENT -> SERVER: 

[1] CLIENT -> SERVER: .

[2] SERVER -> CLIENT: 250 2.0.0 OK  1749709069 d9443c01a7336-2364e6fa227sm6058365ad.155 - gsmtp

[1] CLIENT -> SERVER: QUIT

[2] SERVER -> CLIENT: 221 2.0.0 closing connection d9443c01a7336-2364e6fa227sm6058365ad.155 - gsmtp

[2] SERVER -> CLIENT: 220 smtp.gmail.com ESMTP 41be03b00d2f7-b2fd6140120sm623183a12.29 - gsmtp

[1] CLIENT -> SERVER: EHLO localhost

[2] SERVER -> CLIENT: 250-smtp.gmail.com at your service, [149.30.139.188]
250-SIZE 35882577
250-8BITMIME
250-STARTTLS
250-ENHANCEDSTATUSCODES
250-PIPELINING
250-CHUNKING
250 SMTPUTF8

[1] CLIENT -> SERVER: STARTTLS

[2] SERVER -> CLIENT: 220 2.0.0 Ready to start TLS

[1] CLIENT -> SERVER: EHLO localhost

[2] SERVER -> CLIENT: 250-smtp.gmail.com at your service, [149.30.139.188]
250-SIZE 35882577
250-8BITMIME
250-AUTH LOGIN PLAIN XOAUTH2 PLAIN-CLIENTTOKEN OAUTHBEARER XOAUTH
250-ENHANCEDSTATUSCODES
250-PIPELINING
250-CHUNKING
250 SMTPUTF8

[1] CLIENT -> SERVER: AUTH LOGIN

[2] SERVER -> CLIENT: 334 VXNlcm5hbWU6

[1] CLIENT -> SERVER: [credentials hidden]
[2] SERVER -> CLIENT: 334 UGFzc3dvcmQ6

[1] CLIENT -> SERVER: [credentials hidden]
[2] SERVER -> CLIENT: 235 2.7.0 Accepted

[1] CLIENT -> SERVER: MAIL FROM:<cacorereservation@gmail.com>

[2] SERVER -> CLIENT: 250 2.1.0 OK 41be03b00d2f7-b2fd6140120sm623183a12.29 - gsmtp

[1] CLIENT -> SERVER: RCPT TO:<patriciadelossantos105@gmail.com>

[2] SERVER -> CLIENT: 250 2.1.5 OK 41be03b00d2f7-b2fd6140120sm623183a12.29 - gsmtp

[1] CLIENT -> SERVER: DATA

[2] SERVER -> CLIENT: 354 Go ahead 41be03b00d2f7-b2fd6140120sm623183a12.29 - gsmtp

[1] CLIENT -> SERVER: Date: Thu, 12 Jun 2025 08:20:11 +0200

[1] CLIENT -> SERVER: To: JYP Entertainment <patriciadelossantos105@gmail.com>

[1] CLIENT -> SERVER: From: Financial Management System <cacorereservation@gmail.com>

[1] CLIENT -> SERVER: Subject: Your Account is Ready

[1] CLIENT -> SERVER: Message-ID: <fvVhCFW4wvxcieEPGcEtIFdRHGcScVLt9b3SqBGwGKI@localhost>

[1] CLIENT -> SERVER: X-Mailer: PHPMailer 6.9.3 (https://github.com/PHPMailer/PHPMailer)

[1] CLIENT -> SERVER: MIME-Version: 1.0

[1] CLIENT -> SERVER: Content-Type: multipart/alternative;

[1] CLIENT -> SERVER:  boundary="b1=_fvVhCFW4wvxcieEPGcEtIFdRHGcScVLt9b3SqBGwGKI"

[1] CLIENT -> SERVER: Content-Transfer-Encoding: 8bit

[1] CLIENT -> SERVER: 

[1] CLIENT -> SERVER: --b1=_fvVhCFW4wvxcieEPGcEtIFdRHGcScVLt9b3SqBGwGKI

[1] CLIENT -> SERVER: Content-Type: text/plain; charset=us-ascii

[1] CLIENT -> SERVER: 

[1] CLIENT -> SERVER: Welcome, JYP Entertainment!

[1] CLIENT -> SERVER: 

[1] CLIENT -> SERVER: We are pleased to inform you that your account with the Financial Management System has been successfully created.

[1] CLIENT -> SERVER: 

[1] CLIENT -> SERVER: Your login credentials are:

[1] CLIENT -> SERVER: Email: patriciadelossantos105@gmail.com

[1] CLIENT -> SERVER: Temporary Password: nz85)BfNrr

[1] CLIENT -> SERVER: 

[1] CLIENT -> SERVER: For your security, please log in to your account at http://localhost/Financial_Management/login_form.php and change your temporary password as soon as possible.

[1] CLIENT -> SERVER: 

[1] CLIENT -> SERVER: If you have any questions or need assistance, please contact our support team at support@yourwebsite.com.

[1] CLIENT -> SERVER: 

[1] CLIENT -> SERVER: Thank you for choosing Financial Management System.

[1] CLIENT -> SERVER: 

[1] CLIENT -> SERVER: Best regards,

[1] CLIENT -> SERVER: The Financial Management System Team

[1] CLIENT -> SERVER: 

[1] CLIENT -> SERVER: --b1=_fvVhCFW4wvxcieEPGcEtIFdRHGcScVLt9b3SqBGwGKI

[1] CLIENT -> SERVER: Content-Type: text/html; charset=us-ascii

[1] CLIENT -> SERVER: 

[1] CLIENT -> SERVER: 

[1] CLIENT -> SERVER:                 <!DOCTYPE html>

[1] CLIENT -> SERVER:                 <html lang='en'>

[1] CLIENT -> SERVER:                 <head>

[1] CLIENT -> SERVER:                     <meta charset='UTF-8'>

[1] CLIENT -> SERVER:                     <title>Welcome to Financial Management System</title>

[1] CLIENT -> SERVER:                 </head>

[1] CLIENT -> SERVER:                 <body style='font-family: Arial, sans-serif; line-height: 1.6; color: #333; max-width: 600px; margin: 0 auto; padding: 20px;'>

[1] CLIENT -> SERVER:                     <div style='background-color: #f5f5f5; padding: 20px; border-radius: 8px;'>

[1] CLIENT -> SERVER:                         <h1 style='color: #2c3e50; font-size: 24px; margin-bottom: 20px;'>Welcome, JYP Entertainment!</h1>

[1] CLIENT -> SERVER:                         <p style='font-size: 16px; margin-bottom: 15px;'>We are pleased to inform you that your account with the Financial Management System has been successfully created.</p>

[1] CLIENT -> SERVER:                         <p style='font-size: 16px; margin-bottom: 15px;'>Below are your login credentials:</p>

[1] CLIENT -> SERVER:                         <ul style='list-style: none; padding: 0; margin-bottom: 20px;'>

[1] CLIENT -> SERVER:                             <li><strong>Email:</strong> patriciadelossantos105@gmail.com</li>

[1] CLIENT -> SERVER:                             <li><strong>Temporary Password:</strong> nz85)BfNrr</li>

[1] CLIENT -> SERVER:                         </ul>

[1] CLIENT -> SERVER:                         <p style='font-size: 16px; margin-bottom: 15px;'>For your security, please log in to your account and change your temporary password as soon as possible.</p>

[1] CLIENT -> SERVER:                         <p style='text-align: center; margin: 30px 0;'>

[1] CLIENT -> SERVER:                             <a href='https://yourwebsite.com/login' style='background-color: #007bff; color: #ffffff; padding: 10px 20px; text-decoration: none; border-radius: 5px; font-size: 16px;'>Log In to Your Account</a>

[1] CLIENT -> SERVER:                         </p>

[1] CLIENT -> SERVER:                         <p style='font-size: 14px; color: #666; margin-top: 20px;'>If you have any questions or need assistance, please contact our support team at <a href='mailto:support@yourwebsite.com' style='color: #007bff; text-decoration: none;'>support@yourwebsite.com</a>.</p>

[1] CLIENT -> SERVER:                         <p style='font-size: 14px; color: #666;'>Thank you for choosing Financial Management System.</p>

[1] CLIENT -> SERVER:                         <p style='font-size: 14px; color: #666;'>Best regards,<br>The Financial Management System Team</p>

[1] CLIENT -> SERVER:                     </div>

[1] CLIENT -> SERVER:                 </body>

[1] CLIENT -> SERVER:                 </html>

[1] CLIENT -> SERVER:                 

[1] CLIENT -> SERVER: 

[1] CLIENT -> SERVER: 

[1] CLIENT -> SERVER: --b1=_fvVhCFW4wvxcieEPGcEtIFdRHGcScVLt9b3SqBGwGKI--

[1] CLIENT -> SERVER: 

[1] CLIENT -> SERVER: .

[2] SERVER -> CLIENT: 250 2.0.0 OK  1749709217 41be03b00d2f7-b2fd6140120sm623183a12.29 - gsmtp

[1] CLIENT -> SERVER: QUIT

[2] SERVER -> CLIENT: 221 2.0.0 closing connection 41be03b00d2f7-b2fd6140120sm623183a12.29 - gsmtp

[2] SERVER -> CLIENT: 220 smtp.gmail.com ESMTP d2e1a72fcca58-748809d2879sm757105b3a.79 - gsmtp

[1] CLIENT -> SERVER: EHLO localhost

[2] SERVER -> CLIENT: 250-smtp.gmail.com at your service, [149.30.139.188]
250-SIZE 35882577
250-8BITMIME
250-STARTTLS
250-ENHANCEDSTATUSCODES
250-PIPELINING
250-CHUNKING
250 SMTPUTF8

[1] CLIENT -> SERVER: STARTTLS

[2] SERVER -> CLIENT: 220 2.0.0 Ready to start TLS

[1] CLIENT -> SERVER: EHLO localhost

[2] SERVER -> CLIENT: 250-smtp.gmail.com at your service, [149.30.139.188]
250-SIZE 35882577
250-8BITMIME
250-AUTH LOGIN PLAIN XOAUTH2 PLAIN-CLIENTTOKEN OAUTHBEARER XOAUTH
250-ENHANCEDSTATUSCODES
250-PIPELINING
250-CHUNKING
250 SMTPUTF8

[1] CLIENT -> SERVER: AUTH LOGIN

[2] SERVER -> CLIENT: 334 VXNlcm5hbWU6

[1] CLIENT -> SERVER: [credentials hidden]
[2] SERVER -> CLIENT: 334 UGFzc3dvcmQ6

[1] CLIENT -> SERVER: [credentials hidden]
[2] SERVER -> CLIENT: 235 2.7.0 Accepted

[1] CLIENT -> SERVER: MAIL FROM:<cacorereservation@gmail.com>

[2] SERVER -> CLIENT: 250 2.1.0 OK d2e1a72fcca58-748809d2879sm757105b3a.79 - gsmtp

[1] CLIENT -> SERVER: RCPT TO:<patriciadelossantos105@gmail.com>

[2] SERVER -> CLIENT: 250 2.1.5 OK d2e1a72fcca58-748809d2879sm757105b3a.79 - gsmtp

[1] CLIENT -> SERVER: DATA

[2] SERVER -> CLIENT: 354 Go ahead d2e1a72fcca58-748809d2879sm757105b3a.79 - gsmtp

[1] CLIENT -> SERVER: Date: Thu, 12 Jun 2025 09:25:52 +0200

[1] CLIENT -> SERVER: To: JYP Entertainment <patriciadelossantos105@gmail.com>

[1] CLIENT -> SERVER: From: Financial Management System <cacorereservation@gmail.com>

[1] CLIENT -> SERVER: Subject: Your Account is Ready

[1] CLIENT -> SERVER: Message-ID: <OFnMZSl8PM9CqAjQUuqKYvK270jScbcJcdc2DjM0k@localhost>

[1] CLIENT -> SERVER: X-Mailer: PHPMailer 6.9.3 (https://github.com/PHPMailer/PHPMailer)

[1] CLIENT -> SERVER: MIME-Version: 1.0

[1] CLIENT -> SERVER: Content-Type: multipart/alternative;

[1] CLIENT -> SERVER:  boundary="b1=_OFnMZSl8PM9CqAjQUuqKYvK270jScbcJcdc2DjM0k"

[1] CLIENT -> SERVER: Content-Transfer-Encoding: 8bit

[1] CLIENT -> SERVER: 

[1] CLIENT -> SERVER: --b1=_OFnMZSl8PM9CqAjQUuqKYvK270jScbcJcdc2DjM0k

[1] CLIENT -> SERVER: Content-Type: text/plain; charset=us-ascii

[1] CLIENT -> SERVER: 

[1] CLIENT -> SERVER: Welcome, JYP Entertainment!

[1] CLIENT -> SERVER: 

[1] CLIENT -> SERVER: We are pleased to inform you that your account with the Financial Management System has been successfully created.

[1] CLIENT -> SERVER: 

[1] CLIENT -> SERVER: Your login credentials are:

[1] CLIENT -> SERVER: Email: patriciadelossantos105@gmail.com

[1] CLIENT -> SERVER: Temporary Password: fMVtkv12bU

[1] CLIENT -> SERVER: 

[1] CLIENT -> SERVER: For your security, please log in to your account at http://localhost/Financial_Management/login_form.php and change your temporary password as soon as possible.

[1] CLIENT -> SERVER: 

[1] CLIENT -> SERVER: If you have any questions or need assistance, please contact our support team at support@yourwebsite.com.

[1] CLIENT -> SERVER: 

[1] CLIENT -> SERVER: Thank you for choosing Financial Management System.

[1] CLIENT -> SERVER: 

[1] CLIENT -> SERVER: Best regards,

[1] CLIENT -> SERVER: The Financial Management System Team

[1] CLIENT -> SERVER: 

[1] CLIENT -> SERVER: --b1=_OFnMZSl8PM9CqAjQUuqKYvK270jScbcJcdc2DjM0k

[1] CLIENT -> SERVER: Content-Type: text/html; charset=us-ascii

[1] CLIENT -> SERVER: 

[1] CLIENT -> SERVER: 

[1] CLIENT -> SERVER:                 <!DOCTYPE html>

[1] CLIENT -> SERVER:                 <html lang='en'>

[1] CLIENT -> SERVER:                 <head>

[1] CLIENT -> SERVER:                     <meta charset='UTF-8'>

[1] CLIENT -> SERVER:                     <title>Welcome to Financial Management System</title>

[1] CLIENT -> SERVER:                 </head>

[1] CLIENT -> SERVER:                 <body style='font-family: Arial, sans-serif; line-height: 1.6; color: #333; max-width: 600px; margin: 0 auto; padding: 20px;'>

[1] CLIENT -> SERVER:                     <div style='background-color: #f5f5f5; padding: 20px; border-radius: 8px;'>

[1] CLIENT -> SERVER:                         <h1 style='color: #2c3e50; font-size: 24px; margin-bottom: 20px;'>Welcome, JYP Entertainment!</h1>

[1] CLIENT -> SERVER:                         <p style='font-size: 16px; margin-bottom: 15px;'>We are pleased to inform you that your account with the Financial Management System has been successfully created.</p>

[1] CLIENT -> SERVER:                         <p style='font-size: 16px; margin-bottom: 15px;'>Below are your login credentials:</p>

[1] CLIENT -> SERVER:                         <ul style='list-style: none; padding: 0; margin-bottom: 20px;'>

[1] CLIENT -> SERVER:                             <li><strong>Email:</strong> patriciadelossantos105@gmail.com</li>

[1] CLIENT -> SERVER:                             <li><strong>Temporary Password:</strong> fMVtkv12bU</li>

[1] CLIENT -> SERVER:                         </ul>

[1] CLIENT -> SERVER:                         <p style='font-size: 16px; margin-bottom: 15px;'>For your security, please log in to your account and change your temporary password as soon as possible.</p>

[1] CLIENT -> SERVER:                         <p style='text-align: center; margin: 30px 0;'>

[1] CLIENT -> SERVER:                             <a href='https://yourwebsite.com/login' style='background-color: #007bff; color: #ffffff; padding: 10px 20px; text-decoration: none; border-radius: 5px; font-size: 16px;'>Log In to Your Account</a>

[1] CLIENT -> SERVER:                         </p>

[1] CLIENT -> SERVER:                         <p style='font-size: 14px; color: #666; margin-top: 20px;'>If you have any questions or need assistance, please contact our support team at <a href='mailto:support@yourwebsite.com' style='color: #007bff; text-decoration: none;'>support@yourwebsite.com</a>.</p>

[1] CLIENT -> SERVER:                         <p style='font-size: 14px; color: #666;'>Thank you for choosing Financial Management System.</p>

[1] CLIENT -> SERVER:                         <p style='font-size: 14px; color: #666;'>Best regards,<br>The Financial Management System Team</p>

[1] CLIENT -> SERVER:                     </div>

[1] CLIENT -> SERVER:                 </body>

[1] CLIENT -> SERVER:                 </html>

[1] CLIENT -> SERVER:                 

[1] CLIENT -> SERVER: 

[1] CLIENT -> SERVER: 

[1] CLIENT -> SERVER: --b1=_OFnMZSl8PM9CqAjQUuqKYvK270jScbcJcdc2DjM0k--

[1] CLIENT -> SERVER: 

[1] CLIENT -> SERVER: .

[2] SERVER -> CLIENT: 250 2.0.0 OK  1749713158 d2e1a72fcca58-748809d2879sm757105b3a.79 - gsmtp

[1] CLIENT -> SERVER: QUIT

[2] SERVER -> CLIENT: 221 2.0.0 closing connection d2e1a72fcca58-748809d2879sm757105b3a.79 - gsmtp

[2] SERVER -> CLIENT: 220 smtp.gmail.com ESMTP d2e1a72fcca58-748809d63a3sm936846b3a.75 - gsmtp

[1] CLIENT -> SERVER: EHLO localhost

[2] SERVER -> CLIENT: 250-smtp.gmail.com at your service, [149.30.139.188]
250-SIZE 35882577
250-8BITMIME
250-STARTTLS
250-ENHANCEDSTATUSCODES
250-PIPELINING
250-CHUNKING
250 SMTPUTF8

[1] CLIENT -> SERVER: STARTTLS

[2] SERVER -> CLIENT: 220 2.0.0 Ready to start TLS

[1] CLIENT -> SERVER: EHLO localhost

[2] SERVER -> CLIENT: 250-smtp.gmail.com at your service, [149.30.139.188]
250-SIZE 35882577
250-8BITMIME
250-AUTH LOGIN PLAIN XOAUTH2 PLAIN-CLIENTTOKEN OAUTHBEARER XOAUTH
250-ENHANCEDSTATUSCODES
250-PIPELINING
250-CHUNKING
250 SMTPUTF8

[1] CLIENT -> SERVER: AUTH LOGIN

[2] SERVER -> CLIENT: 334 VXNlcm5hbWU6

[1] CLIENT -> SERVER: [credentials hidden]
[2] SERVER -> CLIENT: 334 UGFzc3dvcmQ6

[1] CLIENT -> SERVER: [credentials hidden]
[2] SERVER -> CLIENT: 235 2.7.0 Accepted

[1] CLIENT -> SERVER: MAIL FROM:<cacorereservation@gmail.com>

[2] SERVER -> CLIENT: 250 2.1.0 OK d2e1a72fcca58-748809d63a3sm936846b3a.75 - gsmtp

[1] CLIENT -> SERVER: RCPT TO:<patriciadelossantos105@gmail.com>

[2] SERVER -> CLIENT: 250 2.1.5 OK d2e1a72fcca58-748809d63a3sm936846b3a.75 - gsmtp

[1] CLIENT -> SERVER: DATA

[2] SERVER -> CLIENT: 354 Go ahead d2e1a72fcca58-748809d63a3sm936846b3a.75 - gsmtp

[1] CLIENT -> SERVER: Date: Thu, 12 Jun 2025 11:06:46 +0200

[1] CLIENT -> SERVER: To: JYP Entertainment <patriciadelossantos105@gmail.com>

[1] CLIENT -> SERVER: From: Financial Management System <cacorereservation@gmail.com>

[1] CLIENT -> SERVER: Subject: Your Account is Ready

[1] CLIENT -> SERVER: Message-ID: <bOPVOr8hvYKOZrx2lqacB6mxUopSkEMQ4k1NHgIWc@localhost>

[1] CLIENT -> SERVER: X-Mailer: PHPMailer 6.9.3 (https://github.com/PHPMailer/PHPMailer)

[1] CLIENT -> SERVER: MIME-Version: 1.0

[1] CLIENT -> SERVER: Content-Type: multipart/alternative;

[1] CLIENT -> SERVER:  boundary="b1=_bOPVOr8hvYKOZrx2lqacB6mxUopSkEMQ4k1NHgIWc"

[1] CLIENT -> SERVER: Content-Transfer-Encoding: 8bit

[1] CLIENT -> SERVER: 

[1] CLIENT -> SERVER: --b1=_bOPVOr8hvYKOZrx2lqacB6mxUopSkEMQ4k1NHgIWc

[1] CLIENT -> SERVER: Content-Type: text/plain; charset=us-ascii

[1] CLIENT -> SERVER: 

[1] CLIENT -> SERVER: Welcome, JYP Entertainment!

[1] CLIENT -> SERVER: 

[1] CLIENT -> SERVER: We are pleased to inform you that your account with the Financial Management System has been successfully created.

[1] CLIENT -> SERVER: 

[1] CLIENT -> SERVER: Your login credentials are:

[1] CLIENT -> SERVER: Email: patriciadelossantos105@gmail.com

[1] CLIENT -> SERVER: Temporary Password: _lBF)R!Dig

[1] CLIENT -> SERVER: 

[1] CLIENT -> SERVER: For your security, please log in to your account at http://localhost/Financial_Management/login_form.php and change your temporary password as soon as possible.

[1] CLIENT -> SERVER: 

[1] CLIENT -> SERVER: If you have any questions or need assistance, please contact our support team at support@yourwebsite.com.

[1] CLIENT -> SERVER: 

[1] CLIENT -> SERVER: Thank you for choosing Financial Management System.

[1] CLIENT -> SERVER: 

[1] CLIENT -> SERVER: Best regards,

[1] CLIENT -> SERVER: The Financial Management System Team

[1] CLIENT -> SERVER: 

[1] CLIENT -> SERVER: --b1=_bOPVOr8hvYKOZrx2lqacB6mxUopSkEMQ4k1NHgIWc

[1] CLIENT -> SERVER: Content-Type: text/html; charset=us-ascii

[1] CLIENT -> SERVER: 

[1] CLIENT -> SERVER: 

[1] CLIENT -> SERVER:                 <!DOCTYPE html>

[1] CLIENT -> SERVER:                 <html lang='en'>

[1] CLIENT -> SERVER:                 <head>

[1] CLIENT -> SERVER:                     <meta charset='UTF-8'>

[1] CLIENT -> SERVER:                     <title>Welcome to Financial Management System</title>

[1] CLIENT -> SERVER:                 </head>

[1] CLIENT -> SERVER:                 <body style='font-family: Arial, sans-serif; line-height: 1.6; color: #333; max-width: 600px; margin: 0 auto; padding: 20px;'>

[1] CLIENT -> SERVER:                     <div style='background-color: #f5f5f5; padding: 20px; border-radius: 8px;'>

[1] CLIENT -> SERVER:                         <h1 style='color: #2c3e50; font-size: 24px; margin-bottom: 20px;'>Welcome, JYP Entertainment!</h1>

[1] CLIENT -> SERVER:                         <p style='font-size: 16px; margin-bottom: 15px;'>We are pleased to inform you that your account with the Financial Management System has been successfully created.</p>

[1] CLIENT -> SERVER:                         <p style='font-size: 16px; margin-bottom: 15px;'>Below are your login credentials:</p>

[1] CLIENT -> SERVER:                         <ul style='list-style: none; padding: 0; margin-bottom: 20px;'>

[1] CLIENT -> SERVER:                             <li><strong>Email:</strong> patriciadelossantos105@gmail.com</li>

[1] CLIENT -> SERVER:                             <li><strong>Temporary Password:</strong> _lBF)R!Dig</li>

[1] CLIENT -> SERVER:                         </ul>

[1] CLIENT -> SERVER:                         <p style='font-size: 16px; margin-bottom: 15px;'>For your security, please log in to your account and change your temporary password as soon as possible.</p>

[1] CLIENT -> SERVER:                         <p style='text-align: center; margin: 30px 0;'>

[1] CLIENT -> SERVER:                             <a href='https://yourwebsite.com/login' style='background-color: #007bff; color: #ffffff; padding: 10px 20px; text-decoration: none; border-radius: 5px; font-size: 16px;'>Log In to Your Account</a>

[1] CLIENT -> SERVER:                         </p>

[1] CLIENT -> SERVER:                         <p style='font-size: 14px; color: #666; margin-top: 20px;'>If you have any questions or need assistance, please contact our support team at <a href='mailto:support@yourwebsite.com' style='color: #007bff; text-decoration: none;'>support@yourwebsite.com</a>.</p>

[1] CLIENT -> SERVER:                         <p style='font-size: 14px; color: #666;'>Thank you for choosing Financial Management System.</p>

[1] CLIENT -> SERVER:                         <p style='font-size: 14px; color: #666;'>Best regards,<br>The Financial Management System Team</p>

[1] CLIENT -> SERVER:                     </div>

[1] CLIENT -> SERVER:                 </body>

[1] CLIENT -> SERVER:                 </html>

[1] CLIENT -> SERVER:                 

[1] CLIENT -> SERVER: 

[1] CLIENT -> SERVER: 

[1] CLIENT -> SERVER: --b1=_bOPVOr8hvYKOZrx2lqacB6mxUopSkEMQ4k1NHgIWc--

[1] CLIENT -> SERVER: 

[1] CLIENT -> SERVER: .

[2] SERVER -> CLIENT: 250 2.0.0 OK  1749719212 d2e1a72fcca58-748809d63a3sm936846b3a.75 - gsmtp

[1] CLIENT -> SERVER: QUIT

[2] SERVER -> CLIENT: 221 2.0.0 closing connection d2e1a72fcca58-748809d63a3sm936846b3a.75 - gsmtp

[2] SERVER -> CLIENT: 220 smtp.gmail.com ESMTP d9443c01a7336-2364e6d9c86sm9266425ad.101 - gsmtp

[1] CLIENT -> SERVER: EHLO localhost

[2] SERVER -> CLIENT: 250-smtp.gmail.com at your service, [149.30.139.188]
250-SIZE 35882577
250-8BITMIME
250-STARTTLS
250-ENHANCEDSTATUSCODES
250-PIPELINING
250-CHUNKING
250 SMTPUTF8

[1] CLIENT -> SERVER: STARTTLS

[2] SERVER -> CLIENT: 220 2.0.0 Ready to start TLS

[1] CLIENT -> SERVER: EHLO localhost

[2] SERVER -> CLIENT: 250-smtp.gmail.com at your service, [149.30.139.188]
250-SIZE 35882577
250-8BITMIME
250-AUTH LOGIN PLAIN XOAUTH2 PLAIN-CLIENTTOKEN OAUTHBEARER XOAUTH
250-ENHANCEDSTATUSCODES
250-PIPELINING
250-CHUNKING
250 SMTPUTF8

[1] CLIENT -> SERVER: AUTH LOGIN

[2] SERVER -> CLIENT: 334 VXNlcm5hbWU6

[1] CLIENT -> SERVER: [credentials hidden]
[2] SERVER -> CLIENT: 334 UGFzc3dvcmQ6

[1] CLIENT -> SERVER: [credentials hidden]
[2] SERVER -> CLIENT: 235 2.7.0 Accepted

[1] CLIENT -> SERVER: MAIL FROM:<cacorereservation@gmail.com>

[2] SERVER -> CLIENT: 250 2.1.0 OK d9443c01a7336-2364e6d9c86sm9266425ad.101 - gsmtp

[1] CLIENT -> SERVER: RCPT TO:<patriciadelossantos105@gmail.com>

[2] SERVER -> CLIENT: 250 2.1.5 OK d9443c01a7336-2364e6d9c86sm9266425ad.101 - gsmtp

[1] CLIENT -> SERVER: DATA

[2] SERVER -> CLIENT: 354 Go ahead d9443c01a7336-2364e6d9c86sm9266425ad.101 - gsmtp

[1] CLIENT -> SERVER: Date: Thu, 12 Jun 2025 11:14:27 +0200

[1] CLIENT -> SERVER: To: JYP Entertainment <patriciadelossantos105@gmail.com>

[1] CLIENT -> SERVER: From: Financial Management System <cacorereservation@gmail.com>

[1] CLIENT -> SERVER: Subject: Your Account is Ready

[1] CLIENT -> SERVER: Message-ID: <FppBdzTihcIeecQt8MVsMDCzMuQs1LCNgCUSNtOj8Q@localhost>

[1] CLIENT -> SERVER: X-Mailer: PHPMailer 6.9.3 (https://github.com/PHPMailer/PHPMailer)

[1] CLIENT -> SERVER: MIME-Version: 1.0

[1] CLIENT -> SERVER: Content-Type: multipart/alternative;

[1] CLIENT -> SERVER:  boundary="b1=_FppBdzTihcIeecQt8MVsMDCzMuQs1LCNgCUSNtOj8Q"

[1] CLIENT -> SERVER: Content-Transfer-Encoding: 8bit

[1] CLIENT -> SERVER: 

[1] CLIENT -> SERVER: --b1=_FppBdzTihcIeecQt8MVsMDCzMuQs1LCNgCUSNtOj8Q

[1] CLIENT -> SERVER: Content-Type: text/plain; charset=us-ascii

[1] CLIENT -> SERVER: 

[1] CLIENT -> SERVER: Welcome, JYP Entertainment!

[1] CLIENT -> SERVER: 

[1] CLIENT -> SERVER: We are pleased to inform you that your account with the Financial Management System has been successfully created.

[1] CLIENT -> SERVER: 

[1] CLIENT -> SERVER: Your login credentials are:

[1] CLIENT -> SERVER: Email: patriciadelossantos105@gmail.com

[1] CLIENT -> SERVER: Temporary Password: h$KtD7In8!

[1] CLIENT -> SERVER: 

[1] CLIENT -> SERVER: For your security, please log in to your account at http://localhost/Financial_Management/login_form.php and change your temporary password as soon as possible.

[1] CLIENT -> SERVER: 

[1] CLIENT -> SERVER: If you have any questions or need assistance, please contact our support team at support@yourwebsite.com.

[1] CLIENT -> SERVER: 

[1] CLIENT -> SERVER: Thank you for choosing Financial Management System.

[1] CLIENT -> SERVER: 

[1] CLIENT -> SERVER: Best regards,

[1] CLIENT -> SERVER: The Financial Management System Team

[1] CLIENT -> SERVER: 

[1] CLIENT -> SERVER: --b1=_FppBdzTihcIeecQt8MVsMDCzMuQs1LCNgCUSNtOj8Q

[1] CLIENT -> SERVER: Content-Type: text/html; charset=us-ascii

[1] CLIENT -> SERVER: 

[1] CLIENT -> SERVER: 

[1] CLIENT -> SERVER:                 <!DOCTYPE html>

[1] CLIENT -> SERVER:                 <html lang='en'>

[1] CLIENT -> SERVER:                 <head>

[1] CLIENT -> SERVER:                     <meta charset='UTF-8'>

[1] CLIENT -> SERVER:                     <title>Welcome to Financial Management System</title>

[1] CLIENT -> SERVER:                 </head>

[1] CLIENT -> SERVER:                 <body style='font-family: Arial, sans-serif; line-height: 1.6; color: #333; max-width: 600px; margin: 0 auto; padding: 20px;'>

[1] CLIENT -> SERVER:                     <div style='background-color: #f5f5f5; padding: 20px; border-radius: 8px;'>

[1] CLIENT -> SERVER:                         <h1 style='color: #2c3e50; font-size: 24px; margin-bottom: 20px;'>Welcome, JYP Entertainment!</h1>

[1] CLIENT -> SERVER:                         <p style='font-size: 16px; margin-bottom: 15px;'>We are pleased to inform you that your account with the Financial Management System has been successfully created.</p>

[1] CLIENT -> SERVER:                         <p style='font-size: 16px; margin-bottom: 15px;'>Below are your login credentials:</p>

[1] CLIENT -> SERVER:                         <ul style='list-style: none; padding: 0; margin-bottom: 20px;'>

[1] CLIENT -> SERVER:                             <li><strong>Email:</strong> patriciadelossantos105@gmail.com</li>

[1] CLIENT -> SERVER:                             <li><strong>Temporary Password:</strong> h$KtD7In8!</li>

[1] CLIENT -> SERVER:                         </ul>

[1] CLIENT -> SERVER:                         <p style='font-size: 16px; margin-bottom: 15px;'>For your security, please log in to your account and change your temporary password as soon as possible.</p>

[1] CLIENT -> SERVER:                         <p style='text-align: center; margin: 30px 0;'>

[1] CLIENT -> SERVER:                             <a href='https://yourwebsite.com/login' style='background-color: #007bff; color: #ffffff; padding: 10px 20px; text-decoration: none; border-radius: 5px; font-size: 16px;'>Log In to Your Account</a>

[1] CLIENT -> SERVER:                         </p>

[1] CLIENT -> SERVER:                         <p style='font-size: 14px; color: #666; margin-top: 20px;'>If you have any questions or need assistance, please contact our support team at <a href='mailto:support@yourwebsite.com' style='color: #007bff; text-decoration: none;'>support@yourwebsite.com</a>.</p>

[1] CLIENT -> SERVER:                         <p style='font-size: 14px; color: #666;'>Thank you for choosing Financial Management System.</p>

[1] CLIENT -> SERVER:                         <p style='font-size: 14px; color: #666;'>Best regards,<br>The Financial Management System Team</p>

[1] CLIENT -> SERVER:                     </div>

[1] CLIENT -> SERVER:                 </body>

[1] CLIENT -> SERVER:                 </html>

[1] CLIENT -> SERVER:                 

[1] CLIENT -> SERVER: 

[1] CLIENT -> SERVER: 

[1] CLIENT -> SERVER: --b1=_FppBdzTihcIeecQt8MVsMDCzMuQs1LCNgCUSNtOj8Q--

[1] CLIENT -> SERVER: 

[1] CLIENT -> SERVER: .

[2] SERVER -> CLIENT: 250 2.0.0 OK  1749719672 d9443c01a7336-2364e6d9c86sm9266425ad.101 - gsmtp

[1] CLIENT -> SERVER: QUIT

[2] SERVER -> CLIENT: 221 2.0.0 closing connection d9443c01a7336-2364e6d9c86sm9266425ad.101 - gsmtp

[2] SERVER -> CLIENT: 220 smtp.gmail.com ESMTP d2e1a72fcca58-7488fef4ca9sm7046395b3a.0 - gsmtp

[1] CLIENT -> SERVER: EHLO localhost

[2] SERVER -> CLIENT: 250-smtp.gmail.com at your service, [149.30.139.188]
250-SIZE 35882577
250-8BITMIME
250-STARTTLS
250-ENHANCEDSTATUSCODES
250-PIPELINING
250-CHUNKING
250 SMTPUTF8

[1] CLIENT -> SERVER: STARTTLS

[2] SERVER -> CLIENT: 220 2.0.0 Ready to start TLS

[1] CLIENT -> SERVER: EHLO localhost

[2] SERVER -> CLIENT: 250-smtp.gmail.com at your service, [149.30.139.188]
250-SIZE 35882577
250-8BITMIME
250-AUTH LOGIN PLAIN XOAUTH2 PLAIN-CLIENTTOKEN OAUTHBEARER XOAUTH
250-ENHANCEDSTATUSCODES
250-PIPELINING
250-CHUNKING
250 SMTPUTF8

[1] CLIENT -> SERVER: AUTH LOGIN

[2] SERVER -> CLIENT: 334 VXNlcm5hbWU6

[1] CLIENT -> SERVER: [credentials hidden]
[2] SERVER -> CLIENT: 334 UGFzc3dvcmQ6

[1] CLIENT -> SERVER: [credentials hidden]
[2] SERVER -> CLIENT: 235 2.7.0 Accepted

[1] CLIENT -> SERVER: MAIL FROM:<cacorereservation@gmail.com>

[2] SERVER -> CLIENT: 250 2.1.0 OK d2e1a72fcca58-7488fef4ca9sm7046395b3a.0 - gsmtp

[1] CLIENT -> SERVER: RCPT TO:<pfdelos_santos@gmail.com>

[2] SERVER -> CLIENT: 250 2.1.5 OK d2e1a72fcca58-7488fef4ca9sm7046395b3a.0 - gsmtp

[1] CLIENT -> SERVER: DATA

[2] SERVER -> CLIENT: 354 Go ahead d2e1a72fcca58-7488fef4ca9sm7046395b3a.0 - gsmtp

[1] CLIENT -> SERVER: Date: Mon, 16 Jun 2025 18:23:26 +0200

[1] CLIENT -> SERVER: To: Prifood Corporation <pfdelos_santos@gmail.com>

[1] CLIENT -> SERVER: From: Financial Management System <cacorereservation@gmail.com>

[1] CLIENT -> SERVER: Subject: Your Account is Ready

[1] CLIENT -> SERVER: Message-ID: <HqKRzKzomRCoSHPeNiGg3aXfHwOG5JCbheUsntF3ik8@localhost>

[1] CLIENT -> SERVER: X-Mailer: PHPMailer 6.9.3 (https://github.com/PHPMailer/PHPMailer)

[1] CLIENT -> SERVER: MIME-Version: 1.0

[1] CLIENT -> SERVER: Content-Type: multipart/alternative;

[1] CLIENT -> SERVER:  boundary="b1=_HqKRzKzomRCoSHPeNiGg3aXfHwOG5JCbheUsntF3ik8"

[1] CLIENT -> SERVER: Content-Transfer-Encoding: 8bit

[1] CLIENT -> SERVER: 

[1] CLIENT -> SERVER: --b1=_HqKRzKzomRCoSHPeNiGg3aXfHwOG5JCbheUsntF3ik8

[1] CLIENT -> SERVER: Content-Type: text/plain; charset=us-ascii

[1] CLIENT -> SERVER: 

[1] CLIENT -> SERVER: Welcome, Prifood Corporation!

[1] CLIENT -> SERVER: 

[1] CLIENT -> SERVER: We are pleased to inform you that your account with the Financial Management System has been successfully created.

[1] CLIENT -> SERVER: 

[1] CLIENT -> SERVER: Your login credentials are:

[1] CLIENT -> SERVER: Email: pfdelos_santos@gmail.com

[1] CLIENT -> SERVER: Temporary Password: najqr^BB71

[1] CLIENT -> SERVER: 

[1] CLIENT -> SERVER: For your security, please log in to your account at http://localhost/Financial_Management/login_form.php and change your temporary password as soon as possible.

[1] CLIENT -> SERVER: 

[1] CLIENT -> SERVER: If you have any questions or need assistance, please contact our support team at support@yourwebsite.com.

[1] CLIENT -> SERVER: 

[1] CLIENT -> SERVER: Thank you for choosing Financial Management System.

[1] CLIENT -> SERVER: 

[1] CLIENT -> SERVER: Best regards,

[1] CLIENT -> SERVER: The Financial Management System Team

[1] CLIENT -> SERVER: 

[1] CLIENT -> SERVER: --b1=_HqKRzKzomRCoSHPeNiGg3aXfHwOG5JCbheUsntF3ik8

[1] CLIENT -> SERVER: Content-Type: text/html; charset=us-ascii

[1] CLIENT -> SERVER: 

[1] CLIENT -> SERVER: 

[1] CLIENT -> SERVER:                 <!DOCTYPE html>

[1] CLIENT -> SERVER:                 <html lang='en'>

[1] CLIENT -> SERVER:                 <head>

[1] CLIENT -> SERVER:                     <meta charset='UTF-8'>

[1] CLIENT -> SERVER:                     <title>Welcome to Financial Management System</title>

[1] CLIENT -> SERVER:                 </head>

[1] CLIENT -> SERVER:                 <body style='font-family: Arial, sans-serif; line-height: 1.6; color: #333; max-width: 600px; margin: 0 auto; padding: 20px;'>

[1] CLIENT -> SERVER:                     <div style='background-color: #f5f5f5; padding: 20px; border-radius: 8px;'>

[1] CLIENT -> SERVER:                         <h1 style='color: #2c3e50; font-size: 24px; margin-bottom: 20px;'>Welcome, Prifood Corporation!</h1>

[1] CLIENT -> SERVER:                         <p style='font-size: 16px; margin-bottom: 15px;'>We are pleased to inform you that your account with the Financial Management System has been successfully created.</p>

[1] CLIENT -> SERVER:                         <p style='font-size: 16px; margin-bottom: 15px;'>Below are your login credentials:</p>

[1] CLIENT -> SERVER:                         <ul style='list-style: none; padding: 0; margin-bottom: 20px;'>

[1] CLIENT -> SERVER:                             <li><strong>Email:</strong> pfdelos_santos@gmail.com</li>

[1] CLIENT -> SERVER:                             <li><strong>Temporary Password:</strong> najqr^BB71</li>

[1] CLIENT -> SERVER:                         </ul>

[1] CLIENT -> SERVER:                         <p style='font-size: 16px; margin-bottom: 15px;'>For your security, please log in to your account and change your temporary password as soon as possible.</p>

[1] CLIENT -> SERVER:                         <p style='text-align: center; margin: 30px 0;'>

[1] CLIENT -> SERVER:                             <a href='https://yourwebsite.com/login' style='background-color: #007bff; color: #ffffff; padding: 10px 20px; text-decoration: none; border-radius: 5px; font-size: 16px;'>Log In to Your Account</a>

[1] CLIENT -> SERVER:                         </p>

[1] CLIENT -> SERVER:                         <p style='font-size: 14px; color: #666; margin-top: 20px;'>If you have any questions or need assistance, please contact our support team at <a href='mailto:support@yourwebsite.com' style='color: #007bff; text-decoration: none;'>support@yourwebsite.com</a>.</p>

[1] CLIENT -> SERVER:                         <p style='font-size: 14px; color: #666;'>Thank you for choosing Financial Management System.</p>

[1] CLIENT -> SERVER:                         <p style='font-size: 14px; color: #666;'>Best regards,<br>The Financial Management System Team</p>

[1] CLIENT -> SERVER:                     </div>

[1] CLIENT -> SERVER:                 </body>

[1] CLIENT -> SERVER:                 </html>

[1] CLIENT -> SERVER:                 

[1] CLIENT -> SERVER: 

[1] CLIENT -> SERVER: 

[1] CLIENT -> SERVER: --b1=_HqKRzKzomRCoSHPeNiGg3aXfHwOG5JCbheUsntF3ik8--

[1] CLIENT -> SERVER: 

[1] CLIENT -> SERVER: .

[2] SERVER -> CLIENT: 250 2.0.0 OK  1750091010 d2e1a72fcca58-7488fef4ca9sm7046395b3a.0 - gsmtp

[1] CLIENT -> SERVER: QUIT

[2] SERVER -> CLIENT: 221 2.0.0 closing connection d2e1a72fcca58-7488fef4ca9sm7046395b3a.0 - gsmtp

[2] SERVER -> CLIENT: 220 smtp.gmail.com ESMTP d9443c01a7336-2365d8a19d7sm63293195ad.83 - gsmtp

[1] CLIENT -> SERVER: EHLO localhost

[2] SERVER -> CLIENT: 250-smtp.gmail.com at your service, [149.30.139.188]
250-SIZE 35882577
250-8BITMIME
250-STARTTLS
250-ENHANCEDSTATUSCODES
250-PIPELINING
250-CHUNKING
250 SMTPUTF8

[1] CLIENT -> SERVER: STARTTLS

[2] SERVER -> CLIENT: 220 2.0.0 Ready to start TLS

[1] CLIENT -> SERVER: EHLO localhost

[2] SERVER -> CLIENT: 250-smtp.gmail.com at your service, [149.30.139.188]
250-SIZE 35882577
250-8BITMIME
250-AUTH LOGIN PLAIN XOAUTH2 PLAIN-CLIENTTOKEN OAUTHBEARER XOAUTH
250-ENHANCEDSTATUSCODES
250-PIPELINING
250-CHUNKING
250 SMTPUTF8

[1] CLIENT -> SERVER: AUTH LOGIN

[2] SERVER -> CLIENT: 334 VXNlcm5hbWU6

[1] CLIENT -> SERVER: [credentials hidden]
[2] SERVER -> CLIENT: 334 UGFzc3dvcmQ6

[1] CLIENT -> SERVER: [credentials hidden]
[2] SERVER -> CLIENT: 235 2.7.0 Accepted

[1] CLIENT -> SERVER: MAIL FROM:<cacorereservation@gmail.com>

[2] SERVER -> CLIENT: 250 2.1.0 OK d9443c01a7336-2365d8a19d7sm63293195ad.83 - gsmtp

[1] CLIENT -> SERVER: RCPT TO:<pattyyydls@gmail.com>

[2] SERVER -> CLIENT: 250 2.1.5 OK d9443c01a7336-2365d8a19d7sm63293195ad.83 - gsmtp

[1] CLIENT -> SERVER: DATA

[2] SERVER -> CLIENT: 354 Go ahead d9443c01a7336-2365d8a19d7sm63293195ad.83 - gsmtp

[1] CLIENT -> SERVER: Date: Mon, 16 Jun 2025 18:24:56 +0200

[1] CLIENT -> SERVER: To: Prifood Corporation <pattyyydls@gmail.com>

[1] CLIENT -> SERVER: From: Financial Management System <cacorereservation@gmail.com>

[1] CLIENT -> SERVER: Subject: Your Account is Ready

[1] CLIENT -> SERVER: Message-ID: <x3polPB86jDewKDe7o9wduFgumRipLrtTFOYLLdTM@localhost>

[1] CLIENT -> SERVER: X-Mailer: PHPMailer 6.9.3 (https://github.com/PHPMailer/PHPMailer)

[1] CLIENT -> SERVER: MIME-Version: 1.0

[1] CLIENT -> SERVER: Content-Type: multipart/alternative;

[1] CLIENT -> SERVER:  boundary="b1=_x3polPB86jDewKDe7o9wduFgumRipLrtTFOYLLdTM"

[1] CLIENT -> SERVER: Content-Transfer-Encoding: 8bit

[1] CLIENT -> SERVER: 

[1] CLIENT -> SERVER: --b1=_x3polPB86jDewKDe7o9wduFgumRipLrtTFOYLLdTM

[1] CLIENT -> SERVER: Content-Type: text/plain; charset=us-ascii

[1] CLIENT -> SERVER: 

[1] CLIENT -> SERVER: Welcome, Prifood Corporation!

[1] CLIENT -> SERVER: 

[1] CLIENT -> SERVER: We are pleased to inform you that your account with the Financial Management System has been successfully created.

[1] CLIENT -> SERVER: 

[1] CLIENT -> SERVER: Your login credentials are:

[1] CLIENT -> SERVER: Email: pattyyydls@gmail.com

[1] CLIENT -> SERVER: Temporary Password: %NI#!#3bQF

[1] CLIENT -> SERVER: 

[1] CLIENT -> SERVER: For your security, please log in to your account at http://localhost/Financial_Management/login_form.php and change your temporary password as soon as possible.

[1] CLIENT -> SERVER: 

[1] CLIENT -> SERVER: If you have any questions or need assistance, please contact our support team at support@yourwebsite.com.

[1] CLIENT -> SERVER: 

[1] CLIENT -> SERVER: Thank you for choosing Financial Management System.

[1] CLIENT -> SERVER: 

[1] CLIENT -> SERVER: Best regards,

[1] CLIENT -> SERVER: The Financial Management System Team

[1] CLIENT -> SERVER: 

[1] CLIENT -> SERVER: --b1=_x3polPB86jDewKDe7o9wduFgumRipLrtTFOYLLdTM

[1] CLIENT -> SERVER: Content-Type: text/html; charset=us-ascii

[1] CLIENT -> SERVER: 

[1] CLIENT -> SERVER: 

[1] CLIENT -> SERVER:                 <!DOCTYPE html>

[1] CLIENT -> SERVER:                 <html lang='en'>

[1] CLIENT -> SERVER:                 <head>

[1] CLIENT -> SERVER:                     <meta charset='UTF-8'>

[1] CLIENT -> SERVER:                     <title>Welcome to Financial Management System</title>

[1] CLIENT -> SERVER:                 </head>

[1] CLIENT -> SERVER:                 <body style='font-family: Arial, sans-serif; line-height: 1.6; color: #333; max-width: 600px; margin: 0 auto; padding: 20px;'>

[1] CLIENT -> SERVER:                     <div style='background-color: #f5f5f5; padding: 20px; border-radius: 8px;'>

[1] CLIENT -> SERVER:                         <h1 style='color: #2c3e50; font-size: 24px; margin-bottom: 20px;'>Welcome, Prifood Corporation!</h1>

[1] CLIENT -> SERVER:                         <p style='font-size: 16px; margin-bottom: 15px;'>We are pleased to inform you that your account with the Financial Management System has been successfully created.</p>

[1] CLIENT -> SERVER:                         <p style='font-size: 16px; margin-bottom: 15px;'>Below are your login credentials:</p>

[1] CLIENT -> SERVER:                         <ul style='list-style: none; padding: 0; margin-bottom: 20px;'>

[1] CLIENT -> SERVER:                             <li><strong>Email:</strong> pattyyydls@gmail.com</li>

[1] CLIENT -> SERVER:                             <li><strong>Temporary Password:</strong> %NI#!#3bQF</li>

[1] CLIENT -> SERVER:                         </ul>

[1] CLIENT -> SERVER:                         <p style='font-size: 16px; margin-bottom: 15px;'>For your security, please log in to your account and change your temporary password as soon as possible.</p>

[1] CLIENT -> SERVER:                         <p style='text-align: center; margin: 30px 0;'>

[1] CLIENT -> SERVER:                             <a href='https://yourwebsite.com/login' style='background-color: #007bff; color: #ffffff; padding: 10px 20px; text-decoration: none; border-radius: 5px; font-size: 16px;'>Log In to Your Account</a>

[1] CLIENT -> SERVER:                         </p>

[1] CLIENT -> SERVER:                         <p style='font-size: 14px; color: #666; margin-top: 20px;'>If you have any questions or need assistance, please contact our support team at <a href='mailto:support@yourwebsite.com' style='color: #007bff; text-decoration: none;'>support@yourwebsite.com</a>.</p>

[1] CLIENT -> SERVER:                         <p style='font-size: 14px; color: #666;'>Thank you for choosing Financial Management System.</p>

[1] CLIENT -> SERVER:                         <p style='font-size: 14px; color: #666;'>Best regards,<br>The Financial Management System Team</p>

[1] CLIENT -> SERVER:                     </div>

[1] CLIENT -> SERVER:                 </body>

[1] CLIENT -> SERVER:                 </html>

[1] CLIENT -> SERVER:                 

[1] CLIENT -> SERVER: 

[1] CLIENT -> SERVER: 

[1] CLIENT -> SERVER: --b1=_x3polPB86jDewKDe7o9wduFgumRipLrtTFOYLLdTM--

[1] CLIENT -> SERVER: 

[1] CLIENT -> SERVER: .

[2] SERVER -> CLIENT: 250 2.0.0 OK  1750091100 d9443c01a7336-2365d8a19d7sm63293195ad.83 - gsmtp

[1] CLIENT -> SERVER: QUIT

[2] SERVER -> CLIENT: 221 2.0.0 closing connection d9443c01a7336-2365d8a19d7sm63293195ad.83 - gsmtp

[2] SERVER -> CLIENT: 220 smtp.gmail.com ESMTP 41be03b00d2f7-b32075ae31fsm2145245a12.25 - gsmtp

[1] CLIENT -> SERVER: EHLO ad75-149-30-139-188.ngrok-free.app

[2] SERVER -> CLIENT: 250-smtp.gmail.com at your service, [149.30.139.188]
250-SIZE 35882577
250-8BITMIME
250-STARTTLS
250-ENHANCEDSTATUSCODES
250-PIPELINING
250-CHUNKING
250 SMTPUTF8

[1] CLIENT -> SERVER: STARTTLS

[2] SERVER -> CLIENT: 220 2.0.0 Ready to start TLS

[1] CLIENT -> SERVER: EHLO ad75-149-30-139-188.ngrok-free.app

[2] SERVER -> CLIENT: 250-smtp.gmail.com at your service, [149.30.139.188]
250-SIZE 35882577
250-8BITMIME
250-AUTH LOGIN PLAIN XOAUTH2 PLAIN-CLIENTTOKEN OAUTHBEARER XOAUTH
250-ENHANCEDSTATUSCODES
250-PIPELINING
250-CHUNKING
250 SMTPUTF8

[1] CLIENT -> SERVER: AUTH LOGIN

[2] SERVER -> CLIENT: 334 VXNlcm5hbWU6

[1] CLIENT -> SERVER: [credentials hidden]
[2] SERVER -> CLIENT: 334 UGFzc3dvcmQ6

[1] CLIENT -> SERVER: [credentials hidden]
[2] SERVER -> CLIENT: 235 2.7.0 Accepted

[1] CLIENT -> SERVER: MAIL FROM:<cacorereservation@gmail.com>

[2] SERVER -> CLIENT: 250 2.1.0 OK 41be03b00d2f7-b32075ae31fsm2145245a12.25 - gsmtp

[1] CLIENT -> SERVER: RCPT TO:<qiellkim@gmail.com>

[2] SERVER -> CLIENT: 250 2.1.5 OK 41be03b00d2f7-b32075ae31fsm2145245a12.25 - gsmtp

[1] CLIENT -> SERVER: DATA

[2] SERVER -> CLIENT: 354 Go ahead 41be03b00d2f7-b32075ae31fsm2145245a12.25 - gsmtp

[1] CLIENT -> SERVER: Date: Sun, 22 Jun 2025 10:51:06 +0200

[1] CLIENT -> SERVER: To: GMC Corporation <qiellkim@gmail.com>

[1] CLIENT -> SERVER: From: Financial Management System <cacorereservation@gmail.com>

[1] CLIENT -> SERVER: Subject: Your Account is Ready

[1] CLIENT -> SERVER: Message-ID: <vyeEm699z9btD1b0YCwyKiLFm593uqGNJv68X9XRyms@ad75-149-30-139-188.ngrok-free.app>

[1] CLIENT -> SERVER: X-Mailer: PHPMailer 6.9.3 (https://github.com/PHPMailer/PHPMailer)

[1] CLIENT -> SERVER: MIME-Version: 1.0

[1] CLIENT -> SERVER: Content-Type: multipart/alternative;

[1] CLIENT -> SERVER:  boundary="b1=_vyeEm699z9btD1b0YCwyKiLFm593uqGNJv68X9XRyms"

[1] CLIENT -> SERVER: Content-Transfer-Encoding: 8bit

[1] CLIENT -> SERVER: 

[1] CLIENT -> SERVER: --b1=_vyeEm699z9btD1b0YCwyKiLFm593uqGNJv68X9XRyms

[1] CLIENT -> SERVER: Content-Type: text/plain; charset=us-ascii

[1] CLIENT -> SERVER: 

[1] CLIENT -> SERVER: Welcome, GMC Corporation!

[1] CLIENT -> SERVER: 

[1] CLIENT -> SERVER: We are pleased to inform you that your account with the Financial Management System has been successfully created.

[1] CLIENT -> SERVER: 

[1] CLIENT -> SERVER: Your login credentials are:

[1] CLIENT -> SERVER: Email: qiellkim@gmail.com

[1] CLIENT -> SERVER: Temporary Password: Opr!kG%gkd

[1] CLIENT -> SERVER: 

[1] CLIENT -> SERVER: For your security, please log in to your account at http://localhost/Financial_Management/login_form.php and change your temporary password as soon as possible.

[1] CLIENT -> SERVER: 

[1] CLIENT -> SERVER: If you have any questions or need assistance, please contact our support team at support@yourwebsite.com.

[1] CLIENT -> SERVER: 

[1] CLIENT -> SERVER: Thank you for choosing Financial Management System.

[1] CLIENT -> SERVER: 

[1] CLIENT -> SERVER: Best regards,

[1] CLIENT -> SERVER: The Financial Management System Team

[1] CLIENT -> SERVER: 

[1] CLIENT -> SERVER: --b1=_vyeEm699z9btD1b0YCwyKiLFm593uqGNJv68X9XRyms

[1] CLIENT -> SERVER: Content-Type: text/html; charset=us-ascii

[1] CLIENT -> SERVER: 

[1] CLIENT -> SERVER: 

[1] CLIENT -> SERVER:                 <!DOCTYPE html>

[1] CLIENT -> SERVER:                 <html lang='en'>

[1] CLIENT -> SERVER:                 <head>

[1] CLIENT -> SERVER:                     <meta charset='UTF-8'>

[1] CLIENT -> SERVER:                     <title>Welcome to Financial Management System</title>

[1] CLIENT -> SERVER:                 </head>

[1] CLIENT -> SERVER:                 <body style='font-family: Arial, sans-serif; line-height: 1.6; color: #333; max-width: 600px; margin: 0 auto; padding: 20px;'>

[1] CLIENT -> SERVER:                     <div style='background-color: #f5f5f5; padding: 20px; border-radius: 8px;'>

[1] CLIENT -> SERVER:                         <h1 style='color: #2c3e50; font-size: 24px; margin-bottom: 20px;'>Welcome, GMC Corporation!</h1>

[1] CLIENT -> SERVER:                         <p style='font-size: 16px; margin-bottom: 15px;'>We are pleased to inform you that your account with the Financial Management System has been successfully created.</p>

[1] CLIENT -> SERVER:                         <p style='font-size: 16px; margin-bottom: 15px;'>Below are your login credentials:</p>

[1] CLIENT -> SERVER:                         <ul style='list-style: none; padding: 0; margin-bottom: 20px;'>

[1] CLIENT -> SERVER:                             <li><strong>Email:</strong> qiellkim@gmail.com</li>

[1] CLIENT -> SERVER:                             <li><strong>Temporary Password:</strong> Opr!kG%gkd</li>

[1] CLIENT -> SERVER:                         </ul>

[1] CLIENT -> SERVER:                         <p style='font-size: 16px; margin-bottom: 15px;'>For your security, please log in to your account and change your temporary password as soon as possible.</p>

[1] CLIENT -> SERVER:                         <p style='text-align: center; margin: 30px 0;'>

[1] CLIENT -> SERVER:                             <a href='https://yourwebsite.com/login' style='background-color: #007bff; color: #ffffff; padding: 10px 20px; text-decoration: none; border-radius: 5px; font-size: 16px;'>Log In to Your Account</a>

[1] CLIENT -> SERVER:                         </p>

[1] CLIENT -> SERVER:                         <p style='font-size: 14px; color: #666; margin-top: 20px;'>If you have any questions or need assistance, please contact our support team at <a href='mailto:support@yourwebsite.com' style='color: #007bff; text-decoration: none;'>support@yourwebsite.com</a>.</p>

[1] CLIENT -> SERVER:                         <p style='font-size: 14px; color: #666;'>Thank you for choosing Financial Management System.</p>

[1] CLIENT -> SERVER:                         <p style='font-size: 14px; color: #666;'>Best regards,<br>The Financial Management System Team</p>

[1] CLIENT -> SERVER:                     </div>

[1] CLIENT -> SERVER:                 </body>

[1] CLIENT -> SERVER:                 </html>

[1] CLIENT -> SERVER:                 

[1] CLIENT -> SERVER: 

[1] CLIENT -> SERVER: 

[1] CLIENT -> SERVER: --b1=_vyeEm699z9btD1b0YCwyKiLFm593uqGNJv68X9XRyms--

[1] CLIENT -> SERVER: 

[1] CLIENT -> SERVER: .

[2] SERVER -> CLIENT: 250 2.0.0 OK  1750582272 41be03b00d2f7-b32075ae31fsm2145245a12.25 - gsmtp

[1] CLIENT -> SERVER: QUIT

[2] SERVER -> CLIENT: 221 2.0.0 closing connection 41be03b00d2f7-b32075ae31fsm2145245a12.25 - gsmtp

[2] SERVER -> CLIENT: 220 smtp.gmail.com ESMTP d9443c01a7336-237d874fe39sm147708685ad.251 - gsmtp

[1] CLIENT -> SERVER: EHLO localhost

[2] SERVER -> CLIENT: 250-smtp.gmail.com at your service, [149.30.138.216]
250-SIZE 35882577
250-8BITMIME
250-STARTTLS
250-ENHANCEDSTATUSCODES
250-PIPELINING
250-CHUNKING
250 SMTPUTF8

[1] CLIENT -> SERVER: STARTTLS

[2] SERVER -> CLIENT: 220 2.0.0 Ready to start TLS

[1] CLIENT -> SERVER: EHLO localhost

[2] SERVER -> CLIENT: 250-smtp.gmail.com at your service, [149.30.138.216]
250-SIZE 35882577
250-8BITMIME
250-AUTH LOGIN PLAIN XOAUTH2 PLAIN-CLIENTTOKEN OAUTHBEARER XOAUTH
250-ENHANCEDSTATUSCODES
250-PIPELINING
250-CHUNKING
250 SMTPUTF8

[1] CLIENT -> SERVER: AUTH LOGIN

[2] SERVER -> CLIENT: 334 VXNlcm5hbWU6

[1] CLIENT -> SERVER: [credentials hidden]
[2] SERVER -> CLIENT: 334 UGFzc3dvcmQ6

[1] CLIENT -> SERVER: [credentials hidden]
[2] SERVER -> CLIENT: 235 2.7.0 Accepted

[1] CLIENT -> SERVER: MAIL FROM:<cacorereservation@gmail.com>

[2] SERVER -> CLIENT: 250 2.1.0 OK d9443c01a7336-237d874fe39sm147708685ad.251 - gsmtp

[1] CLIENT -> SERVER: RCPT TO:<rex@gmail.com>

[2] SERVER -> CLIENT: 250 2.1.5 OK d9443c01a7336-237d874fe39sm147708685ad.251 - gsmtp

[1] CLIENT -> SERVER: DATA

[2] SERVER -> CLIENT: 354 Go ahead d9443c01a7336-237d874fe39sm147708685ad.251 - gsmtp

[1] CLIENT -> SERVER: Date: Thu, 26 Jun 2025 07:42:28 +0200

[1] CLIENT -> SERVER: To: "GMC Corporation (Main)" <rex@gmail.com>

[1] CLIENT -> SERVER: From: Financial Management System <cacorereservation@gmail.com>

[1] CLIENT -> SERVER: Subject: Your Account is Ready

[1] CLIENT -> SERVER: Message-ID: <td0QEdk1FHk7DO9JrOqji0kcSxgaXAtfpB7W8Lv9PE@localhost>

[1] CLIENT -> SERVER: X-Mailer: PHPMailer 6.9.3 (https://github.com/PHPMailer/PHPMailer)

[1] CLIENT -> SERVER: MIME-Version: 1.0

[1] CLIENT -> SERVER: Content-Type: multipart/alternative;

[1] CLIENT -> SERVER:  boundary="b1=_td0QEdk1FHk7DO9JrOqji0kcSxgaXAtfpB7W8Lv9PE"

[1] CLIENT -> SERVER: Content-Transfer-Encoding: 8bit

[1] CLIENT -> SERVER: 

[1] CLIENT -> SERVER: --b1=_td0QEdk1FHk7DO9JrOqji0kcSxgaXAtfpB7W8Lv9PE

[1] CLIENT -> SERVER: Content-Type: text/plain; charset=us-ascii

[1] CLIENT -> SERVER: 

[1] CLIENT -> SERVER: Welcome, GMC Corporation (Main)!

[1] CLIENT -> SERVER: 

[1] CLIENT -> SERVER: We are pleased to inform you that your account with the Financial Management System has been successfully created.

[1] CLIENT -> SERVER: 

[1] CLIENT -> SERVER: Your login credentials are:

[1] CLIENT -> SERVER: Email: rex@gmail.com

[1] CLIENT -> SERVER: Temporary Password: &CBkq3HNBN

[1] CLIENT -> SERVER: 

[1] CLIENT -> SERVER: For your security, please log in to your account at http://localhost/Financial_Management/login_form.php and change your temporary password as soon as possible.

[1] CLIENT -> SERVER: 

[1] CLIENT -> SERVER: If you have any questions or need assistance, please contact our support team at support@yourwebsite.com.

[1] CLIENT -> SERVER: 

[1] CLIENT -> SERVER: Thank you for choosing Financial Management System.

[1] CLIENT -> SERVER: 

[1] CLIENT -> SERVER: Best regards,

[1] CLIENT -> SERVER: The Financial Management System Team

[1] CLIENT -> SERVER: 

[1] CLIENT -> SERVER: --b1=_td0QEdk1FHk7DO9JrOqji0kcSxgaXAtfpB7W8Lv9PE

[1] CLIENT -> SERVER: Content-Type: text/html; charset=us-ascii

[1] CLIENT -> SERVER: 

[1] CLIENT -> SERVER: 

[1] CLIENT -> SERVER:                 <!DOCTYPE html>

[1] CLIENT -> SERVER:                 <html lang='en'>

[1] CLIENT -> SERVER:                 <head>

[1] CLIENT -> SERVER:                     <meta charset='UTF-8'>

[1] CLIENT -> SERVER:                     <title>Welcome to Financial Management System</title>

[1] CLIENT -> SERVER:                 </head>

[1] CLIENT -> SERVER:                 <body style='font-family: Arial, sans-serif; line-height: 1.6; color: #333; max-width: 600px; margin: 0 auto; padding: 20px;'>

[1] CLIENT -> SERVER:                     <div style='background-color: #f5f5f5; padding: 20px; border-radius: 8px;'>

[1] CLIENT -> SERVER:                         <h1 style='color: #2c3e50; font-size: 24px; margin-bottom: 20px;'>Welcome, GMC Corporation (Main)!</h1>

[1] CLIENT -> SERVER:                         <p style='font-size: 16px; margin-bottom: 15px;'>We are pleased to inform you that your account with the Financial Management System has been successfully created.</p>

[1] CLIENT -> SERVER:                         <p style='font-size: 16px; margin-bottom: 15px;'>Below are your login credentials:</p>

[1] CLIENT -> SERVER:                         <ul style='list-style: none; padding: 0; margin-bottom: 20px;'>

[1] CLIENT -> SERVER:                             <li><strong>Email:</strong> rex@gmail.com</li>

[1] CLIENT -> SERVER:                             <li><strong>Temporary Password:</strong> &CBkq3HNBN</li>

[1] CLIENT -> SERVER:                         </ul>

[1] CLIENT -> SERVER:                         <p style='font-size: 16px; margin-bottom: 15px;'>For your security, please log in to your account and change your temporary password as soon as possible.</p>

[1] CLIENT -> SERVER:                         <p style='text-align: center; margin: 30px 0;'>

[1] CLIENT -> SERVER:                             <a href='https://yourwebsite.com/login' style='background-color: #007bff; color: #ffffff; padding: 10px 20px; text-decoration: none; border-radius: 5px; font-size: 16px;'>Log In to Your Account</a>

[1] CLIENT -> SERVER:                         </p>

[1] CLIENT -> SERVER:                         <p style='font-size: 14px; color: #666; margin-top: 20px;'>If you have any questions or need assistance, please contact our support team at <a href='mailto:support@yourwebsite.com' style='color: #007bff; text-decoration: none;'>support@yourwebsite.com</a>.</p>

[1] CLIENT -> SERVER:                         <p style='font-size: 14px; color: #666;'>Thank you for choosing Financial Management System.</p>

[1] CLIENT -> SERVER:                         <p style='font-size: 14px; color: #666;'>Best regards,<br>The Financial Management System Team</p>

[1] CLIENT -> SERVER:                     </div>

[1] CLIENT -> SERVER:                 </body>

[1] CLIENT -> SERVER:                 </html>

[1] CLIENT -> SERVER:                 

[1] CLIENT -> SERVER: 

[1] CLIENT -> SERVER: 

[1] CLIENT -> SERVER: --b1=_td0QEdk1FHk7DO9JrOqji0kcSxgaXAtfpB7W8Lv9PE--

[1] CLIENT -> SERVER: 

[1] CLIENT -> SERVER: .

[2] SERVER -> CLIENT: 250 2.0.0 OK  1750916552 d9443c01a7336-237d874fe39sm147708685ad.251 - gsmtp

[1] CLIENT -> SERVER: QUIT

[2] SERVER -> CLIENT: 221 2.0.0 closing connection d9443c01a7336-237d874fe39sm147708685ad.251 - gsmtp

[2] SERVER -> CLIENT: 220 smtp.gmail.com ESMTP 41be03b00d2f7-b34e301d64fsm6161925a12.19 - gsmtp

[1] CLIENT -> SERVER: EHLO localhost

[2] SERVER -> CLIENT: 250-smtp.gmail.com at your service, [112.198.135.99]
250-SIZE 35882577
250-8BITMIME
250-STARTTLS
250-ENHANCEDSTATUSCODES
250-PIPELINING
250-CHUNKING
250 SMTPUTF8

[1] CLIENT -> SERVER: STARTTLS

[2] SERVER -> CLIENT: 220 2.0.0 Ready to start TLS

[1] CLIENT -> SERVER: EHLO localhost

[2] SERVER -> CLIENT: 250-smtp.gmail.com at your service, [112.198.135.99]
250-SIZE 35882577
250-8BITMIME
250-AUTH LOGIN PLAIN XOAUTH2 PLAIN-CLIENTTOKEN OAUTHBEARER XOAUTH
250-ENHANCEDSTATUSCODES
250-PIPELINING
250-CHUNKING
250 SMTPUTF8

[1] CLIENT -> SERVER: AUTH LOGIN

[2] SERVER -> CLIENT: 334 VXNlcm5hbWU6

[1] CLIENT -> SERVER: [credentials hidden]
[2] SERVER -> CLIENT: 334 UGFzc3dvcmQ6

[1] CLIENT -> SERVER: [credentials hidden]
[2] SERVER -> CLIENT: 235 2.7.0 Accepted

[1] CLIENT -> SERVER: MAIL FROM:<cacorereservation@gmail.com>

[2] SERVER -> CLIENT: 250 2.1.0 OK 41be03b00d2f7-b34e301d64fsm6161925a12.19 - gsmtp

[1] CLIENT -> SERVER: RCPT TO:<camillepunongbayanramos13@gmail.com>

[2] SERVER -> CLIENT: 250 2.1.5 OK 41be03b00d2f7-b34e301d64fsm6161925a12.19 - gsmtp

[1] CLIENT -> SERVER: DATA

[2] SERVER -> CLIENT: 354 Go ahead 41be03b00d2f7-b34e301d64fsm6161925a12.19 - gsmtp

[1] CLIENT -> SERVER: Date: Sun, 29 Jun 2025 19:11:09 +0200

[1] CLIENT -> SERVER: To: "GMC Corporation (Main)" <camillepunongbayanramos13@gmail.com>

[1] CLIENT -> SERVER: From: Financial Management System <cacorereservation@gmail.com>

[1] CLIENT -> SERVER: Subject: Your Account is Ready

[1] CLIENT -> SERVER: Message-ID: <FJv1Lsx2MTY83DHSYM4R6ams9uT49AZYH2W7NppMMI@localhost>

[1] CLIENT -> SERVER: X-Mailer: PHPMailer 6.9.3 (https://github.com/PHPMailer/PHPMailer)

[1] CLIENT -> SERVER: MIME-Version: 1.0

[1] CLIENT -> SERVER: Content-Type: multipart/alternative;

[1] CLIENT -> SERVER:  boundary="b1=_FJv1Lsx2MTY83DHSYM4R6ams9uT49AZYH2W7NppMMI"

[1] CLIENT -> SERVER: Content-Transfer-Encoding: 8bit

[1] CLIENT -> SERVER: 

[1] CLIENT -> SERVER: --b1=_FJv1Lsx2MTY83DHSYM4R6ams9uT49AZYH2W7NppMMI

[1] CLIENT -> SERVER: Content-Type: text/plain; charset=us-ascii

[1] CLIENT -> SERVER: 

[1] CLIENT -> SERVER: Welcome, GMC Corporation (Main)!

[1] CLIENT -> SERVER: 

[1] CLIENT -> SERVER: We are pleased to inform you that your account with the Financial Management System has been successfully created.

[1] CLIENT -> SERVER: 

[1] CLIENT -> SERVER: Your login credentials are:

[1] CLIENT -> SERVER: Email: camillepunongbayanramos13@gmail.com

[1] CLIENT -> SERVER: Temporary Password: s)at^XOt@l

[1] CLIENT -> SERVER: 

[1] CLIENT -> SERVER: For your security, please log in to your account at http://localhost/Financial_Management/login_form.php and change your temporary password as soon as possible.

[1] CLIENT -> SERVER: 

[1] CLIENT -> SERVER: If you have any questions or need assistance, please contact our support team at support@yourwebsite.com.

[1] CLIENT -> SERVER: 

[1] CLIENT -> SERVER: Thank you for choosing Financial Management System.

[1] CLIENT -> SERVER: 

[1] CLIENT -> SERVER: Best regards,

[1] CLIENT -> SERVER: The Financial Management System Team

[1] CLIENT -> SERVER: 

[1] CLIENT -> SERVER: --b1=_FJv1Lsx2MTY83DHSYM4R6ams9uT49AZYH2W7NppMMI

[1] CLIENT -> SERVER: Content-Type: text/html; charset=us-ascii

[1] CLIENT -> SERVER: 

[1] CLIENT -> SERVER: 

[1] CLIENT -> SERVER:                 <!DOCTYPE html>

[1] CLIENT -> SERVER:                 <html lang='en'>

[1] CLIENT -> SERVER:                 <head>

[1] CLIENT -> SERVER:                     <meta charset='UTF-8'>

[1] CLIENT -> SERVER:                     <title>Welcome to Financial Management System</title>

[1] CLIENT -> SERVER:                 </head>

[1] CLIENT -> SERVER:                 <body style='font-family: Arial, sans-serif; line-height: 1.6; color: #333; max-width: 600px; margin: 0 auto; padding: 20px;'>

[1] CLIENT -> SERVER:                     <div style='background-color: #f5f5f5; padding: 20px; border-radius: 8px;'>

[1] CLIENT -> SERVER:                         <h1 style='color: #2c3e50; font-size: 24px; margin-bottom: 20px;'>Welcome, GMC Corporation (Main)!</h1>

[1] CLIENT -> SERVER:                         <p style='font-size: 16px; margin-bottom: 15px;'>We are pleased to inform you that your account with the Financial Management System has been successfully created.</p>

[1] CLIENT -> SERVER:                         <p style='font-size: 16px; margin-bottom: 15px;'>Below are your login credentials:</p>

[1] CLIENT -> SERVER:                         <ul style='list-style: none; padding: 0; margin-bottom: 20px;'>

[1] CLIENT -> SERVER:                             <li><strong>Email:</strong> camillepunongbayanramos13@gmail.com</li>

[1] CLIENT -> SERVER:                             <li><strong>Temporary Password:</strong> s)at^XOt@l</li>

[1] CLIENT -> SERVER:                         </ul>

[1] CLIENT -> SERVER:                         <p style='font-size: 16px; margin-bottom: 15px;'>For your security, please log in to your account and change your temporary password as soon as possible.</p>

[1] CLIENT -> SERVER:                         <p style='text-align: center; margin: 30px 0;'>

[1] CLIENT -> SERVER:                             <a href='https://yourwebsite.com/login' style='background-color: #007bff; color: #ffffff; padding: 10px 20px; text-decoration: none; border-radius: 5px; font-size: 16px;'>Log In to Your Account</a>

[1] CLIENT -> SERVER:                         </p>

[1] CLIENT -> SERVER:                         <p style='font-size: 14px; color: #666; margin-top: 20px;'>If you have any questions or need assistance, please contact our support team at <a href='mailto:support@yourwebsite.com' style='color: #007bff; text-decoration: none;'>support@yourwebsite.com</a>.</p>

[1] CLIENT -> SERVER:                         <p style='font-size: 14px; color: #666;'>Thank you for choosing Financial Management System.</p>

[1] CLIENT -> SERVER:                         <p style='font-size: 14px; color: #666;'>Best regards,<br>The Financial Management System Team</p>

[1] CLIENT -> SERVER:                     </div>

[1] CLIENT -> SERVER:                 </body>

[1] CLIENT -> SERVER:                 </html>

[1] CLIENT -> SERVER:                 

[1] CLIENT -> SERVER: 

[1] CLIENT -> SERVER: 

[1] CLIENT -> SERVER: --b1=_FJv1Lsx2MTY83DHSYM4R6ams9uT49AZYH2W7NppMMI--

[1] CLIENT -> SERVER: 

[1] CLIENT -> SERVER: .

[2] SERVER -> CLIENT: 250 2.0.0 OK  1751217088 41be03b00d2f7-b34e301d64fsm6161925a12.19 - gsmtp

[1] CLIENT -> SERVER: QUIT

[2] SERVER -> CLIENT: 221 2.0.0 closing connection 41be03b00d2f7-b34e301d64fsm6161925a12.19 - gsmtp

[2] SERVER -> CLIENT: 220 smtp.gmail.com ESMTP d9443c01a7336-23acb3ad9f5sm75563825ad.151 - gsmtp

[1] CLIENT -> SERVER: EHLO localhost

[2] SERVER -> CLIENT: 250-smtp.gmail.com at your service, [49.147.66.0]
250-SIZE 35882577
250-8BITMIME
250-STARTTLS
250-ENHANCEDSTATUSCODES
250-PIPELINING
250-CHUNKING
250 SMTPUTF8

[1] CLIENT -> SERVER: STARTTLS

[2] SERVER -> CLIENT: 220 2.0.0 Ready to start TLS

[1] CLIENT -> SERVER: EHLO localhost

[2] SERVER -> CLIENT: 250-smtp.gmail.com at your service, [49.147.66.0]
250-SIZE 35882577
250-8BITMIME
250-AUTH LOGIN PLAIN XOAUTH2 PLAIN-CLIENTTOKEN OAUTHBEARER XOAUTH
250-ENHANCEDSTATUSCODES
250-PIPELINING
250-CHUNKING
250 SMTPUTF8

[1] CLIENT -> SERVER: AUTH LOGIN

[2] SERVER -> CLIENT: 334 VXNlcm5hbWU6

[1] CLIENT -> SERVER: [credentials hidden]
[2] SERVER -> CLIENT: 334 UGFzc3dvcmQ6

[1] CLIENT -> SERVER: [credentials hidden]
[2] SERVER -> CLIENT: 235 2.7.0 Accepted

[1] CLIENT -> SERVER: MAIL FROM:<cacorereservation@gmail.com>

[2] SERVER -> CLIENT: 250 2.1.0 OK d9443c01a7336-23acb3ad9f5sm75563825ad.151 - gsmtp

[1] CLIENT -> SERVER: RCPT TO:<jeuscedricjmanalili@gmail.com>

[2] SERVER -> CLIENT: 250 2.1.5 OK d9443c01a7336-23acb3ad9f5sm75563825ad.151 - gsmtp

[1] CLIENT -> SERVER: DATA

[2] SERVER -> CLIENT: 354 Go ahead d9443c01a7336-23acb3ad9f5sm75563825ad.151 - gsmtp

[1] CLIENT -> SERVER: Date: Mon, 30 Jun 2025 07:58:22 +0200

[1] CLIENT -> SERVER: To: Jeus Cedric Manalili <jeuscedricjmanalili@gmail.com>

[1] CLIENT -> SERVER: From: Financial Management System <cacorereservation@gmail.com>

[1] CLIENT -> SERVER: Subject: Your Account is Ready

[1] CLIENT -> SERVER: Message-ID: <hUVRPXdMWBWkhDRSQsvlX8gh1l5XHQKVNEN4lM1QUEw@localhost>

[1] CLIENT -> SERVER: X-Mailer: PHPMailer 6.9.3 (https://github.com/PHPMailer/PHPMailer)

[1] CLIENT -> SERVER: MIME-Version: 1.0

[1] CLIENT -> SERVER: Content-Type: multipart/alternative;

[1] CLIENT -> SERVER:  boundary="b1=_hUVRPXdMWBWkhDRSQsvlX8gh1l5XHQKVNEN4lM1QUEw"

[1] CLIENT -> SERVER: Content-Transfer-Encoding: 8bit

[1] CLIENT -> SERVER: 

[1] CLIENT -> SERVER: --b1=_hUVRPXdMWBWkhDRSQsvlX8gh1l5XHQKVNEN4lM1QUEw

[1] CLIENT -> SERVER: Content-Type: text/plain; charset=us-ascii

[1] CLIENT -> SERVER: 

[1] CLIENT -> SERVER: Welcome, Jeus Cedric Manalili!

[1] CLIENT -> SERVER: 

[1] CLIENT -> SERVER: We are pleased to inform you that your account with the Financial Management System has been successfully created.

[1] CLIENT -> SERVER: 

[1] CLIENT -> SERVER: Your login credentials are:

[1] CLIENT -> SERVER: Email: jeuscedricjmanalili@gmail.com

[1] CLIENT -> SERVER: Temporary Password: kKUGkJCOZ2

[1] CLIENT -> SERVER: 

[1] CLIENT -> SERVER: For your security, please log in to your account at http://localhost/Financial_Management/login_form.php and change your temporary password as soon as possible.

[1] CLIENT -> SERVER: 

[1] CLIENT -> SERVER: If you have any questions or need assistance, please contact our support team at support@yourwebsite.com.

[1] CLIENT -> SERVER: 

[1] CLIENT -> SERVER: Thank you for choosing Financial Management System.

[1] CLIENT -> SERVER: 

[1] CLIENT -> SERVER: Best regards,

[1] CLIENT -> SERVER: The Financial Management System Team

[1] CLIENT -> SERVER: 

[1] CLIENT -> SERVER: --b1=_hUVRPXdMWBWkhDRSQsvlX8gh1l5XHQKVNEN4lM1QUEw

[1] CLIENT -> SERVER: Content-Type: text/html; charset=us-ascii

[1] CLIENT -> SERVER: 

[1] CLIENT -> SERVER: 

[1] CLIENT -> SERVER:                 <!DOCTYPE html>

[1] CLIENT -> SERVER:                 <html lang='en'>

[1] CLIENT -> SERVER:                 <head>

[1] CLIENT -> SERVER:                     <meta charset='UTF-8'>

[1] CLIENT -> SERVER:                     <title>Welcome to Financial Management System</title>

[1] CLIENT -> SERVER:                 </head>

[1] CLIENT -> SERVER:                 <body style='font-family: Arial, sans-serif; line-height: 1.6; color: #333; max-width: 600px; margin: 0 auto; padding: 20px;'>

[1] CLIENT -> SERVER:                     <div style='background-color: #f5f5f5; padding: 20px; border-radius: 8px;'>

[1] CLIENT -> SERVER:                         <h1 style='color: #2c3e50; font-size: 24px; margin-bottom: 20px;'>Welcome, Jeus Cedric Manalili!</h1>

[1] CLIENT -> SERVER:                         <p style='font-size: 16px; margin-bottom: 15px;'>We are pleased to inform you that your account with the Financial Management System has been successfully created.</p>

[1] CLIENT -> SERVER:                         <p style='font-size: 16px; margin-bottom: 15px;'>Below are your login credentials:</p>

[1] CLIENT -> SERVER:                         <ul style='list-style: none; padding: 0; margin-bottom: 20px;'>

[1] CLIENT -> SERVER:                             <li><strong>Email:</strong> jeuscedricjmanalili@gmail.com</li>

[1] CLIENT -> SERVER:                             <li><strong>Temporary Password:</strong> kKUGkJCOZ2</li>

[1] CLIENT -> SERVER:                         </ul>

[1] CLIENT -> SERVER:                         <p style='font-size: 16px; margin-bottom: 15px;'>For your security, please log in to your account and change your temporary password as soon as possible.</p>

[1] CLIENT -> SERVER:                         <p style='text-align: center; margin: 30px 0;'>

[1] CLIENT -> SERVER:                             <a href='https://yourwebsite.com/login' style='background-color: #007bff; color: #ffffff; padding: 10px 20px; text-decoration: none; border-radius: 5px; font-size: 16px;'>Log In to Your Account</a>

[1] CLIENT -> SERVER:                         </p>

[1] CLIENT -> SERVER:                         <p style='font-size: 14px; color: #666; margin-top: 20px;'>If you have any questions or need assistance, please contact our support team at <a href='mailto:support@yourwebsite.com' style='color: #007bff; text-decoration: none;'>support@yourwebsite.com</a>.</p>

[1] CLIENT -> SERVER:                         <p style='font-size: 14px; color: #666;'>Thank you for choosing Financial Management System.</p>

[1] CLIENT -> SERVER:                         <p style='font-size: 14px; color: #666;'>Best regards,<br>The Financial Management System Team</p>

[1] CLIENT -> SERVER:                     </div>

[1] CLIENT -> SERVER:                 </body>

[1] CLIENT -> SERVER:                 </html>

[1] CLIENT -> SERVER:                 

[1] CLIENT -> SERVER: 

[1] CLIENT -> SERVER: 

[1] CLIENT -> SERVER: --b1=_hUVRPXdMWBWkhDRSQsvlX8gh1l5XHQKVNEN4lM1QUEw--

[1] CLIENT -> SERVER: 

[1] CLIENT -> SERVER: .

[2] SERVER -> CLIENT: 250 2.0.0 OK  1751263108 d9443c01a7336-23acb3ad9f5sm75563825ad.151 - gsmtp

[1] CLIENT -> SERVER: QUIT

[2] SERVER -> CLIENT: 221 2.0.0 closing connection d9443c01a7336-23acb3ad9f5sm75563825ad.151 - gsmtp

[2] SERVER -> CLIENT: 220 smtp.gmail.com ESMTP d2e1a72fcca58-74af5575197sm10016428b3a.79 - gsmtp

[1] CLIENT -> SERVER: EHLO localhost

[2] SERVER -> CLIENT: 250-smtp.gmail.com at your service, [149.30.138.216]
250-SIZE 35882577
250-8BITMIME
250-STARTTLS
250-ENHANCEDSTATUSCODES
250-PIPELINING
250-CHUNKING
250 SMTPUTF8

[1] CLIENT -> SERVER: STARTTLS

[2] SERVER -> CLIENT: 220 2.0.0 Ready to start TLS

[1] CLIENT -> SERVER: EHLO localhost

[2] SERVER -> CLIENT: 250-smtp.gmail.com at your service, [149.30.138.216]
250-SIZE 35882577
250-8BITMIME
250-AUTH LOGIN PLAIN XOAUTH2 PLAIN-CLIENTTOKEN OAUTHBEARER XOAUTH
250-ENHANCEDSTATUSCODES
250-PIPELINING
250-CHUNKING
250 SMTPUTF8

[1] CLIENT -> SERVER: AUTH LOGIN

[2] SERVER -> CLIENT: 334 VXNlcm5hbWU6

[1] CLIENT -> SERVER: [credentials hidden]
[2] SERVER -> CLIENT: 334 UGFzc3dvcmQ6

[1] CLIENT -> SERVER: [credentials hidden]
[2] SERVER -> CLIENT: 235 2.7.0 Accepted

[1] CLIENT -> SERVER: MAIL FROM:<cacorereservation@gmail.com>

[2] SERVER -> CLIENT: 250 2.1.0 OK d2e1a72fcca58-74af5575197sm10016428b3a.79 - gsmtp

[1] CLIENT -> SERVER: RCPT TO:<patriciadelossantos105@gmail.com>

[2] SERVER -> CLIENT: 250 2.1.5 OK d2e1a72fcca58-74af5575197sm10016428b3a.79 - gsmtp

[1] CLIENT -> SERVER: DATA

[2] SERVER -> CLIENT: 354 Go ahead d2e1a72fcca58-74af5575197sm10016428b3a.79 - gsmtp

[1] CLIENT -> SERVER: Date: Mon, 30 Jun 2025 21:29:14 +0200

[1] CLIENT -> SERVER: To: AGCHEM <patriciadelossantos105@gmail.com>

[1] CLIENT -> SERVER: From: Financial Management System <cacorereservation@gmail.com>

[1] CLIENT -> SERVER: Subject: Your Account is Ready

[1] CLIENT -> SERVER: Message-ID: <St7KuWCHxXbxeQPEDwqTGMCd95J7SME9C8BYpu0IKM@localhost>

[1] CLIENT -> SERVER: X-Mailer: PHPMailer 6.9.3 (https://github.com/PHPMailer/PHPMailer)

[1] CLIENT -> SERVER: MIME-Version: 1.0

[1] CLIENT -> SERVER: Content-Type: multipart/alternative;

[1] CLIENT -> SERVER:  boundary="b1=_St7KuWCHxXbxeQPEDwqTGMCd95J7SME9C8BYpu0IKM"

[1] CLIENT -> SERVER: Content-Transfer-Encoding: 8bit

[1] CLIENT -> SERVER: 

[1] CLIENT -> SERVER: --b1=_St7KuWCHxXbxeQPEDwqTGMCd95J7SME9C8BYpu0IKM

[1] CLIENT -> SERVER: Content-Type: text/plain; charset=us-ascii

[1] CLIENT -> SERVER: 

[1] CLIENT -> SERVER: Welcome, AGCHEM !

[1] CLIENT -> SERVER: 

[1] CLIENT -> SERVER: We are pleased to inform you that your account with the Financial Management System has been successfully created.

[1] CLIENT -> SERVER: 

[1] CLIENT -> SERVER: Your login credentials are:

[1] CLIENT -> SERVER: Email: patriciadelossantos105@gmail.com

[1] CLIENT -> SERVER: Temporary Password: 0HZ@IL7L*&

[1] CLIENT -> SERVER: 

[1] CLIENT -> SERVER: For your security, please log in to your account at http://localhost/Financial_Management/login_form.php and change your temporary password as soon as possible.

[1] CLIENT -> SERVER: 

[1] CLIENT -> SERVER: If you have any questions or need assistance, please contact our support team at support@yourwebsite.com.

[1] CLIENT -> SERVER: 

[1] CLIENT -> SERVER: Thank you for choosing Financial Management System.

[1] CLIENT -> SERVER: 

[1] CLIENT -> SERVER: Best regards,

[1] CLIENT -> SERVER: The Financial Management System Team

[1] CLIENT -> SERVER: 

[1] CLIENT -> SERVER: --b1=_St7KuWCHxXbxeQPEDwqTGMCd95J7SME9C8BYpu0IKM

[1] CLIENT -> SERVER: Content-Type: text/html; charset=us-ascii

[1] CLIENT -> SERVER: 

[1] CLIENT -> SERVER: 

[1] CLIENT -> SERVER:                 <!DOCTYPE html>

[1] CLIENT -> SERVER:                 <html lang='en'>

[1] CLIENT -> SERVER:                 <head>

[1] CLIENT -> SERVER:                     <meta charset='UTF-8'>

[1] CLIENT -> SERVER:                     <title>Welcome to Financial Management System</title>

[1] CLIENT -> SERVER:                 </head>

[1] CLIENT -> SERVER:                 <body style='font-family: Arial, sans-serif; line-height: 1.6; color: #333; max-width: 600px; margin: 0 auto; padding: 20px;'>

[1] CLIENT -> SERVER:                     <div style='background-color: #f5f5f5; padding: 20px; border-radius: 8px;'>

[1] CLIENT -> SERVER:                         <h1 style='color: #2c3e50; font-size: 24px; margin-bottom: 20px;'>Welcome, AGCHEM !</h1>

[1] CLIENT -> SERVER:                         <p style='font-size: 16px; margin-bottom: 15px;'>We are pleased to inform you that your account with the Financial Management System has been successfully created.</p>

[1] CLIENT -> SERVER:                         <p style='font-size: 16px; margin-bottom: 15px;'>Below are your login credentials:</p>

[1] CLIENT -> SERVER:                         <ul style='list-style: none; padding: 0; margin-bottom: 20px;'>

[1] CLIENT -> SERVER:                             <li><strong>Email:</strong> patriciadelossantos105@gmail.com</li>

[1] CLIENT -> SERVER:                             <li><strong>Temporary Password:</strong> 0HZ@IL7L*&</li>

[1] CLIENT -> SERVER:                         </ul>

[1] CLIENT -> SERVER:                         <p style='font-size: 16px; margin-bottom: 15px;'>For your security, please log in to your account and change your temporary password as soon as possible.</p>

[1] CLIENT -> SERVER:                         <p style='text-align: center; margin: 30px 0;'>

[1] CLIENT -> SERVER:                             <a href='https://yourwebsite.com/login' style='background-color: #007bff; color: #ffffff; padding: 10px 20px; text-decoration: none; border-radius: 5px; font-size: 16px;'>Log In to Your Account</a>

[1] CLIENT -> SERVER:                         </p>

[1] CLIENT -> SERVER:                         <p style='font-size: 14px; color: #666; margin-top: 20px;'>If you have any questions or need assistance, please contact our support team at <a href='mailto:support@yourwebsite.com' style='color: #007bff; text-decoration: none;'>support@yourwebsite.com</a>.</p>

[1] CLIENT -> SERVER:                         <p style='font-size: 14px; color: #666;'>Thank you for choosing Financial Management System.</p>

[1] CLIENT -> SERVER:                         <p style='font-size: 14px; color: #666;'>Best regards,<br>The Financial Management System Team</p>

[1] CLIENT -> SERVER:                     </div>

[1] CLIENT -> SERVER:                 </body>

[1] CLIENT -> SERVER:                 </html>

[1] CLIENT -> SERVER:                 

[1] CLIENT -> SERVER: 

[1] CLIENT -> SERVER: 

[1] CLIENT -> SERVER: --b1=_St7KuWCHxXbxeQPEDwqTGMCd95J7SME9C8BYpu0IKM--

[1] CLIENT -> SERVER: 

[1] CLIENT -> SERVER: .

[2] SERVER -> CLIENT: 250 2.0.0 OK  1751311758 d2e1a72fcca58-74af5575197sm10016428b3a.79 - gsmtp

[1] CLIENT -> SERVER: QUIT

[2] SERVER -> CLIENT: 221 2.0.0 closing connection d2e1a72fcca58-74af5575197sm10016428b3a.79 - gsmtp

[2] SERVER -> CLIENT: 220 smtp.gmail.com ESMTP d2e1a72fcca58-74af55788f5sm10395281b3a.97 - gsmtp

[1] CLIENT -> SERVER: EHLO localhost

[2] SERVER -> CLIENT: 250-smtp.gmail.com at your service, [149.30.138.216]
250-SIZE 35882577
250-8BITMIME
250-STARTTLS
250-ENHANCEDSTATUSCODES
250-PIPELINING
250-CHUNKING
250 SMTPUTF8

[1] CLIENT -> SERVER: STARTTLS

[2] SERVER -> CLIENT: 220 2.0.0 Ready to start TLS

[1] CLIENT -> SERVER: EHLO localhost

[2] SERVER -> CLIENT: 250-smtp.gmail.com at your service, [149.30.138.216]
250-SIZE 35882577
250-8BITMIME
250-AUTH LOGIN PLAIN XOAUTH2 PLAIN-CLIENTTOKEN OAUTHBEARER XOAUTH
250-ENHANCEDSTATUSCODES
250-PIPELINING
250-CHUNKING
250 SMTPUTF8

[1] CLIENT -> SERVER: AUTH LOGIN

[2] SERVER -> CLIENT: 334 VXNlcm5hbWU6

[1] CLIENT -> SERVER: [credentials hidden]
[2] SERVER -> CLIENT: 334 UGFzc3dvcmQ6

[1] CLIENT -> SERVER: [credentials hidden]
[2] SERVER -> CLIENT: 235 2.7.0 Accepted

[1] CLIENT -> SERVER: MAIL FROM:<cacorereservation@gmail.com>

[2] SERVER -> CLIENT: 250 2.1.0 OK d2e1a72fcca58-74af55788f5sm10395281b3a.97 - gsmtp

[1] CLIENT -> SERVER: RCPT TO:<schoolcamposanto05@gmail.com>

[2] SERVER -> CLIENT: 250 2.1.5 OK d2e1a72fcca58-74af55788f5sm10395281b3a.97 - gsmtp

[1] CLIENT -> SERVER: DATA

[2] SERVER -> CLIENT: 354 Go ahead d2e1a72fcca58-74af55788f5sm10395281b3a.97 - gsmtp

[1] CLIENT -> SERVER: Date: Tue, 1 Jul 2025 08:30:53 +0200

[1] CLIENT -> SERVER: To: "AGCHEM (main)" <schoolcamposanto05@gmail.com>

[1] CLIENT -> SERVER: From: Financial Management System <cacorereservation@gmail.com>

[1] CLIENT -> SERVER: Subject: Your Account is Ready

[1] CLIENT -> SERVER: Message-ID: <3qWPGiTFmY4jwfwn6RqOSWN6LhQsszGDq9vgEkC6NA@localhost>

[1] CLIENT -> SERVER: X-Mailer: PHPMailer 6.9.3 (https://github.com/PHPMailer/PHPMailer)

[1] CLIENT -> SERVER: MIME-Version: 1.0

[1] CLIENT -> SERVER: Content-Type: multipart/alternative;

[1] CLIENT -> SERVER:  boundary="b1=_3qWPGiTFmY4jwfwn6RqOSWN6LhQsszGDq9vgEkC6NA"

[1] CLIENT -> SERVER: Content-Transfer-Encoding: 8bit

[1] CLIENT -> SERVER: 

[1] CLIENT -> SERVER: --b1=_3qWPGiTFmY4jwfwn6RqOSWN6LhQsszGDq9vgEkC6NA

[1] CLIENT -> SERVER: Content-Type: text/plain; charset=us-ascii

[1] CLIENT -> SERVER: 

[1] CLIENT -> SERVER: Welcome, AGCHEM (main)!

[1] CLIENT -> SERVER: 

[1] CLIENT -> SERVER: We are pleased to inform you that your account with the Financial Management System has been successfully created.

[1] CLIENT -> SERVER: 

[1] CLIENT -> SERVER: Your login credentials are:

[1] CLIENT -> SERVER: Email: schoolcamposanto05@gmail.com

[1] CLIENT -> SERVER: Temporary Password: GQVa8SFK7d

[1] CLIENT -> SERVER: 

[1] CLIENT -> SERVER: For your security, please log in to your account at http://localhost/Financial_Management/login_form.php and change your temporary password as soon as possible.

[1] CLIENT -> SERVER: 

[1] CLIENT -> SERVER: If you have any questions or need assistance, please contact our support team at support@yourwebsite.com.

[1] CLIENT -> SERVER: 

[1] CLIENT -> SERVER: Thank you for choosing Financial Management System.

[1] CLIENT -> SERVER: 

[1] CLIENT -> SERVER: Best regards,

[1] CLIENT -> SERVER: The Financial Management System Team

[1] CLIENT -> SERVER: 

[1] CLIENT -> SERVER: --b1=_3qWPGiTFmY4jwfwn6RqOSWN6LhQsszGDq9vgEkC6NA

[1] CLIENT -> SERVER: Content-Type: text/html; charset=us-ascii

[1] CLIENT -> SERVER: 

[1] CLIENT -> SERVER: 

[1] CLIENT -> SERVER:                 <!DOCTYPE html>

[1] CLIENT -> SERVER:                 <html lang='en'>

[1] CLIENT -> SERVER:                 <head>

[1] CLIENT -> SERVER:                     <meta charset='UTF-8'>

[1] CLIENT -> SERVER:                     <title>Welcome to Financial Management System</title>

[1] CLIENT -> SERVER:                 </head>

[1] CLIENT -> SERVER:                 <body style='font-family: Arial, sans-serif; line-height: 1.6; color: #333; max-width: 600px; margin: 0 auto; padding: 20px;'>

[1] CLIENT -> SERVER:                     <div style='background-color: #f5f5f5; padding: 20px; border-radius: 8px;'>

[1] CLIENT -> SERVER:                         <h1 style='color: #2c3e50; font-size: 24px; margin-bottom: 20px;'>Welcome, AGCHEM (main)!</h1>

[1] CLIENT -> SERVER:                         <p style='font-size: 16px; margin-bottom: 15px;'>We are pleased to inform you that your account with the Financial Management System has been successfully created.</p>

[1] CLIENT -> SERVER:                         <p style='font-size: 16px; margin-bottom: 15px;'>Below are your login credentials:</p>

[1] CLIENT -> SERVER:                         <ul style='list-style: none; padding: 0; margin-bottom: 20px;'>

[1] CLIENT -> SERVER:                             <li><strong>Email:</strong> schoolcamposanto05@gmail.com</li>

[1] CLIENT -> SERVER:                             <li><strong>Temporary Password:</strong> GQVa8SFK7d</li>

[1] CLIENT -> SERVER:                         </ul>

[1] CLIENT -> SERVER:                         <p style='font-size: 16px; margin-bottom: 15px;'>For your security, please log in to your account and change your temporary password as soon as possible.</p>

[1] CLIENT -> SERVER:                         <p style='text-align: center; margin: 30px 0;'>

[1] CLIENT -> SERVER:                             <a href='https://yourwebsite.com/login' style='background-color: #007bff; color: #ffffff; padding: 10px 20px; text-decoration: none; border-radius: 5px; font-size: 16px;'>Log In to Your Account</a>

[1] CLIENT -> SERVER:                         </p>

[1] CLIENT -> SERVER:                         <p style='font-size: 14px; color: #666; margin-top: 20px;'>If you have any questions or need assistance, please contact our support team at <a href='mailto:support@yourwebsite.com' style='color: #007bff; text-decoration: none;'>support@yourwebsite.com</a>.</p>

[1] CLIENT -> SERVER:                         <p style='font-size: 14px; color: #666;'>Thank you for choosing Financial Management System.</p>

[1] CLIENT -> SERVER:                         <p style='font-size: 14px; color: #666;'>Best regards,<br>The Financial Management System Team</p>

[1] CLIENT -> SERVER:                     </div>

[1] CLIENT -> SERVER:                 </body>

[1] CLIENT -> SERVER:                 </html>

[1] CLIENT -> SERVER:                 

[1] CLIENT -> SERVER: 

[1] CLIENT -> SERVER: 

[1] CLIENT -> SERVER: --b1=_3qWPGiTFmY4jwfwn6RqOSWN6LhQsszGDq9vgEkC6NA--

[1] CLIENT -> SERVER: 

[1] CLIENT -> SERVER: .

[2] SERVER -> CLIENT: 250 2.0.0 OK  1751351458 d2e1a72fcca58-74af55788f5sm10395281b3a.97 - gsmtp

[1] CLIENT -> SERVER: QUIT

[2] SERVER -> CLIENT: 221 2.0.0 closing connection d2e1a72fcca58-74af55788f5sm10395281b3a.97 - gsmtp

[2] SERVER -> CLIENT: 220 smtp.gmail.com ESMTP 98e67ed59e1d1-318c1394288sm11760642a91.2 - gsmtp

[1] CLIENT -> SERVER: EHLO localhost

[2] SERVER -> CLIENT: 250-smtp.gmail.com at your service, [149.30.138.216]
250-SIZE 35882577
250-8BITMIME
250-STARTTLS
250-ENHANCEDSTATUSCODES
250-PIPELINING
250-CHUNKING
250 SMTPUTF8

[1] CLIENT -> SERVER: STARTTLS

[2] SERVER -> CLIENT: 220 2.0.0 Ready to start TLS

[1] CLIENT -> SERVER: EHLO localhost

[2] SERVER -> CLIENT: 250-smtp.gmail.com at your service, [149.30.138.216]
250-SIZE 35882577
250-8BITMIME
250-AUTH LOGIN PLAIN XOAUTH2 PLAIN-CLIENTTOKEN OAUTHBEARER XOAUTH
250-ENHANCEDSTATUSCODES
250-PIPELINING
250-CHUNKING
250 SMTPUTF8

[1] CLIENT -> SERVER: AUTH LOGIN

[2] SERVER -> CLIENT: 334 VXNlcm5hbWU6

[1] CLIENT -> SERVER: [credentials hidden]
[2] SERVER -> CLIENT: 334 UGFzc3dvcmQ6

[1] CLIENT -> SERVER: [credentials hidden]
[2] SERVER -> CLIENT: 235 2.7.0 Accepted

[1] CLIENT -> SERVER: MAIL FROM:<cacorereservation@gmail.com>

[2] SERVER -> CLIENT: 250 2.1.0 OK 98e67ed59e1d1-318c1394288sm11760642a91.2 - gsmtp

[1] CLIENT -> SERVER: RCPT TO:<qiellkim@gmail.com>

[2] SERVER -> CLIENT: 250 2.1.5 OK 98e67ed59e1d1-318c1394288sm11760642a91.2 - gsmtp

[1] CLIENT -> SERVER: DATA

[2] SERVER -> CLIENT: 354 Go ahead 98e67ed59e1d1-318c1394288sm11760642a91.2 - gsmtp

[1] CLIENT -> SERVER: Date: Tue, 1 Jul 2025 19:49:47 +0200

[1] CLIENT -> SERVER: To: Kristine Camille Camposanto <qiellkim@gmail.com>

[1] CLIENT -> SERVER: From: Financial Management System <cacorereservation@gmail.com>

[1] CLIENT -> SERVER: Subject: Your Account is Ready

[1] CLIENT -> SERVER: Message-ID: <HKV67zHnXEPJE5GaSWxYO24NHMkwoH5ku2t5pFWs@localhost>

[1] CLIENT -> SERVER: X-Mailer: PHPMailer 6.9.3 (https://github.com/PHPMailer/PHPMailer)

[1] CLIENT -> SERVER: MIME-Version: 1.0

[1] CLIENT -> SERVER: Content-Type: multipart/alternative;

[1] CLIENT -> SERVER:  boundary="b1=_HKV67zHnXEPJE5GaSWxYO24NHMkwoH5ku2t5pFWs"

[1] CLIENT -> SERVER: Content-Transfer-Encoding: 8bit

[1] CLIENT -> SERVER: 

[1] CLIENT -> SERVER: --b1=_HKV67zHnXEPJE5GaSWxYO24NHMkwoH5ku2t5pFWs

[1] CLIENT -> SERVER: Content-Type: text/plain; charset=us-ascii

[1] CLIENT -> SERVER: 

[1] CLIENT -> SERVER: Welcome, Kristine Camille Camposanto!

[1] CLIENT -> SERVER: 

[1] CLIENT -> SERVER: We are pleased to inform you that your account with the Financial Management System has been successfully created.

[1] CLIENT -> SERVER: 

[1] CLIENT -> SERVER: Your login credentials are:

[1] CLIENT -> SERVER: Email: qiellkim@gmail.com

[1] CLIENT -> SERVER: Temporary Password: 0sX4T4*j5o

[1] CLIENT -> SERVER: 

[1] CLIENT -> SERVER: For your security, please log in to your account at http://localhost/Financial_Management/login_form.php and change your temporary password as soon as possible.

[1] CLIENT -> SERVER: 

[1] CLIENT -> SERVER: If you have any questions or need assistance, please contact our support team at support@yourwebsite.com.

[1] CLIENT -> SERVER: 

[1] CLIENT -> SERVER: Thank you for choosing Financial Management System.

[1] CLIENT -> SERVER: 

[1] CLIENT -> SERVER: Best regards,

[1] CLIENT -> SERVER: The Financial Management System Team

[1] CLIENT -> SERVER: 

[1] CLIENT -> SERVER: --b1=_HKV67zHnXEPJE5GaSWxYO24NHMkwoH5ku2t5pFWs

[1] CLIENT -> SERVER: Content-Type: text/html; charset=us-ascii

[1] CLIENT -> SERVER: 

[1] CLIENT -> SERVER: 

[1] CLIENT -> SERVER:                 <!DOCTYPE html>

[1] CLIENT -> SERVER:                 <html lang='en'>

[1] CLIENT -> SERVER:                 <head>

[1] CLIENT -> SERVER:                     <meta charset='UTF-8'>

[1] CLIENT -> SERVER:                     <title>Welcome to Financial Management System</title>

[1] CLIENT -> SERVER:                 </head>

[1] CLIENT -> SERVER:                 <body style='font-family: Arial, sans-serif; line-height: 1.6; color: #333; max-width: 600px; margin: 0 auto; padding: 20px;'>

[1] CLIENT -> SERVER:                     <div style='background-color: #f5f5f5; padding: 20px; border-radius: 8px;'>

[1] CLIENT -> SERVER:                         <h1 style='color: #2c3e50; font-size: 24px; margin-bottom: 20px;'>Welcome, Kristine Camille Camposanto!</h1>

[1] CLIENT -> SERVER:                         <p style='font-size: 16px; margin-bottom: 15px;'>We are pleased to inform you that your account with the Financial Management System has been successfully created.</p>

[1] CLIENT -> SERVER:                         <p style='font-size: 16px; margin-bottom: 15px;'>Below are your login credentials:</p>

[1] CLIENT -> SERVER:                         <ul style='list-style: none; padding: 0; margin-bottom: 20px;'>

[1] CLIENT -> SERVER:                             <li><strong>Email:</strong> qiellkim@gmail.com</li>

[1] CLIENT -> SERVER:                             <li><strong>Temporary Password:</strong> 0sX4T4*j5o</li>

[1] CLIENT -> SERVER:                         </ul>

[1] CLIENT -> SERVER:                         <p style='font-size: 16px; margin-bottom: 15px;'>For your security, please log in to your account and change your temporary password as soon as possible.</p>

[1] CLIENT -> SERVER:                         <p style='text-align: center; margin: 30px 0;'>

[1] CLIENT -> SERVER:                             <a href='https://yourwebsite.com/login' style='background-color: #007bff; color: #ffffff; padding: 10px 20px; text-decoration: none; border-radius: 5px; font-size: 16px;'>Log In to Your Account</a>

[1] CLIENT -> SERVER:                         </p>

[1] CLIENT -> SERVER:                         <p style='font-size: 14px; color: #666; margin-top: 20px;'>If you have any questions or need assistance, please contact our support team at <a href='mailto:support@yourwebsite.com' style='color: #007bff; text-decoration: none;'>support@yourwebsite.com</a>.</p>

[1] CLIENT -> SERVER:                         <p style='font-size: 14px; color: #666;'>Thank you for choosing Financial Management System.</p>

[1] CLIENT -> SERVER:                         <p style='font-size: 14px; color: #666;'>Best regards,<br>The Financial Management System Team</p>

[1] CLIENT -> SERVER:                     </div>

[1] CLIENT -> SERVER:                 </body>

[1] CLIENT -> SERVER:                 </html>

[1] CLIENT -> SERVER:                 

[1] CLIENT -> SERVER: 

[1] CLIENT -> SERVER: 

[1] CLIENT -> SERVER: --b1=_HKV67zHnXEPJE5GaSWxYO24NHMkwoH5ku2t5pFWs--

[1] CLIENT -> SERVER: 

[1] CLIENT -> SERVER: .

[2] SERVER -> CLIENT: 250 2.0.0 OK  1751392193 98e67ed59e1d1-318c1394288sm11760642a91.2 - gsmtp

[1] CLIENT -> SERVER: QUIT

[2] SERVER -> CLIENT: 221 2.0.0 closing connection 98e67ed59e1d1-318c1394288sm11760642a91.2 - gsmtp

[2] SERVER -> CLIENT: 220 smtp.gmail.com ESMTP 98e67ed59e1d1-31a80e41505sm5556441a91.1 - gsmtp

[1] CLIENT -> SERVER: EHLO localhost

[2] SERVER -> CLIENT: 250-smtp.gmail.com at your service, [149.30.138.216]
250-SIZE 36700160
250-8BITMIME
250-STARTTLS
250-ENHANCEDSTATUSCODES
250-PIPELINING
250-CHUNKING
250 SMTPUTF8

[1] CLIENT -> SERVER: STARTTLS

[2] SERVER -> CLIENT: 220 2.0.0 Ready to start TLS

[1] CLIENT -> SERVER: EHLO localhost

[2] SERVER -> CLIENT: 250-smtp.gmail.com at your service, [149.30.138.216]
250-SIZE 36700160
250-8BITMIME
250-AUTH LOGIN PLAIN XOAUTH2 PLAIN-CLIENTTOKEN OAUTHBEARER XOAUTH
250-ENHANCEDSTATUSCODES
250-PIPELINING
250-CHUNKING
250 SMTPUTF8

[1] CLIENT -> SERVER: AUTH LOGIN

[2] SERVER -> CLIENT: 334 VXNlcm5hbWU6

[1] CLIENT -> SERVER: [credentials hidden]
[2] SERVER -> CLIENT: 334 UGFzc3dvcmQ6

[1] CLIENT -> SERVER: [credentials hidden]
[2] SERVER -> CLIENT: 235 2.7.0 Accepted

[1] CLIENT -> SERVER: MAIL FROM:<cacorereservation@gmail.com>

[2] SERVER -> CLIENT: 250 2.1.0 OK 98e67ed59e1d1-31a80e41505sm5556441a91.1 - gsmtp

[1] CLIENT -> SERVER: RCPT TO:<patriciadelossantos105@gmail.com>

[2] SERVER -> CLIENT: 250 2.1.5 OK 98e67ed59e1d1-31a80e41505sm5556441a91.1 - gsmtp

[1] CLIENT -> SERVER: DATA

[2] SERVER -> CLIENT: 354 Go ahead 98e67ed59e1d1-31a80e41505sm5556441a91.1 - gsmtp

[1] CLIENT -> SERVER: Date: Sat, 5 Jul 2025 09:22:59 +0200

[1] CLIENT -> SERVER: To: "Patricia F. Delos Santos" <patriciadelossantos105@gmail.com>

[1] CLIENT -> SERVER: From: Financial Management System <cacorereservation@gmail.com>

[1] CLIENT -> SERVER: Subject: Your Account is Ready

[1] CLIENT -> SERVER: Message-ID: <Hm8pijWTBdKPXfDoHQ4BytreHSK82ks2DRrj2I@localhost>

[1] CLIENT -> SERVER: X-Mailer: PHPMailer 6.9.3 (https://github.com/PHPMailer/PHPMailer)

[1] CLIENT -> SERVER: MIME-Version: 1.0

[1] CLIENT -> SERVER: Content-Type: multipart/alternative;

[1] CLIENT -> SERVER:  boundary="b1=_Hm8pijWTBdKPXfDoHQ4BytreHSK82ks2DRrj2I"

[1] CLIENT -> SERVER: Content-Transfer-Encoding: 8bit

[1] CLIENT -> SERVER: 

[1] CLIENT -> SERVER: --b1=_Hm8pijWTBdKPXfDoHQ4BytreHSK82ks2DRrj2I

[1] CLIENT -> SERVER: Content-Type: text/plain; charset=us-ascii

[1] CLIENT -> SERVER: 

[1] CLIENT -> SERVER: Welcome, Patricia F. Delos Santos!

[1] CLIENT -> SERVER: 

[1] CLIENT -> SERVER: We are pleased to inform you that your account with the Financial Management System has been successfully created.

[1] CLIENT -> SERVER: 

[1] CLIENT -> SERVER: Your login credentials are:

[1] CLIENT -> SERVER: Email: patriciadelossantos105@gmail.com

[1] CLIENT -> SERVER: Temporary Password: 0OGpmy@gUe

[1] CLIENT -> SERVER: 

[1] CLIENT -> SERVER: For your security, please log in to your account at http://localhost/Financial_Management/login_form.php and change your temporary password as soon as possible.

[1] CLIENT -> SERVER: 

[1] CLIENT -> SERVER: If you have any questions or need assistance, please contact our support team at support@yourwebsite.com.

[1] CLIENT -> SERVER: 

[1] CLIENT -> SERVER: Thank you for choosing Financial Management System.

[1] CLIENT -> SERVER: 

[1] CLIENT -> SERVER: Best regards,

[1] CLIENT -> SERVER: The Financial Management System Team

[1] CLIENT -> SERVER: 

[1] CLIENT -> SERVER: --b1=_Hm8pijWTBdKPXfDoHQ4BytreHSK82ks2DRrj2I

[1] CLIENT -> SERVER: Content-Type: text/html; charset=us-ascii

[1] CLIENT -> SERVER: 

[1] CLIENT -> SERVER: 

[1] CLIENT -> SERVER:                 <!DOCTYPE html>

[1] CLIENT -> SERVER:                 <html lang='en'>

[1] CLIENT -> SERVER:                 <head>

[1] CLIENT -> SERVER:                     <meta charset='UTF-8'>

[1] CLIENT -> SERVER:                     <title>Welcome to Financial Management System</title>

[1] CLIENT -> SERVER:                 </head>

[1] CLIENT -> SERVER:                 <body style='font-family: Arial, sans-serif; line-height: 1.6; color: #333; max-width: 600px; margin: 0 auto; padding: 20px;'>

[1] CLIENT -> SERVER:                     <div style='background-color: #f5f5f5; padding: 20px; border-radius: 8px;'>

[1] CLIENT -> SERVER:                         <h1 style='color: #2c3e50; font-size: 24px; margin-bottom: 20px;'>Welcome, Patricia F. Delos Santos!</h1>

[1] CLIENT -> SERVER:                         <p style='font-size: 16px; margin-bottom: 15px;'>We are pleased to inform you that your account with the Financial Management System has been successfully created.</p>

[1] CLIENT -> SERVER:                         <p style='font-size: 16px; margin-bottom: 15px;'>Below are your login credentials:</p>

[1] CLIENT -> SERVER:                         <ul style='list-style: none; padding: 0; margin-bottom: 20px;'>

[1] CLIENT -> SERVER:                             <li><strong>Email:</strong> patriciadelossantos105@gmail.com</li>

[1] CLIENT -> SERVER:                             <li><strong>Temporary Password:</strong> 0OGpmy@gUe</li>

[1] CLIENT -> SERVER:                         </ul>

[1] CLIENT -> SERVER:                         <p style='font-size: 16px; margin-bottom: 15px;'>For your security, please log in to your account and change your temporary password as soon as possible.</p>

[1] CLIENT -> SERVER:                         <p style='text-align: center; margin: 30px 0;'>

[1] CLIENT -> SERVER:                             <a href='https://yourwebsite.com/login' style='background-color: #007bff; color: #ffffff; padding: 10px 20px; text-decoration: none; border-radius: 5px; font-size: 16px;'>Log In to Your Account</a>

[1] CLIENT -> SERVER:                         </p>

[1] CLIENT -> SERVER:                         <p style='font-size: 14px; color: #666; margin-top: 20px;'>If you have any questions or need assistance, please contact our support team at <a href='mailto:support@yourwebsite.com' style='color: #007bff; text-decoration: none;'>support@yourwebsite.com</a>.</p>

[1] CLIENT -> SERVER:                         <p style='font-size: 14px; color: #666;'>Thank you for choosing Financial Management System.</p>

[1] CLIENT -> SERVER:                         <p style='font-size: 14px; color: #666;'>Best regards,<br>The Financial Management System Team</p>

[1] CLIENT -> SERVER:                     </div>

[1] CLIENT -> SERVER:                 </body>

[1] CLIENT -> SERVER:                 </html>

[1] CLIENT -> SERVER:                 

[1] CLIENT -> SERVER: 

[1] CLIENT -> SERVER: 

[1] CLIENT -> SERVER: --b1=_Hm8pijWTBdKPXfDoHQ4BytreHSK82ks2DRrj2I--

[1] CLIENT -> SERVER: 

[1] CLIENT -> SERVER: .

[2] SERVER -> CLIENT: 250 2.0.0 OK  1751700185 98e67ed59e1d1-31a80e41505sm5556441a91.1 - gsmtp

[1] CLIENT -> SERVER: QUIT

[2] SERVER -> CLIENT: 221 2.0.0 closing connection 98e67ed59e1d1-31a80e41505sm5556441a91.1 - gsmtp

[2] SERVER -> CLIENT: 220 smtp.gmail.com ESMTP d2e1a72fcca58-74ce417f18asm10995394b3a.77 - gsmtp

[1] CLIENT -> SERVER: EHLO localhost

[2] SERVER -> CLIENT: 250-smtp.gmail.com at your service, [149.30.138.216]
250-SIZE 36700160
250-8BITMIME
250-STARTTLS
250-ENHANCEDSTATUSCODES
250-PIPELINING
250-CHUNKING
250 SMTPUTF8

[1] CLIENT -> SERVER: STARTTLS

[2] SERVER -> CLIENT: 220 2.0.0 Ready to start TLS

[1] CLIENT -> SERVER: EHLO localhost

[2] SERVER -> CLIENT: 250-smtp.gmail.com at your service, [149.30.138.216]
250-SIZE 36700160
250-8BITMIME
250-AUTH LOGIN PLAIN XOAUTH2 PLAIN-CLIENTTOKEN OAUTHBEARER XOAUTH
250-ENHANCEDSTATUSCODES
250-PIPELINING
250-CHUNKING
250 SMTPUTF8

[1] CLIENT -> SERVER: AUTH LOGIN

[2] SERVER -> CLIENT: 334 VXNlcm5hbWU6

[1] CLIENT -> SERVER: [credentials hidden]
[2] SERVER -> CLIENT: 334 UGFzc3dvcmQ6

[1] CLIENT -> SERVER: [credentials hidden]
[2] SERVER -> CLIENT: 235 2.7.0 Accepted

[1] CLIENT -> SERVER: MAIL FROM:<cacorereservation@gmail.com>

[2] SERVER -> CLIENT: 250 2.1.0 OK d2e1a72fcca58-74ce417f18asm10995394b3a.77 - gsmtp

[1] CLIENT -> SERVER: RCPT TO:<jeuscedricjmanalili@gmail.com>

[2] SERVER -> CLIENT: 250 2.1.5 OK d2e1a72fcca58-74ce417f18asm10995394b3a.77 - gsmtp

[1] CLIENT -> SERVER: DATA

[2] SERVER -> CLIENT: 354 Go ahead d2e1a72fcca58-74ce417f18asm10995394b3a.77 - gsmtp

[1] CLIENT -> SERVER: Date: Tue, 8 Jul 2025 14:46:38 +0200

[1] CLIENT -> SERVER: To: Jeus Cedric Manalili <jeuscedricjmanalili@gmail.com>

[1] CLIENT -> SERVER: From: Financial Management System <cacorereservation@gmail.com>

[1] CLIENT -> SERVER: Subject: Your Account is Ready

[1] CLIENT -> SERVER: Message-ID: <Jdc1btHFhg2lFk4AWmc2W6FC7XhMXrFf5Yup0dGI@localhost>

[1] CLIENT -> SERVER: X-Mailer: PHPMailer 6.9.3 (https://github.com/PHPMailer/PHPMailer)

[1] CLIENT -> SERVER: MIME-Version: 1.0

[1] CLIENT -> SERVER: Content-Type: multipart/alternative;

[1] CLIENT -> SERVER:  boundary="b1=_Jdc1btHFhg2lFk4AWmc2W6FC7XhMXrFf5Yup0dGI"

[1] CLIENT -> SERVER: Content-Transfer-Encoding: 8bit

[1] CLIENT -> SERVER: 

[1] CLIENT -> SERVER: --b1=_Jdc1btHFhg2lFk4AWmc2W6FC7XhMXrFf5Yup0dGI

[1] CLIENT -> SERVER: Content-Type: text/plain; charset=us-ascii

[1] CLIENT -> SERVER: 

[1] CLIENT -> SERVER: Welcome, Jeus Cedric Manalili!

[1] CLIENT -> SERVER: 

[1] CLIENT -> SERVER: We are pleased to inform you that your account with the Financial Management System has been successfully created.

[1] CLIENT -> SERVER: 

[1] CLIENT -> SERVER: Your login credentials are:

[1] CLIENT -> SERVER: Email: jeuscedricjmanalili@gmail.com

[1] CLIENT -> SERVER: Temporary Password: +J*151EMIf

[1] CLIENT -> SERVER: 

[1] CLIENT -> SERVER: For your security, please log in to your account at http://localhost/Financial_Management/login_form.php and change your temporary password as soon as possible.

[1] CLIENT -> SERVER: 

[1] CLIENT -> SERVER: If you have any questions or need assistance, please contact our support team at support@yourwebsite.com.

[1] CLIENT -> SERVER: 

[1] CLIENT -> SERVER: Thank you for choosing Financial Management System.

[1] CLIENT -> SERVER: 

[1] CLIENT -> SERVER: Best regards,

[1] CLIENT -> SERVER: The Financial Management System Team

[1] CLIENT -> SERVER: 

[1] CLIENT -> SERVER: --b1=_Jdc1btHFhg2lFk4AWmc2W6FC7XhMXrFf5Yup0dGI

[1] CLIENT -> SERVER: Content-Type: text/html; charset=us-ascii

[1] CLIENT -> SERVER: 

[1] CLIENT -> SERVER: 

[1] CLIENT -> SERVER:                 <!DOCTYPE html>

[1] CLIENT -> SERVER:                 <html lang='en'>

[1] CLIENT -> SERVER:                 <head>

[1] CLIENT -> SERVER:                     <meta charset='UTF-8'>

[1] CLIENT -> SERVER:                     <title>Welcome to Financial Management System</title>

[1] CLIENT -> SERVER:                 </head>

[1] CLIENT -> SERVER:                 <body style='font-family: Arial, sans-serif; line-height: 1.6; color: #333; max-width: 600px; margin: 0 auto; padding: 20px;'>

[1] CLIENT -> SERVER:                     <div style='background-color: #f5f5f5; padding: 20px; border-radius: 8px;'>

[1] CLIENT -> SERVER:                         <h1 style='color: #2c3e50; font-size: 24px; margin-bottom: 20px;'>Welcome, Jeus Cedric Manalili!</h1>

[1] CLIENT -> SERVER:                         <p style='font-size: 16px; margin-bottom: 15px;'>We are pleased to inform you that your account with the Financial Management System has been successfully created.</p>

[1] CLIENT -> SERVER:                         <p style='font-size: 16px; margin-bottom: 15px;'>Below are your login credentials:</p>

[1] CLIENT -> SERVER:                         <ul style='list-style: none; padding: 0; margin-bottom: 20px;'>

[1] CLIENT -> SERVER:                             <li><strong>Email:</strong> jeuscedricjmanalili@gmail.com</li>

[1] CLIENT -> SERVER:                             <li><strong>Temporary Password:</strong> +J*151EMIf</li>

[1] CLIENT -> SERVER:                         </ul>

[1] CLIENT -> SERVER:                         <p style='font-size: 16px; margin-bottom: 15px;'>For your security, please log in to your account and change your temporary password as soon as possible.</p>

[1] CLIENT -> SERVER:                         <p style='text-align: center; margin: 30px 0;'>

[1] CLIENT -> SERVER:                             <a href='https://yourwebsite.com/login' style='background-color: #007bff; color: #ffffff; padding: 10px 20px; text-decoration: none; border-radius: 5px; font-size: 16px;'>Log In to Your Account</a>

[1] CLIENT -> SERVER:                         </p>

[1] CLIENT -> SERVER:                         <p style='font-size: 14px; color: #666; margin-top: 20px;'>If you have any questions or need assistance, please contact our support team at <a href='mailto:support@yourwebsite.com' style='color: #007bff; text-decoration: none;'>support@yourwebsite.com</a>.</p>

[1] CLIENT -> SERVER:                         <p style='font-size: 14px; color: #666;'>Thank you for choosing Financial Management System.</p>

[1] CLIENT -> SERVER:                         <p style='font-size: 14px; color: #666;'>Best regards,<br>The Financial Management System Team</p>

[1] CLIENT -> SERVER:                     </div>

[1] CLIENT -> SERVER:                 </body>

[1] CLIENT -> SERVER:                 </html>

[1] CLIENT -> SERVER:                 

[1] CLIENT -> SERVER: 

[1] CLIENT -> SERVER: 

[1] CLIENT -> SERVER: --b1=_Jdc1btHFhg2lFk4AWmc2W6FC7XhMXrFf5Yup0dGI--

[1] CLIENT -> SERVER: 

[1] CLIENT -> SERVER: .

[2] SERVER -> CLIENT: 250 2.0.0 OK  1751978802 d2e1a72fcca58-74ce417f18asm10995394b3a.77 - gsmtp

[1] CLIENT -> SERVER: QUIT

[2] SERVER -> CLIENT: 221 2.0.0 closing connection d2e1a72fcca58-74ce417f18asm10995394b3a.77 - gsmtp

[2] SERVER -> CLIENT: 220 smtp.gmail.com ESMTP 98e67ed59e1d1-31c2209df3csm2314629a91.32 - gsmtp

[1] CLIENT -> SERVER: EHLO localhost

[2] SERVER -> CLIENT: 250-smtp.gmail.com at your service, [149.30.138.216]
250-SIZE 36700160
250-8BITMIME
250-STARTTLS
250-ENHANCEDSTATUSCODES
250-PIPELINING
250-CHUNKING
250 SMTPUTF8

[1] CLIENT -> SERVER: STARTTLS

[2] SERVER -> CLIENT: 220 2.0.0 Ready to start TLS

[1] CLIENT -> SERVER: EHLO localhost

[2] SERVER -> CLIENT: 250-smtp.gmail.com at your service, [149.30.138.216]
250-SIZE 36700160
250-8BITMIME
250-AUTH LOGIN PLAIN XOAUTH2 PLAIN-CLIENTTOKEN OAUTHBEARER XOAUTH
250-ENHANCEDSTATUSCODES
250-PIPELINING
250-CHUNKING
250 SMTPUTF8

[1] CLIENT -> SERVER: AUTH LOGIN

[2] SERVER -> CLIENT: 334 VXNlcm5hbWU6

[1] CLIENT -> SERVER: [credentials hidden]
[2] SERVER -> CLIENT: 334 UGFzc3dvcmQ6

[1] CLIENT -> SERVER: [credentials hidden]
[2] SERVER -> CLIENT: 235 2.7.0 Accepted

[1] CLIENT -> SERVER: MAIL FROM:<cacorereservation@gmail.com>

[2] SERVER -> CLIENT: 250 2.1.0 OK 98e67ed59e1d1-31c2209df3csm2314629a91.32 - gsmtp

[1] CLIENT -> SERVER: RCPT TO:<jeuscedricjmanalili@gmail.com>

[2] SERVER -> CLIENT: 250 2.1.5 OK 98e67ed59e1d1-31c2209df3csm2314629a91.32 - gsmtp

[1] CLIENT -> SERVER: DATA

[2] SERVER -> CLIENT: 354 Go ahead 98e67ed59e1d1-31c2209df3csm2314629a91.32 - gsmtp

[1] CLIENT -> SERVER: Date: Tue, 8 Jul 2025 15:27:39 +0200

[1] CLIENT -> SERVER: To: Kuksiiiii <jeuscedricjmanalili@gmail.com>

[1] CLIENT -> SERVER: From: Financial Management System <cacorereservation@gmail.com>

[1] CLIENT -> SERVER: Subject: Your Account is Ready

[1] CLIENT -> SERVER: Message-ID: <AEen6l07CYEqWGo9CVM8GreBBMqSBmYeJQ325DGxM@localhost>

[1] CLIENT -> SERVER: X-Mailer: PHPMailer 6.9.3 (https://github.com/PHPMailer/PHPMailer)

[1] CLIENT -> SERVER: MIME-Version: 1.0

[1] CLIENT -> SERVER: Content-Type: multipart/alternative;

[1] CLIENT -> SERVER:  boundary="b1=_AEen6l07CYEqWGo9CVM8GreBBMqSBmYeJQ325DGxM"

[1] CLIENT -> SERVER: Content-Transfer-Encoding: 8bit

[1] CLIENT -> SERVER: 

[1] CLIENT -> SERVER: --b1=_AEen6l07CYEqWGo9CVM8GreBBMqSBmYeJQ325DGxM

[1] CLIENT -> SERVER: Content-Type: text/plain; charset=us-ascii

[1] CLIENT -> SERVER: 

[1] CLIENT -> SERVER: Welcome, Kuksiiiii!

[1] CLIENT -> SERVER: 

[1] CLIENT -> SERVER: We are pleased to inform you that your account with the Financial Management System has been successfully created.

[1] CLIENT -> SERVER: 

[1] CLIENT -> SERVER: Your login credentials are:

[1] CLIENT -> SERVER: Email: jeuscedricjmanalili@gmail.com

[1] CLIENT -> SERVER: Temporary Password: _n&HEvMxV0

[1] CLIENT -> SERVER: 

[1] CLIENT -> SERVER: For your security, please log in to your account at http://localhost/Financial_Management/login_form.php and change your temporary password as soon as possible.

[1] CLIENT -> SERVER: 

[1] CLIENT -> SERVER: If you have any questions or need assistance, please contact our support team at support@yourwebsite.com.

[1] CLIENT -> SERVER: 

[1] CLIENT -> SERVER: Thank you for choosing Financial Management System.

[1] CLIENT -> SERVER: 

[1] CLIENT -> SERVER: Best regards,

[1] CLIENT -> SERVER: The Financial Management System Team

[1] CLIENT -> SERVER: 

[1] CLIENT -> SERVER: --b1=_AEen6l07CYEqWGo9CVM8GreBBMqSBmYeJQ325DGxM

[1] CLIENT -> SERVER: Content-Type: text/html; charset=us-ascii

[1] CLIENT -> SERVER: 

[1] CLIENT -> SERVER: 

[1] CLIENT -> SERVER:                 <!DOCTYPE html>

[1] CLIENT -> SERVER:                 <html lang='en'>

[1] CLIENT -> SERVER:                 <head>

[1] CLIENT -> SERVER:                     <meta charset='UTF-8'>

[1] CLIENT -> SERVER:                     <title>Welcome to Financial Management System</title>

[1] CLIENT -> SERVER:                 </head>

[1] CLIENT -> SERVER:                 <body style='font-family: Arial, sans-serif; line-height: 1.6; color: #333; max-width: 600px; margin: 0 auto; padding: 20px;'>

[1] CLIENT -> SERVER:                     <div style='background-color: #f5f5f5; padding: 20px; border-radius: 8px;'>

[1] CLIENT -> SERVER:                         <h1 style='color: #2c3e50; font-size: 24px; margin-bottom: 20px;'>Welcome, Kuksiiiii!</h1>

[1] CLIENT -> SERVER:                         <p style='font-size: 16px; margin-bottom: 15px;'>We are pleased to inform you that your account with the Financial Management System has been successfully created.</p>

[1] CLIENT -> SERVER:                         <p style='font-size: 16px; margin-bottom: 15px;'>Below are your login credentials:</p>

[1] CLIENT -> SERVER:                         <ul style='list-style: none; padding: 0; margin-bottom: 20px;'>

[1] CLIENT -> SERVER:                             <li><strong>Email:</strong> jeuscedricjmanalili@gmail.com</li>

[1] CLIENT -> SERVER:                             <li><strong>Temporary Password:</strong> _n&HEvMxV0</li>

[1] CLIENT -> SERVER:                         </ul>

[1] CLIENT -> SERVER:                         <p style='font-size: 16px; margin-bottom: 15px;'>For your security, please log in to your account and change your temporary password as soon as possible.</p>

[1] CLIENT -> SERVER:                         <p style='text-align: center; margin: 30px 0;'>

[1] CLIENT -> SERVER:                             <a href='https://yourwebsite.com/login' style='background-color: #007bff; color: #ffffff; padding: 10px 20px; text-decoration: none; border-radius: 5px; font-size: 16px;'>Log In to Your Account</a>

[1] CLIENT -> SERVER:                         </p>

[1] CLIENT -> SERVER:                         <p style='font-size: 14px; color: #666; margin-top: 20px;'>If you have any questions or need assistance, please contact our support team at <a href='mailto:support@yourwebsite.com' style='color: #007bff; text-decoration: none;'>support@yourwebsite.com</a>.</p>

[1] CLIENT -> SERVER:                         <p style='font-size: 14px; color: #666;'>Thank you for choosing Financial Management System.</p>

[1] CLIENT -> SERVER:                         <p style='font-size: 14px; color: #666;'>Best regards,<br>The Financial Management System Team</p>

[1] CLIENT -> SERVER:                     </div>

[1] CLIENT -> SERVER:                 </body>

[1] CLIENT -> SERVER:                 </html>

[1] CLIENT -> SERVER:                 

[1] CLIENT -> SERVER: 

[1] CLIENT -> SERVER: 

[1] CLIENT -> SERVER: --b1=_AEen6l07CYEqWGo9CVM8GreBBMqSBmYeJQ325DGxM--

[1] CLIENT -> SERVER: 

[1] CLIENT -> SERVER: .

[2] SERVER -> CLIENT: 250 2.0.0 OK  1751981263 98e67ed59e1d1-31c2209df3csm2314629a91.32 - gsmtp

[1] CLIENT -> SERVER: QUIT

[2] SERVER -> CLIENT: 221 2.0.0 closing connection 98e67ed59e1d1-31c2209df3csm2314629a91.32 - gsmtp

[2] SERVER -> CLIENT: 220 smtp.gmail.com ESMTP d2e1a72fcca58-74ce429b77dsm12133238b3a.127 - gsmtp

[1] CLIENT -> SERVER: EHLO localhost

[2] SERVER -> CLIENT: 250-smtp.gmail.com at your service, [149.30.138.216]
250-SIZE 36700160
250-8BITMIME
250-STARTTLS
250-ENHANCEDSTATUSCODES
250-PIPELINING
250-CHUNKING
250 SMTPUTF8

[1] CLIENT -> SERVER: STARTTLS

[2] SERVER -> CLIENT: 220 2.0.0 Ready to start TLS

[1] CLIENT -> SERVER: EHLO localhost

[2] SERVER -> CLIENT: 250-smtp.gmail.com at your service, [149.30.138.216]
250-SIZE 36700160
250-8BITMIME
250-AUTH LOGIN PLAIN XOAUTH2 PLAIN-CLIENTTOKEN OAUTHBEARER XOAUTH
250-ENHANCEDSTATUSCODES
250-PIPELINING
250-CHUNKING
250 SMTPUTF8

[1] CLIENT -> SERVER: AUTH LOGIN

[2] SERVER -> CLIENT: 334 VXNlcm5hbWU6

[1] CLIENT -> SERVER: [credentials hidden]
[2] SERVER -> CLIENT: 334 UGFzc3dvcmQ6

[1] CLIENT -> SERVER: [credentials hidden]
[2] SERVER -> CLIENT: 235 2.7.0 Accepted

[1] CLIENT -> SERVER: MAIL FROM:<cacorereservation@gmail.com>

[2] SERVER -> CLIENT: 250 2.1.0 OK d2e1a72fcca58-74ce429b77dsm12133238b3a.127 - gsmtp

[1] CLIENT -> SERVER: RCPT TO:<agchemssss@gmail.com>

[2] SERVER -> CLIENT: 250 2.1.5 OK d2e1a72fcca58-74ce429b77dsm12133238b3a.127 - gsmtp

[1] CLIENT -> SERVER: DATA

[2] SERVER -> CLIENT: 354 Go ahead d2e1a72fcca58-74ce429b77dsm12133238b3a.127 - gsmtp

[1] CLIENT -> SERVER: Date: Tue, 8 Jul 2025 20:17:07 +0200

[1] CLIENT -> SERVER: To: "AGCHEM (main)" <agchemssss@gmail.com>

[1] CLIENT -> SERVER: From: Financial Management System <cacorereservation@gmail.com>

[1] CLIENT -> SERVER: Subject: Your Account is Ready

[1] CLIENT -> SERVER: Message-ID: <xf9pcIaJFP4MfS6vsXSBE9gF9UdUdpapNzMezgLWs@localhost>

[1] CLIENT -> SERVER: X-Mailer: PHPMailer 6.9.3 (https://github.com/PHPMailer/PHPMailer)

[1] CLIENT -> SERVER: MIME-Version: 1.0

[1] CLIENT -> SERVER: Content-Type: multipart/alternative;

[1] CLIENT -> SERVER:  boundary="b1=_xf9pcIaJFP4MfS6vsXSBE9gF9UdUdpapNzMezgLWs"

[1] CLIENT -> SERVER: Content-Transfer-Encoding: 8bit

[1] CLIENT -> SERVER: 

[1] CLIENT -> SERVER: --b1=_xf9pcIaJFP4MfS6vsXSBE9gF9UdUdpapNzMezgLWs

[1] CLIENT -> SERVER: Content-Type: text/plain; charset=us-ascii

[1] CLIENT -> SERVER: 

[1] CLIENT -> SERVER: Welcome, AGCHEM (main)!

[1] CLIENT -> SERVER: 

[1] CLIENT -> SERVER: We are pleased to inform you that your account with the Financial Management System has been successfully created.

[1] CLIENT -> SERVER: 

[1] CLIENT -> SERVER: Your login credentials are:

[1] CLIENT -> SERVER: Email: agchemssss@gmail.com

[1] CLIENT -> SERVER: Temporary Password: %CiZVvwPFN

[1] CLIENT -> SERVER: 

[1] CLIENT -> SERVER: For your security, please log in to your account at http://localhost/Financial_Management/login_form.php and change your temporary password as soon as possible.

[1] CLIENT -> SERVER: 

[1] CLIENT -> SERVER: If you have any questions or need assistance, please contact our support team at support@yourwebsite.com.

[1] CLIENT -> SERVER: 

[1] CLIENT -> SERVER: Thank you for choosing Financial Management System.

[1] CLIENT -> SERVER: 

[1] CLIENT -> SERVER: Best regards,

[1] CLIENT -> SERVER: The Financial Management System Team

[1] CLIENT -> SERVER: 

[1] CLIENT -> SERVER: --b1=_xf9pcIaJFP4MfS6vsXSBE9gF9UdUdpapNzMezgLWs

[1] CLIENT -> SERVER: Content-Type: text/html; charset=us-ascii

[1] CLIENT -> SERVER: 

[1] CLIENT -> SERVER: 

[1] CLIENT -> SERVER:                 <!DOCTYPE html>

[1] CLIENT -> SERVER:                 <html lang='en'>

[1] CLIENT -> SERVER:                 <head>

[1] CLIENT -> SERVER:                     <meta charset='UTF-8'>

[1] CLIENT -> SERVER:                     <title>Welcome to Financial Management System</title>

[1] CLIENT -> SERVER:                 </head>

[1] CLIENT -> SERVER:                 <body style='font-family: Arial, sans-serif; line-height: 1.6; color: #333; max-width: 600px; margin: 0 auto; padding: 20px;'>

[1] CLIENT -> SERVER:                     <div style='background-color: #f5f5f5; padding: 20px; border-radius: 8px;'>

[1] CLIENT -> SERVER:                         <h1 style='color: #2c3e50; font-size: 24px; margin-bottom: 20px;'>Welcome, AGCHEM (main)!</h1>

[1] CLIENT -> SERVER:                         <p style='font-size: 16px; margin-bottom: 15px;'>We are pleased to inform you that your account with the Financial Management System has been successfully created.</p>

[1] CLIENT -> SERVER:                         <p style='font-size: 16px; margin-bottom: 15px;'>Below are your login credentials:</p>

[1] CLIENT -> SERVER:                         <ul style='list-style: none; padding: 0; margin-bottom: 20px;'>

[1] CLIENT -> SERVER:                             <li><strong>Email:</strong> agchemssss@gmail.com</li>

[1] CLIENT -> SERVER:                             <li><strong>Temporary Password:</strong> %CiZVvwPFN</li>

[1] CLIENT -> SERVER:                         </ul>

[1] CLIENT -> SERVER:                         <p style='font-size: 16px; margin-bottom: 15px;'>For your security, please log in to your account and change your temporary password as soon as possible.</p>

[1] CLIENT -> SERVER:                         <p style='text-align: center; margin: 30px 0;'>

[1] CLIENT -> SERVER:                             <a href='https://yourwebsite.com/login' style='background-color: #007bff; color: #ffffff; padding: 10px 20px; text-decoration: none; border-radius: 5px; font-size: 16px;'>Log In to Your Account</a>

[1] CLIENT -> SERVER:                         </p>

[1] CLIENT -> SERVER:                         <p style='font-size: 14px; color: #666; margin-top: 20px;'>If you have any questions or need assistance, please contact our support team at <a href='mailto:support@yourwebsite.com' style='color: #007bff; text-decoration: none;'>support@yourwebsite.com</a>.</p>

[1] CLIENT -> SERVER:                         <p style='font-size: 14px; color: #666;'>Thank you for choosing Financial Management System.</p>

[1] CLIENT -> SERVER:                         <p style='font-size: 14px; color: #666;'>Best regards,<br>The Financial Management System Team</p>

[1] CLIENT -> SERVER:                     </div>

[1] CLIENT -> SERVER:                 </body>

[1] CLIENT -> SERVER:                 </html>

[1] CLIENT -> SERVER:                 

[1] CLIENT -> SERVER: 

[1] CLIENT -> SERVER: 

[1] CLIENT -> SERVER: --b1=_xf9pcIaJFP4MfS6vsXSBE9gF9UdUdpapNzMezgLWs--

[1] CLIENT -> SERVER: 

[1] CLIENT -> SERVER: .

[2] SERVER -> CLIENT: 250 2.0.0 OK  1751998631 d2e1a72fcca58-74ce429b77dsm12133238b3a.127 - gsmtp

[1] CLIENT -> SERVER: QUIT

[2] SERVER -> CLIENT: 221 2.0.0 closing connection d2e1a72fcca58-74ce429b77dsm12133238b3a.127 - gsmtp

[2] SERVER -> CLIENT: 220 smtp.gmail.com ESMTP d9443c01a7336-23c845801b2sm124629105ad.169 - gsmtp

[1] CLIENT -> SERVER: EHLO localhost

[2] SERVER -> CLIENT: 250-smtp.gmail.com at your service, [149.30.138.216]
250-SIZE 36700160
250-8BITMIME
250-STARTTLS
250-ENHANCEDSTATUSCODES
250-PIPELINING
250-CHUNKING
250 SMTPUTF8

[1] CLIENT -> SERVER: STARTTLS

[2] SERVER -> CLIENT: 220 2.0.0 Ready to start TLS

[1] CLIENT -> SERVER: EHLO localhost

[2] SERVER -> CLIENT: 250-smtp.gmail.com at your service, [149.30.138.216]
250-SIZE 36700160
250-8BITMIME
250-AUTH LOGIN PLAIN XOAUTH2 PLAIN-CLIENTTOKEN OAUTHBEARER XOAUTH
250-ENHANCEDSTATUSCODES
250-PIPELINING
250-CHUNKING
250 SMTPUTF8

[1] CLIENT -> SERVER: AUTH LOGIN

[2] SERVER -> CLIENT: 334 VXNlcm5hbWU6

[1] CLIENT -> SERVER: [credentials hidden]
[2] SERVER -> CLIENT: 334 UGFzc3dvcmQ6

[1] CLIENT -> SERVER: [credentials hidden]
[2] SERVER -> CLIENT: 235 2.7.0 Accepted

[1] CLIENT -> SERVER: MAIL FROM:<cacorereservation@gmail.com>

[2] SERVER -> CLIENT: 250 2.1.0 OK d9443c01a7336-23c845801b2sm124629105ad.169 - gsmtp

[1] CLIENT -> SERVER: RCPT TO:<kuski@gmail.com>

[2] SERVER -> CLIENT: 250 2.1.5 OK d9443c01a7336-23c845801b2sm124629105ad.169 - gsmtp

[1] CLIENT -> SERVER: DATA

[2] SERVER -> CLIENT: 354 Go ahead d9443c01a7336-23c845801b2sm124629105ad.169 - gsmtp

[1] CLIENT -> SERVER: Date: Wed, 9 Jul 2025 08:04:59 +0200

[1] CLIENT -> SERVER: To: Kuksiiiii <kuski@gmail.com>

[1] CLIENT -> SERVER: From: Financial Management System <cacorereservation@gmail.com>

[1] CLIENT -> SERVER: Subject: Your Account is Ready

[1] CLIENT -> SERVER: Message-ID: <CtDGWbc6DoMOyJmGaeEmPxMDfRx8oegS4jgcff0JsKE@localhost>

[1] CLIENT -> SERVER: X-Mailer: PHPMailer 6.9.3 (https://github.com/PHPMailer/PHPMailer)

[1] CLIENT -> SERVER: MIME-Version: 1.0

[1] CLIENT -> SERVER: Content-Type: multipart/alternative;

[1] CLIENT -> SERVER:  boundary="b1=_CtDGWbc6DoMOyJmGaeEmPxMDfRx8oegS4jgcff0JsKE"

[1] CLIENT -> SERVER: Content-Transfer-Encoding: 8bit

[1] CLIENT -> SERVER: 

[1] CLIENT -> SERVER: --b1=_CtDGWbc6DoMOyJmGaeEmPxMDfRx8oegS4jgcff0JsKE

[1] CLIENT -> SERVER: Content-Type: text/plain; charset=us-ascii

[1] CLIENT -> SERVER: 

[1] CLIENT -> SERVER: Welcome, Kuksiiiii!

[1] CLIENT -> SERVER: 

[1] CLIENT -> SERVER: We are pleased to inform you that your account with the Financial Management System has been successfully created.

[1] CLIENT -> SERVER: 

[1] CLIENT -> SERVER: Your login credentials are:

[1] CLIENT -> SERVER: Email: kuski@gmail.com

[1] CLIENT -> SERVER: Temporary Password: t^sQejzp6C

[1] CLIENT -> SERVER: 

[1] CLIENT -> SERVER: For your security, please log in to your account at http://localhost/Financial_Management/login_form.php and change your temporary password as soon as possible.

[1] CLIENT -> SERVER: 

[1] CLIENT -> SERVER: If you have any questions or need assistance, please contact our support team at support@yourwebsite.com.

[1] CLIENT -> SERVER: 

[1] CLIENT -> SERVER: Thank you for choosing Financial Management System.

[1] CLIENT -> SERVER: 

[1] CLIENT -> SERVER: Best regards,

[1] CLIENT -> SERVER: The Financial Management System Team

[1] CLIENT -> SERVER: 

[1] CLIENT -> SERVER: --b1=_CtDGWbc6DoMOyJmGaeEmPxMDfRx8oegS4jgcff0JsKE

[1] CLIENT -> SERVER: Content-Type: text/html; charset=us-ascii

[1] CLIENT -> SERVER: 

[1] CLIENT -> SERVER: 

[1] CLIENT -> SERVER:                 <!DOCTYPE html>

[1] CLIENT -> SERVER:                 <html lang='en'>

[1] CLIENT -> SERVER:                 <head>

[1] CLIENT -> SERVER:                     <meta charset='UTF-8'>

[1] CLIENT -> SERVER:                     <title>Welcome to Financial Management System</title>

[1] CLIENT -> SERVER:                 </head>

[1] CLIENT -> SERVER:                 <body style='font-family: Arial, sans-serif; line-height: 1.6; color: #333; max-width: 600px; margin: 0 auto; padding: 20px;'>

[1] CLIENT -> SERVER:                     <div style='background-color: #f5f5f5; padding: 20px; border-radius: 8px;'>

[1] CLIENT -> SERVER:                         <h1 style='color: #2c3e50; font-size: 24px; margin-bottom: 20px;'>Welcome, Kuksiiiii!</h1>

[1] CLIENT -> SERVER:                         <p style='font-size: 16px; margin-bottom: 15px;'>We are pleased to inform you that your account with the Financial Management System has been successfully created.</p>

[1] CLIENT -> SERVER:                         <p style='font-size: 16px; margin-bottom: 15px;'>Below are your login credentials:</p>

[1] CLIENT -> SERVER:                         <ul style='list-style: none; padding: 0; margin-bottom: 20px;'>

[1] CLIENT -> SERVER:                             <li><strong>Email:</strong> kuski@gmail.com</li>

[1] CLIENT -> SERVER:                             <li><strong>Temporary Password:</strong> t^sQejzp6C</li>

[1] CLIENT -> SERVER:                         </ul>

[1] CLIENT -> SERVER:                         <p style='font-size: 16px; margin-bottom: 15px;'>For your security, please log in to your account and change your temporary password as soon as possible.</p>

[1] CLIENT -> SERVER:                         <p style='text-align: center; margin: 30px 0;'>

[1] CLIENT -> SERVER:                             <a href='https://yourwebsite.com/login' style='background-color: #007bff; color: #ffffff; padding: 10px 20px; text-decoration: none; border-radius: 5px; font-size: 16px;'>Log In to Your Account</a>

[1] CLIENT -> SERVER:                         </p>

[1] CLIENT -> SERVER:                         <p style='font-size: 14px; color: #666; margin-top: 20px;'>If you have any questions or need assistance, please contact our support team at <a href='mailto:support@yourwebsite.com' style='color: #007bff; text-decoration: none;'>support@yourwebsite.com</a>.</p>

[1] CLIENT -> SERVER:                         <p style='font-size: 14px; color: #666;'>Thank you for choosing Financial Management System.</p>

[1] CLIENT -> SERVER:                         <p style='font-size: 14px; color: #666;'>Best regards,<br>The Financial Management System Team</p>

[1] CLIENT -> SERVER:                     </div>

[1] CLIENT -> SERVER:                 </body>

[1] CLIENT -> SERVER:                 </html>

[1] CLIENT -> SERVER:                 

[1] CLIENT -> SERVER: 

[1] CLIENT -> SERVER: 

[1] CLIENT -> SERVER: --b1=_CtDGWbc6DoMOyJmGaeEmPxMDfRx8oegS4jgcff0JsKE--

[1] CLIENT -> SERVER: 

[1] CLIENT -> SERVER: .

[2] SERVER -> CLIENT: 250 2.0.0 OK  1752041104 d9443c01a7336-23c845801b2sm124629105ad.169 - gsmtp

[1] CLIENT -> SERVER: QUIT

[2] SERVER -> CLIENT: 221 2.0.0 closing connection d9443c01a7336-23c845801b2sm124629105ad.169 - gsmtp

[2] SERVER -> CLIENT: 
[2] SMTP Error: Could not connect to SMTP host.
[2] SERVER -> CLIENT: 
[2] SMTP Error: Could not connect to SMTP host.
[2] SERVER -> CLIENT: 
[2] SMTP Error: Could not connect to SMTP host.
[2] SERVER -> CLIENT: 
[2] SMTP Error: Could not connect to SMTP host.
[2] SERVER -> CLIENT: 
[2] SMTP Error: Could not connect to SMTP host.
[2] SERVER -> CLIENT: 
[2] SMTP Error: Could not connect to SMTP host.
[2] SERVER -> CLIENT: 
[2] SMTP Error: Could not connect to SMTP host.
[2] SERVER -> CLIENT: 
[2] SMTP Error: Could not connect to SMTP host.
[2] SERVER -> CLIENT: 
[2] SMTP Error: Could not connect to SMTP host.
[2] SERVER -> CLIENT: 220 smtp.gmail.com ESMTP 98e67ed59e1d1-31c301ceacbsm2554617a91.42 - gsmtp

[1] CLIENT -> SERVER: EHLO localhost

[2] SERVER -> CLIENT: 250-smtp.gmail.com at your service, [149.30.138.216]
250-SIZE 36700160
250-8BITMIME
250-STARTTLS
250-ENHANCEDSTATUSCODES
250-PIPELINING
250-CHUNKING
250 SMTPUTF8

[1] CLIENT -> SERVER: STARTTLS

[2] SERVER -> CLIENT: 220 2.0.0 Ready to start TLS

[1] CLIENT -> SERVER: EHLO localhost

[2] SERVER -> CLIENT: 250-smtp.gmail.com at your service, [149.30.138.216]
250-SIZE 36700160
250-8BITMIME
250-AUTH LOGIN PLAIN XOAUTH2 PLAIN-CLIENTTOKEN OAUTHBEARER XOAUTH
250-ENHANCEDSTATUSCODES
250-PIPELINING
250-CHUNKING
250 SMTPUTF8

[1] CLIENT -> SERVER: AUTH LOGIN

[2] SERVER -> CLIENT: 334 VXNlcm5hbWU6

[1] CLIENT -> SERVER: [credentials hidden]
[2] SERVER -> CLIENT: 334 UGFzc3dvcmQ6

[1] CLIENT -> SERVER: [credentials hidden]
[2] SERVER -> CLIENT: 235 2.7.0 Accepted

[1] CLIENT -> SERVER: MAIL FROM:<cacorereservation@gmail.com>

[2] SERVER -> CLIENT: 250 2.1.0 OK 98e67ed59e1d1-31c301ceacbsm2554617a91.42 - gsmtp

[1] CLIENT -> SERVER: RCPT TO:<patriciadelossantos105@gmail.com>

[2] SERVER -> CLIENT: 250 2.1.5 OK 98e67ed59e1d1-31c301ceacbsm2554617a91.42 - gsmtp

[1] CLIENT -> SERVER: DATA

[2] SERVER -> CLIENT: 354 Go ahead 98e67ed59e1d1-31c301ceacbsm2554617a91.42 - gsmtp

[1] CLIENT -> SERVER: Date: Wed, 9 Jul 2025 18:18:04 +0200

[1] CLIENT -> SERVER: To: Patricia Delos Santos <patriciadelossantos105@gmail.com>

[1] CLIENT -> SERVER: From: Financial Management System <cacorereservation@gmail.com>

[1] CLIENT -> SERVER: Subject: Your Account is Ready

[1] CLIENT -> SERVER: Message-ID: <OHxgwyZUamPoQTGFZiY6q3d5NxBdhlRcftUKHZiI@localhost>

[1] CLIENT -> SERVER: X-Mailer: PHPMailer 6.9.3 (https://github.com/PHPMailer/PHPMailer)

[1] CLIENT -> SERVER: MIME-Version: 1.0

[1] CLIENT -> SERVER: Content-Type: multipart/alternative;

[1] CLIENT -> SERVER:  boundary="b1=_OHxgwyZUamPoQTGFZiY6q3d5NxBdhlRcftUKHZiI"

[1] CLIENT -> SERVER: Content-Transfer-Encoding: 8bit

[1] CLIENT -> SERVER: 

[1] CLIENT -> SERVER: --b1=_OHxgwyZUamPoQTGFZiY6q3d5NxBdhlRcftUKHZiI

[1] CLIENT -> SERVER: Content-Type: text/plain; charset=us-ascii

[1] CLIENT -> SERVER: 

[1] CLIENT -> SERVER: Welcome, Patricia Delos Santos!

[1] CLIENT -> SERVER: 

[1] CLIENT -> SERVER: We are pleased to inform you that your account with the Financial Management System has been successfully created.

[1] CLIENT -> SERVER: 

[1] CLIENT -> SERVER: Your login credentials are:

[1] CLIENT -> SERVER: Email: patriciadelossantos105@gmail.com

[1] CLIENT -> SERVER: Temporary Password: JTfi9&AbfV

[1] CLIENT -> SERVER: 

[1] CLIENT -> SERVER: For your security, please log in to your account at http://localhost/Financial_Management/login_form.php and change your temporary password as soon as possible.

[1] CLIENT -> SERVER: 

[1] CLIENT -> SERVER: If you have any questions or need assistance, please contact our support team at support@yourwebsite.com.

[1] CLIENT -> SERVER: 

[1] CLIENT -> SERVER: Thank you for choosing Financial Management System.

[1] CLIENT -> SERVER: 

[1] CLIENT -> SERVER: Best regards,

[1] CLIENT -> SERVER: The Financial Management System Team

[1] CLIENT -> SERVER: 

[1] CLIENT -> SERVER: --b1=_OHxgwyZUamPoQTGFZiY6q3d5NxBdhlRcftUKHZiI

[1] CLIENT -> SERVER: Content-Type: text/html; charset=us-ascii

[1] CLIENT -> SERVER: 

[1] CLIENT -> SERVER: 

[1] CLIENT -> SERVER:                 <!DOCTYPE html>

[1] CLIENT -> SERVER:                 <html lang='en'>

[1] CLIENT -> SERVER:                 <head>

[1] CLIENT -> SERVER:                     <meta charset='UTF-8'>

[1] CLIENT -> SERVER:                     <title>Welcome to Financial Management System</title>

[1] CLIENT -> SERVER:                 </head>

[1] CLIENT -> SERVER:                 <body style='font-family: Arial, sans-serif; line-height: 1.6; color: #333; max-width: 600px; margin: 0 auto; padding: 20px;'>

[1] CLIENT -> SERVER:                     <div style='background-color: #f5f5f5; padding: 20px; border-radius: 8px;'>

[1] CLIENT -> SERVER:                         <h1 style='color: #2c3e50; font-size: 24px; margin-bottom: 20px;'>Welcome, Patricia Delos Santos!</h1>

[1] CLIENT -> SERVER:                         <p style='font-size: 16px; margin-bottom: 15px;'>We are pleased to inform you that your account with the Financial Management System has been successfully created.</p>

[1] CLIENT -> SERVER:                         <p style='font-size: 16px; margin-bottom: 15px;'>Below are your login credentials:</p>

[1] CLIENT -> SERVER:                         <ul style='list-style: none; padding: 0; margin-bottom: 20px;'>

[1] CLIENT -> SERVER:                             <li><strong>Email:</strong> patriciadelossantos105@gmail.com</li>

[1] CLIENT -> SERVER:                             <li><strong>Temporary Password:</strong> JTfi9&AbfV</li>

[1] CLIENT -> SERVER:                         </ul>

[1] CLIENT -> SERVER:                         <p style='font-size: 16px; margin-bottom: 15px;'>For your security, please log in to your account and change your temporary password as soon as possible.</p>

[1] CLIENT -> SERVER:                         <p style='text-align: center; margin: 30px 0;'>

[1] CLIENT -> SERVER:                             <a href='https://yourwebsite.com/login' style='background-color: #007bff; color: #ffffff; padding: 10px 20px; text-decoration: none; border-radius: 5px; font-size: 16px;'>Log In to Your Account</a>

[1] CLIENT -> SERVER:                         </p>

[1] CLIENT -> SERVER:                         <p style='font-size: 14px; color: #666; margin-top: 20px;'>If you have any questions or need assistance, please contact our support team at <a href='mailto:support@yourwebsite.com' style='color: #007bff; text-decoration: none;'>support@yourwebsite.com</a>.</p>

[1] CLIENT -> SERVER:                         <p style='font-size: 14px; color: #666;'>Thank you for choosing Financial Management System.</p>

[1] CLIENT -> SERVER:                         <p style='font-size: 14px; color: #666;'>Best regards,<br>The Financial Management System Team</p>

[1] CLIENT -> SERVER:                     </div>

[1] CLIENT -> SERVER:                 </body>

[1] CLIENT -> SERVER:                 </html>

[1] CLIENT -> SERVER:                 

[1] CLIENT -> SERVER: 

[1] CLIENT -> SERVER: 

[1] CLIENT -> SERVER: --b1=_OHxgwyZUamPoQTGFZiY6q3d5NxBdhlRcftUKHZiI--

[1] CLIENT -> SERVER: 

[1] CLIENT -> SERVER: .

[2] SERVER -> CLIENT: 250 2.0.0 OK  1752077889 98e67ed59e1d1-31c301ceacbsm2554617a91.42 - gsmtp

[1] CLIENT -> SERVER: QUIT

[2] SERVER -> CLIENT: 221 2.0.0 closing connection 98e67ed59e1d1-31c301ceacbsm2554617a91.42 - gsmtp

[2] SERVER -> CLIENT: 220 smtp.gmail.com ESMTP d2e1a72fcca58-74ce35ba014sm14603101b3a.19 - gsmtp

[1] CLIENT -> SERVER: EHLO localhost

[2] SERVER -> CLIENT: 250-smtp.gmail.com at your service, [149.30.138.216]
250-SIZE 36700160
250-8BITMIME
250-STARTTLS
250-ENHANCEDSTATUSCODES
250-PIPELINING
250-CHUNKING
250 SMTPUTF8

[1] CLIENT -> SERVER: STARTTLS

[2] SERVER -> CLIENT: 220 2.0.0 Ready to start TLS

[1] CLIENT -> SERVER: EHLO localhost

[2] SERVER -> CLIENT: 250-smtp.gmail.com at your service, [149.30.138.216]
250-SIZE 36700160
250-8BITMIME
250-AUTH LOGIN PLAIN XOAUTH2 PLAIN-CLIENTTOKEN OAUTHBEARER XOAUTH
250-ENHANCEDSTATUSCODES
250-PIPELINING
250-CHUNKING
250 SMTPUTF8

[1] CLIENT -> SERVER: AUTH LOGIN

[2] SERVER -> CLIENT: 334 VXNlcm5hbWU6

[1] CLIENT -> SERVER: [credentials hidden]
[2] SERVER -> CLIENT: 334 UGFzc3dvcmQ6

[1] CLIENT -> SERVER: [credentials hidden]
[2] SERVER -> CLIENT: 235 2.7.0 Accepted

[1] CLIENT -> SERVER: MAIL FROM:<cacorereservation@gmail.com>

[2] SERVER -> CLIENT: 250 2.1.0 OK d2e1a72fcca58-74ce35ba014sm14603101b3a.19 - gsmtp

[1] CLIENT -> SERVER: RCPT TO:<patriciadelossantos105@gmail.com>

[2] SERVER -> CLIENT: 250 2.1.5 OK d2e1a72fcca58-74ce35ba014sm14603101b3a.19 - gsmtp

[1] CLIENT -> SERVER: DATA

[2] SERVER -> CLIENT: 354 Go ahead d2e1a72fcca58-74ce35ba014sm14603101b3a.19 - gsmtp

[1] CLIENT -> SERVER: Date: Wed, 9 Jul 2025 18:20:05 +0200

[1] CLIENT -> SERVER: To: Patricia Delos Santos <patriciadelossantos105@gmail.com>

[1] CLIENT -> SERVER: From: Financial Management System <cacorereservation@gmail.com>

[1] CLIENT -> SERVER: Subject: Your Account is Ready

[1] CLIENT -> SERVER: Message-ID: <ca9Eoav7b0hbNR8L1MaagOxPZCcXqnkt4LQK6isKE@localhost>

[1] CLIENT -> SERVER: X-Mailer: PHPMailer 6.9.3 (https://github.com/PHPMailer/PHPMailer)

[1] CLIENT -> SERVER: MIME-Version: 1.0

[1] CLIENT -> SERVER: Content-Type: multipart/alternative;

[1] CLIENT -> SERVER:  boundary="b1=_ca9Eoav7b0hbNR8L1MaagOxPZCcXqnkt4LQK6isKE"

[1] CLIENT -> SERVER: Content-Transfer-Encoding: 8bit

[1] CLIENT -> SERVER: 

[1] CLIENT -> SERVER: --b1=_ca9Eoav7b0hbNR8L1MaagOxPZCcXqnkt4LQK6isKE

[1] CLIENT -> SERVER: Content-Type: text/plain; charset=us-ascii

[1] CLIENT -> SERVER: 

[1] CLIENT -> SERVER: Welcome, Patricia Delos Santos!

[1] CLIENT -> SERVER: 

[1] CLIENT -> SERVER: We are pleased to inform you that your account with the Financial Management System has been successfully created.

[1] CLIENT -> SERVER: 

[1] CLIENT -> SERVER: Your login credentials are:

[1] CLIENT -> SERVER: Email: patriciadelossantos105@gmail.com

[1] CLIENT -> SERVER: Temporary Password: O*N!$pbdhy

[1] CLIENT -> SERVER: 

[1] CLIENT -> SERVER: For your security, please log in to your account at http://localhost/Financial_Management/login_form.php and change your temporary password as soon as possible.

[1] CLIENT -> SERVER: 

[1] CLIENT -> SERVER: If you have any questions or need assistance, please contact our support team at support@yourwebsite.com.

[1] CLIENT -> SERVER: 

[1] CLIENT -> SERVER: Thank you for choosing Financial Management System.

[1] CLIENT -> SERVER: 

[1] CLIENT -> SERVER: Best regards,

[1] CLIENT -> SERVER: The Financial Management System Team

[1] CLIENT -> SERVER: 

[1] CLIENT -> SERVER: --b1=_ca9Eoav7b0hbNR8L1MaagOxPZCcXqnkt4LQK6isKE

[1] CLIENT -> SERVER: Content-Type: text/html; charset=us-ascii

[1] CLIENT -> SERVER: 

[1] CLIENT -> SERVER: 

[1] CLIENT -> SERVER:                 <!DOCTYPE html>

[1] CLIENT -> SERVER:                 <html lang='en'>

[1] CLIENT -> SERVER:                 <head>

[1] CLIENT -> SERVER:                     <meta charset='UTF-8'>

[1] CLIENT -> SERVER:                     <title>Welcome to Financial Management System</title>

[1] CLIENT -> SERVER:                 </head>

[1] CLIENT -> SERVER:                 <body style='font-family: Arial, sans-serif; line-height: 1.6; color: #333; max-width: 600px; margin: 0 auto; padding: 20px;'>

[1] CLIENT -> SERVER:                     <div style='background-color: #f5f5f5; padding: 20px; border-radius: 8px;'>

[1] CLIENT -> SERVER:                         <h1 style='color: #2c3e50; font-size: 24px; margin-bottom: 20px;'>Welcome, Patricia Delos Santos!</h1>

[1] CLIENT -> SERVER:                         <p style='font-size: 16px; margin-bottom: 15px;'>We are pleased to inform you that your account with the Financial Management System has been successfully created.</p>

[1] CLIENT -> SERVER:                         <p style='font-size: 16px; margin-bottom: 15px;'>Below are your login credentials:</p>

[1] CLIENT -> SERVER:                         <ul style='list-style: none; padding: 0; margin-bottom: 20px;'>

[1] CLIENT -> SERVER:                             <li><strong>Email:</strong> patriciadelossantos105@gmail.com</li>

[1] CLIENT -> SERVER:                             <li><strong>Temporary Password:</strong> O*N!$pbdhy</li>

[1] CLIENT -> SERVER:                         </ul>

[1] CLIENT -> SERVER:                         <p style='font-size: 16px; margin-bottom: 15px;'>For your security, please log in to your account and change your temporary password as soon as possible.</p>

[1] CLIENT -> SERVER:                         <p style='text-align: center; margin: 30px 0;'>

[1] CLIENT -> SERVER:                             <a href='https://yourwebsite.com/login' style='background-color: #007bff; color: #ffffff; padding: 10px 20px; text-decoration: none; border-radius: 5px; font-size: 16px;'>Log In to Your Account</a>

[1] CLIENT -> SERVER:                         </p>

[1] CLIENT -> SERVER:                         <p style='font-size: 14px; color: #666; margin-top: 20px;'>If you have any questions or need assistance, please contact our support team at <a href='mailto:support@yourwebsite.com' style='color: #007bff; text-decoration: none;'>support@yourwebsite.com</a>.</p>

[1] CLIENT -> SERVER:                         <p style='font-size: 14px; color: #666;'>Thank you for choosing Financial Management System.</p>

[1] CLIENT -> SERVER:                         <p style='font-size: 14px; color: #666;'>Best regards,<br>The Financial Management System Team</p>

[1] CLIENT -> SERVER:                     </div>

[1] CLIENT -> SERVER:                 </body>

[1] CLIENT -> SERVER:                 </html>

[1] CLIENT -> SERVER:                 

[1] CLIENT -> SERVER: 

[1] CLIENT -> SERVER: 

[1] CLIENT -> SERVER: --b1=_ca9Eoav7b0hbNR8L1MaagOxPZCcXqnkt4LQK6isKE--

[1] CLIENT -> SERVER: 

[1] CLIENT -> SERVER: .

[2] SERVER -> CLIENT: 250 2.0.0 OK  1752078009 d2e1a72fcca58-74ce35ba014sm14603101b3a.19 - gsmtp

[1] CLIENT -> SERVER: QUIT

[2] SERVER -> CLIENT: 221 2.0.0 closing connection d2e1a72fcca58-74ce35ba014sm14603101b3a.19 - gsmtp

[2] SERVER -> CLIENT: 220 smtp.gmail.com ESMTP d2e1a72fcca58-74ce42a2638sm15178172b3a.137 - gsmtp

[1] CLIENT -> SERVER: EHLO localhost

[2] SERVER -> CLIENT: 250-smtp.gmail.com at your service, [149.30.138.216]
250-SIZE 36700160
250-8BITMIME
250-STARTTLS
250-ENHANCEDSTATUSCODES
250-PIPELINING
250-CHUNKING
250 SMTPUTF8

[1] CLIENT -> SERVER: STARTTLS

[2] SERVER -> CLIENT: 220 2.0.0 Ready to start TLS

[1] CLIENT -> SERVER: EHLO localhost

[2] SERVER -> CLIENT: 250-smtp.gmail.com at your service, [149.30.138.216]
250-SIZE 36700160
250-8BITMIME
250-AUTH LOGIN PLAIN XOAUTH2 PLAIN-CLIENTTOKEN OAUTHBEARER XOAUTH
250-ENHANCEDSTATUSCODES
250-PIPELINING
250-CHUNKING
250 SMTPUTF8

[1] CLIENT -> SERVER: AUTH LOGIN

[2] SERVER -> CLIENT: 334 VXNlcm5hbWU6

[1] CLIENT -> SERVER: [credentials hidden]
[2] SERVER -> CLIENT: 334 UGFzc3dvcmQ6

[1] CLIENT -> SERVER: [credentials hidden]
[2] SERVER -> CLIENT: 235 2.7.0 Accepted

[1] CLIENT -> SERVER: MAIL FROM:<cacorereservation@gmail.com>

[2] SERVER -> CLIENT: 250 2.1.0 OK d2e1a72fcca58-74ce42a2638sm15178172b3a.137 - gsmtp

[1] CLIENT -> SERVER: RCPT TO:<jeuscedricjmanalili@gmail.com>

[2] SERVER -> CLIENT: 250 2.1.5 OK d2e1a72fcca58-74ce42a2638sm15178172b3a.137 - gsmtp

[1] CLIENT -> SERVER: DATA

[2] SERVER -> CLIENT: 354 Go ahead d2e1a72fcca58-74ce42a2638sm15178172b3a.137 - gsmtp

[1] CLIENT -> SERVER: Date: Wed, 9 Jul 2025 18:45:32 +0200

[1] CLIENT -> SERVER: To: Jeus Cedric Manalili <jeuscedricjmanalili@gmail.com>

[1] CLIENT -> SERVER: From: Financial Management System <cacorereservation@gmail.com>

[1] CLIENT -> SERVER: Subject: Your Account is Ready

[1] CLIENT -> SERVER: Message-ID: <FlVgilBEsGmoZfcNs68eNxAWK8IoNnfz7Wde9affk@localhost>

[1] CLIENT -> SERVER: X-Mailer: PHPMailer 6.9.3 (https://github.com/PHPMailer/PHPMailer)

[1] CLIENT -> SERVER: MIME-Version: 1.0

[1] CLIENT -> SERVER: Content-Type: multipart/alternative;

[1] CLIENT -> SERVER:  boundary="b1=_FlVgilBEsGmoZfcNs68eNxAWK8IoNnfz7Wde9affk"

[1] CLIENT -> SERVER: Content-Transfer-Encoding: 8bit

[1] CLIENT -> SERVER: 

[1] CLIENT -> SERVER: --b1=_FlVgilBEsGmoZfcNs68eNxAWK8IoNnfz7Wde9affk

[1] CLIENT -> SERVER: Content-Type: text/plain; charset=us-ascii

[1] CLIENT -> SERVER: 

[1] CLIENT -> SERVER: Welcome, Jeus Cedric Manalili!

[1] CLIENT -> SERVER: 

[1] CLIENT -> SERVER: We are pleased to inform you that your account with the Financial Management System has been successfully created.

[1] CLIENT -> SERVER: 

[1] CLIENT -> SERVER: Your login credentials are:

[1] CLIENT -> SERVER: Email: jeuscedricjmanalili@gmail.com

[1] CLIENT -> SERVER: Temporary Password: v*Tr#7b8mB

[1] CLIENT -> SERVER: 

[1] CLIENT -> SERVER: For your security, please log in to your account at http://localhost/Financial_Management/login_form.php and change your temporary password as soon as possible.

[1] CLIENT -> SERVER: 

[1] CLIENT -> SERVER: If you have any questions or need assistance, please contact our support team at support@yourwebsite.com.

[1] CLIENT -> SERVER: 

[1] CLIENT -> SERVER: Thank you for choosing Financial Management System.

[1] CLIENT -> SERVER: 

[1] CLIENT -> SERVER: Best regards,

[1] CLIENT -> SERVER: The Financial Management System Team

[1] CLIENT -> SERVER: 

[1] CLIENT -> SERVER: --b1=_FlVgilBEsGmoZfcNs68eNxAWK8IoNnfz7Wde9affk

[1] CLIENT -> SERVER: Content-Type: text/html; charset=us-ascii

[1] CLIENT -> SERVER: 

[1] CLIENT -> SERVER: 

[1] CLIENT -> SERVER:                 <!DOCTYPE html>

[1] CLIENT -> SERVER:                 <html lang='en'>

[1] CLIENT -> SERVER:                 <head>

[1] CLIENT -> SERVER:                     <meta charset='UTF-8'>

[1] CLIENT -> SERVER:                     <title>Welcome to Financial Management System</title>

[1] CLIENT -> SERVER:                 </head>

[1] CLIENT -> SERVER:                 <body style='font-family: Arial, sans-serif; line-height: 1.6; color: #333; max-width: 600px; margin: 0 auto; padding: 20px;'>

[1] CLIENT -> SERVER:                     <div style='background-color: #f5f5f5; padding: 20px; border-radius: 8px;'>

[1] CLIENT -> SERVER:                         <h1 style='color: #2c3e50; font-size: 24px; margin-bottom: 20px;'>Welcome, Jeus Cedric Manalili!</h1>

[1] CLIENT -> SERVER:                         <p style='font-size: 16px; margin-bottom: 15px;'>We are pleased to inform you that your account with the Financial Management System has been successfully created.</p>

[1] CLIENT -> SERVER:                         <p style='font-size: 16px; margin-bottom: 15px;'>Below are your login credentials:</p>

[1] CLIENT -> SERVER:                         <ul style='list-style: none; padding: 0; margin-bottom: 20px;'>

[1] CLIENT -> SERVER:                             <li><strong>Email:</strong> jeuscedricjmanalili@gmail.com</li>

[1] CLIENT -> SERVER:                             <li><strong>Temporary Password:</strong> v*Tr#7b8mB</li>

[1] CLIENT -> SERVER:                         </ul>

[1] CLIENT -> SERVER:                         <p style='font-size: 16px; margin-bottom: 15px;'>For your security, please log in to your account and change your temporary password as soon as possible.</p>

[1] CLIENT -> SERVER:                         <p style='text-align: center; margin: 30px 0;'>

[1] CLIENT -> SERVER:                             <a href='https://yourwebsite.com/login' style='background-color: #007bff; color: #ffffff; padding: 10px 20px; text-decoration: none; border-radius: 5px; font-size: 16px;'>Log In to Your Account</a>

[1] CLIENT -> SERVER:                         </p>

[1] CLIENT -> SERVER:                         <p style='font-size: 14px; color: #666; margin-top: 20px;'>If you have any questions or need assistance, please contact our support team at <a href='mailto:support@yourwebsite.com' style='color: #007bff; text-decoration: none;'>support@yourwebsite.com</a>.</p>

[1] CLIENT -> SERVER:                         <p style='font-size: 14px; color: #666;'>Thank you for choosing Financial Management System.</p>

[1] CLIENT -> SERVER:                         <p style='font-size: 14px; color: #666;'>Best regards,<br>The Financial Management System Team</p>

[1] CLIENT -> SERVER:                     </div>

[1] CLIENT -> SERVER:                 </body>

[1] CLIENT -> SERVER:                 </html>

[1] CLIENT -> SERVER:                 

[1] CLIENT -> SERVER: 

[1] CLIENT -> SERVER: 

[1] CLIENT -> SERVER: --b1=_FlVgilBEsGmoZfcNs68eNxAWK8IoNnfz7Wde9affk--

[1] CLIENT -> SERVER: 

[1] CLIENT -> SERVER: .

[2] SERVER -> CLIENT: 250 2.0.0 OK  1752079538 d2e1a72fcca58-74ce42a2638sm15178172b3a.137 - gsmtp

[1] CLIENT -> SERVER: QUIT

[2] SERVER -> CLIENT: 221 2.0.0 closing connection d2e1a72fcca58-74ce42a2638sm15178172b3a.137 - gsmtp

[2] SERVER -> CLIENT: 220 smtp.gmail.com ESMTP 98e67ed59e1d1-31c220f0b45sm3049428a91.0 - gsmtp

[1] CLIENT -> SERVER: EHLO localhost

[2] SERVER -> CLIENT: 250-smtp.gmail.com at your service, [149.30.138.216]
250-SIZE 36700160
250-8BITMIME
250-STARTTLS
250-ENHANCEDSTATUSCODES
250-PIPELINING
250-CHUNKING
250 SMTPUTF8

[1] CLIENT -> SERVER: STARTTLS

[2] SERVER -> CLIENT: 220 2.0.0 Ready to start TLS

[1] CLIENT -> SERVER: EHLO localhost

[2] SERVER -> CLIENT: 250-smtp.gmail.com at your service, [149.30.138.216]
250-SIZE 36700160
250-8BITMIME
250-AUTH LOGIN PLAIN XOAUTH2 PLAIN-CLIENTTOKEN OAUTHBEARER XOAUTH
250-ENHANCEDSTATUSCODES
250-PIPELINING
250-CHUNKING
250 SMTPUTF8

[1] CLIENT -> SERVER: AUTH LOGIN

[2] SERVER -> CLIENT: 334 VXNlcm5hbWU6

[1] CLIENT -> SERVER: [credentials hidden]
[2] SERVER -> CLIENT: 334 UGFzc3dvcmQ6

[1] CLIENT -> SERVER: [credentials hidden]
[2] SERVER -> CLIENT: 235 2.7.0 Accepted

[1] CLIENT -> SERVER: MAIL FROM:<cacorereservation@gmail.com>

[2] SERVER -> CLIENT: 250 2.1.0 OK 98e67ed59e1d1-31c220f0b45sm3049428a91.0 - gsmtp

[1] CLIENT -> SERVER: RCPT TO:<patriciadelossantosss05@gmail.com>

[2] SERVER -> CLIENT: 250 2.1.5 OK 98e67ed59e1d1-31c220f0b45sm3049428a91.0 - gsmtp

[1] CLIENT -> SERVER: DATA

[2] SERVER -> CLIENT: 354 Go ahead 98e67ed59e1d1-31c220f0b45sm3049428a91.0 - gsmtp

[1] CLIENT -> SERVER: Date: Wed, 9 Jul 2025 18:54:35 +0200

[1] CLIENT -> SERVER: To: Kuksiiiii <patriciadelossantosss05@gmail.com>

[1] CLIENT -> SERVER: From: Financial Management System <cacorereservation@gmail.com>

[1] CLIENT -> SERVER: Subject: Your Account is Ready

[1] CLIENT -> SERVER: Message-ID: <Vq32rHaRfOvGOdmtc5sgwqImfMQt5y3q0i3txbosjng@localhost>

[1] CLIENT -> SERVER: X-Mailer: PHPMailer 6.9.3 (https://github.com/PHPMailer/PHPMailer)

[1] CLIENT -> SERVER: MIME-Version: 1.0

[1] CLIENT -> SERVER: Content-Type: multipart/alternative;

[1] CLIENT -> SERVER:  boundary="b1=_Vq32rHaRfOvGOdmtc5sgwqImfMQt5y3q0i3txbosjng"

[1] CLIENT -> SERVER: Content-Transfer-Encoding: 8bit

[1] CLIENT -> SERVER: 

[1] CLIENT -> SERVER: --b1=_Vq32rHaRfOvGOdmtc5sgwqImfMQt5y3q0i3txbosjng

[1] CLIENT -> SERVER: Content-Type: text/plain; charset=us-ascii

[1] CLIENT -> SERVER: 

[1] CLIENT -> SERVER: Welcome, Kuksiiiii!

[1] CLIENT -> SERVER: 

[1] CLIENT -> SERVER: We are pleased to inform you that your account with the Financial Management System has been successfully created.

[1] CLIENT -> SERVER: 

[1] CLIENT -> SERVER: Your login credentials are:

[1] CLIENT -> SERVER: Email: patriciadelossantosss05@gmail.com

[1] CLIENT -> SERVER: Temporary Password: &Sw_XB3sD)

[1] CLIENT -> SERVER: 

[1] CLIENT -> SERVER: For your security, please log in to your account at http://localhost/Financial_Management/login_form.php and change your temporary password as soon as possible.

[1] CLIENT -> SERVER: 

[1] CLIENT -> SERVER: If you have any questions or need assistance, please contact our support team at support@yourwebsite.com.

[1] CLIENT -> SERVER: 

[1] CLIENT -> SERVER: Thank you for choosing Financial Management System.

[1] CLIENT -> SERVER: 

[1] CLIENT -> SERVER: Best regards,

[1] CLIENT -> SERVER: The Financial Management System Team

[1] CLIENT -> SERVER: 

[1] CLIENT -> SERVER: --b1=_Vq32rHaRfOvGOdmtc5sgwqImfMQt5y3q0i3txbosjng

[1] CLIENT -> SERVER: Content-Type: text/html; charset=us-ascii

[1] CLIENT -> SERVER: 

[1] CLIENT -> SERVER: 

[1] CLIENT -> SERVER:                 <!DOCTYPE html>

[1] CLIENT -> SERVER:                 <html lang='en'>

[1] CLIENT -> SERVER:                 <head>

[1] CLIENT -> SERVER:                     <meta charset='UTF-8'>

[1] CLIENT -> SERVER:                     <title>Welcome to Financial Management System</title>

[1] CLIENT -> SERVER:                 </head>

[1] CLIENT -> SERVER:                 <body style='font-family: Arial, sans-serif; line-height: 1.6; color: #333; max-width: 600px; margin: 0 auto; padding: 20px;'>

[1] CLIENT -> SERVER:                     <div style='background-color: #f5f5f5; padding: 20px; border-radius: 8px;'>

[1] CLIENT -> SERVER:                         <h1 style='color: #2c3e50; font-size: 24px; margin-bottom: 20px;'>Welcome, Kuksiiiii!</h1>

[1] CLIENT -> SERVER:                         <p style='font-size: 16px; margin-bottom: 15px;'>We are pleased to inform you that your account with the Financial Management System has been successfully created.</p>

[1] CLIENT -> SERVER:                         <p style='font-size: 16px; margin-bottom: 15px;'>Below are your login credentials:</p>

[1] CLIENT -> SERVER:                         <ul style='list-style: none; padding: 0; margin-bottom: 20px;'>

[1] CLIENT -> SERVER:                             <li><strong>Email:</strong> patriciadelossantosss05@gmail.com</li>

[1] CLIENT -> SERVER:                             <li><strong>Temporary Password:</strong> &Sw_XB3sD)</li>

[1] CLIENT -> SERVER:                         </ul>

[1] CLIENT -> SERVER:                         <p style='font-size: 16px; margin-bottom: 15px;'>For your security, please log in to your account and change your temporary password as soon as possible.</p>

[1] CLIENT -> SERVER:                         <p style='text-align: center; margin: 30px 0;'>

[1] CLIENT -> SERVER:                             <a href='https://yourwebsite.com/login' style='background-color: #007bff; color: #ffffff; padding: 10px 20px; text-decoration: none; border-radius: 5px; font-size: 16px;'>Log In to Your Account</a>

[1] CLIENT -> SERVER:                         </p>

[1] CLIENT -> SERVER:                         <p style='font-size: 14px; color: #666; margin-top: 20px;'>If you have any questions or need assistance, please contact our support team at <a href='mailto:support@yourwebsite.com' style='color: #007bff; text-decoration: none;'>support@yourwebsite.com</a>.</p>

[1] CLIENT -> SERVER:                         <p style='font-size: 14px; color: #666;'>Thank you for choosing Financial Management System.</p>

[1] CLIENT -> SERVER:                         <p style='font-size: 14px; color: #666;'>Best regards,<br>The Financial Management System Team</p>

[1] CLIENT -> SERVER:                     </div>

[1] CLIENT -> SERVER:                 </body>

[1] CLIENT -> SERVER:                 </html>

[1] CLIENT -> SERVER:                 

[1] CLIENT -> SERVER: 

[1] CLIENT -> SERVER: 

[1] CLIENT -> SERVER: --b1=_Vq32rHaRfOvGOdmtc5sgwqImfMQt5y3q0i3txbosjng--

[1] CLIENT -> SERVER: 

[1] CLIENT -> SERVER: .

[2] SERVER -> CLIENT: 250 2.0.0 OK  1752080081 98e67ed59e1d1-31c220f0b45sm3049428a91.0 - gsmtp

[1] CLIENT -> SERVER: QUIT

[2] SERVER -> CLIENT: 221 2.0.0 closing connection 98e67ed59e1d1-31c220f0b45sm3049428a91.0 - gsmtp

[2] SERVER -> CLIENT: 220 smtp.gmail.com ESMTP d9443c01a7336-23c8431a4fesm145658385ad.35 - gsmtp

[1] CLIENT -> SERVER: EHLO localhost

[2] SERVER -> CLIENT: 250-smtp.gmail.com at your service, [149.30.138.216]
250-SIZE 36700160
250-8BITMIME
250-STARTTLS
250-ENHANCEDSTATUSCODES
250-PIPELINING
250-CHUNKING
250 SMTPUTF8

[1] CLIENT -> SERVER: STARTTLS

[2] SERVER -> CLIENT: 220 2.0.0 Ready to start TLS

[1] CLIENT -> SERVER: EHLO localhost

[2] SERVER -> CLIENT: 250-smtp.gmail.com at your service, [149.30.138.216]
250-SIZE 36700160
250-8BITMIME
250-AUTH LOGIN PLAIN XOAUTH2 PLAIN-CLIENTTOKEN OAUTHBEARER XOAUTH
250-ENHANCEDSTATUSCODES
250-PIPELINING
250-CHUNKING
250 SMTPUTF8

[1] CLIENT -> SERVER: AUTH LOGIN

[2] SERVER -> CLIENT: 334 VXNlcm5hbWU6

[1] CLIENT -> SERVER: [credentials hidden]
[2] SERVER -> CLIENT: 334 UGFzc3dvcmQ6

[1] CLIENT -> SERVER: [credentials hidden]
[2] SERVER -> CLIENT: 235 2.7.0 Accepted

[1] CLIENT -> SERVER: MAIL FROM:<cacorereservation@gmail.com>

[2] SERVER -> CLIENT: 250 2.1.0 OK d9443c01a7336-23c8431a4fesm145658385ad.35 - gsmtp

[1] CLIENT -> SERVER: RCPT TO:<asdasdas@gmail.com>

[2] SERVER -> CLIENT: 250 2.1.5 OK d9443c01a7336-23c8431a4fesm145658385ad.35 - gsmtp

[1] CLIENT -> SERVER: DATA

[2] SERVER -> CLIENT: 354 Go ahead d9443c01a7336-23c8431a4fesm145658385ad.35 - gsmtp

[1] CLIENT -> SERVER: Date: Wed, 9 Jul 2025 18:55:15 +0200

[1] CLIENT -> SERVER: To: "AGCHEM (main)" <asdasdas@gmail.com>

[1] CLIENT -> SERVER: From: Financial Management System <cacorereservation@gmail.com>

[1] CLIENT -> SERVER: Subject: Your Account is Ready

[1] CLIENT -> SERVER: Message-ID: <zs4HicVxBtOQSVcNjvKyUTdkavursWgasXrC588o@localhost>

[1] CLIENT -> SERVER: X-Mailer: PHPMailer 6.9.3 (https://github.com/PHPMailer/PHPMailer)

[1] CLIENT -> SERVER: MIME-Version: 1.0

[1] CLIENT -> SERVER: Content-Type: multipart/alternative;

[1] CLIENT -> SERVER:  boundary="b1=_zs4HicVxBtOQSVcNjvKyUTdkavursWgasXrC588o"

[1] CLIENT -> SERVER: Content-Transfer-Encoding: 8bit

[1] CLIENT -> SERVER: 

[1] CLIENT -> SERVER: --b1=_zs4HicVxBtOQSVcNjvKyUTdkavursWgasXrC588o

[1] CLIENT -> SERVER: Content-Type: text/plain; charset=us-ascii

[1] CLIENT -> SERVER: 

[1] CLIENT -> SERVER: Welcome, AGCHEM (main)!

[1] CLIENT -> SERVER: 

[1] CLIENT -> SERVER: We are pleased to inform you that your account with the Financial Management System has been successfully created.

[1] CLIENT -> SERVER: 

[1] CLIENT -> SERVER: Your login credentials are:

[1] CLIENT -> SERVER: Email: asdasdas@gmail.com

[1] CLIENT -> SERVER: Temporary Password: 0Ht*ph4dUs

[1] CLIENT -> SERVER: 

[1] CLIENT -> SERVER: For your security, please log in to your account at http://localhost/Financial_Management/login_form.php and change your temporary password as soon as possible.

[1] CLIENT -> SERVER: 

[1] CLIENT -> SERVER: If you have any questions or need assistance, please contact our support team at support@yourwebsite.com.

[1] CLIENT -> SERVER: 

[1] CLIENT -> SERVER: Thank you for choosing Financial Management System.

[1] CLIENT -> SERVER: 

[1] CLIENT -> SERVER: Best regards,

[1] CLIENT -> SERVER: The Financial Management System Team

[1] CLIENT -> SERVER: 

[1] CLIENT -> SERVER: --b1=_zs4HicVxBtOQSVcNjvKyUTdkavursWgasXrC588o

[1] CLIENT -> SERVER: Content-Type: text/html; charset=us-ascii

[1] CLIENT -> SERVER: 

[1] CLIENT -> SERVER: 

[1] CLIENT -> SERVER:                 <!DOCTYPE html>

[1] CLIENT -> SERVER:                 <html lang='en'>

[1] CLIENT -> SERVER:                 <head>

[1] CLIENT -> SERVER:                     <meta charset='UTF-8'>

[1] CLIENT -> SERVER:                     <title>Welcome to Financial Management System</title>

[1] CLIENT -> SERVER:                 </head>

[1] CLIENT -> SERVER:                 <body style='font-family: Arial, sans-serif; line-height: 1.6; color: #333; max-width: 600px; margin: 0 auto; padding: 20px;'>

[1] CLIENT -> SERVER:                     <div style='background-color: #f5f5f5; padding: 20px; border-radius: 8px;'>

[1] CLIENT -> SERVER:                         <h1 style='color: #2c3e50; font-size: 24px; margin-bottom: 20px;'>Welcome, AGCHEM (main)!</h1>

[1] CLIENT -> SERVER:                         <p style='font-size: 16px; margin-bottom: 15px;'>We are pleased to inform you that your account with the Financial Management System has been successfully created.</p>

[1] CLIENT -> SERVER:                         <p style='font-size: 16px; margin-bottom: 15px;'>Below are your login credentials:</p>

[1] CLIENT -> SERVER:                         <ul style='list-style: none; padding: 0; margin-bottom: 20px;'>

[1] CLIENT -> SERVER:                             <li><strong>Email:</strong> asdasdas@gmail.com</li>

[1] CLIENT -> SERVER:                             <li><strong>Temporary Password:</strong> 0Ht*ph4dUs</li>

[1] CLIENT -> SERVER:                         </ul>

[1] CLIENT -> SERVER:                         <p style='font-size: 16px; margin-bottom: 15px;'>For your security, please log in to your account and change your temporary password as soon as possible.</p>

[1] CLIENT -> SERVER:                         <p style='text-align: center; margin: 30px 0;'>

[1] CLIENT -> SERVER:                             <a href='https://yourwebsite.com/login' style='background-color: #007bff; color: #ffffff; padding: 10px 20px; text-decoration: none; border-radius: 5px; font-size: 16px;'>Log In to Your Account</a>

[1] CLIENT -> SERVER:                         </p>

[1] CLIENT -> SERVER:                         <p style='font-size: 14px; color: #666; margin-top: 20px;'>If you have any questions or need assistance, please contact our support team at <a href='mailto:support@yourwebsite.com' style='color: #007bff; text-decoration: none;'>support@yourwebsite.com</a>.</p>

[1] CLIENT -> SERVER:                         <p style='font-size: 14px; color: #666;'>Thank you for choosing Financial Management System.</p>

[1] CLIENT -> SERVER:                         <p style='font-size: 14px; color: #666;'>Best regards,<br>The Financial Management System Team</p>

[1] CLIENT -> SERVER:                     </div>

[1] CLIENT -> SERVER:                 </body>

[1] CLIENT -> SERVER:                 </html>

[1] CLIENT -> SERVER:                 

[1] CLIENT -> SERVER: 

[1] CLIENT -> SERVER: 

[1] CLIENT -> SERVER: --b1=_zs4HicVxBtOQSVcNjvKyUTdkavursWgasXrC588o--

[1] CLIENT -> SERVER: 

[1] CLIENT -> SERVER: .

[2] SERVER -> CLIENT: 250 2.0.0 OK  1752080121 d9443c01a7336-23c8431a4fesm145658385ad.35 - gsmtp

[1] CLIENT -> SERVER: QUIT

[2] SERVER -> CLIENT: 221 2.0.0 closing connection d9443c01a7336-23c8431a4fesm145658385ad.35 - gsmtp

[2] SERVER -> CLIENT: 220 smtp.gmail.com ESMTP d2e1a72fcca58-74ce429d988sm16218026b3a.131 - gsmtp

[1] CLIENT -> SERVER: EHLO localhost

[2] SERVER -> CLIENT: 250-smtp.gmail.com at your service, [149.30.138.216]
250-SIZE 36700160
250-8BITMIME
250-STARTTLS
250-ENHANCEDSTATUSCODES
250-PIPELINING
250-CHUNKING
250 SMTPUTF8

[1] CLIENT -> SERVER: STARTTLS

[2] SERVER -> CLIENT: 220 2.0.0 Ready to start TLS

[1] CLIENT -> SERVER: EHLO localhost

[2] SERVER -> CLIENT: 250-smtp.gmail.com at your service, [149.30.138.216]
250-SIZE 36700160
250-8BITMIME
250-AUTH LOGIN PLAIN XOAUTH2 PLAIN-CLIENTTOKEN OAUTHBEARER XOAUTH
250-ENHANCEDSTATUSCODES
250-PIPELINING
250-CHUNKING
250 SMTPUTF8

[1] CLIENT -> SERVER: AUTH LOGIN

[2] SERVER -> CLIENT: 334 VXNlcm5hbWU6

[1] CLIENT -> SERVER: [credentials hidden]
[2] SERVER -> CLIENT: 334 UGFzc3dvcmQ6

[1] CLIENT -> SERVER: [credentials hidden]
[2] SERVER -> CLIENT: 235 2.7.0 Accepted

[1] CLIENT -> SERVER: MAIL FROM:<cacorereservation@gmail.com>

[2] SERVER -> CLIENT: 250 2.1.0 OK d2e1a72fcca58-74ce429d988sm16218026b3a.131 - gsmtp

[1] CLIENT -> SERVER: RCPT TO:<ako@gmail.com>

[2] SERVER -> CLIENT: 250 2.1.5 OK d2e1a72fcca58-74ce429d988sm16218026b3a.131 - gsmtp

[1] CLIENT -> SERVER: DATA

[2] SERVER -> CLIENT: 354 Go ahead d2e1a72fcca58-74ce429d988sm16218026b3a.131 - gsmtp

[1] CLIENT -> SERVER: Date: Wed, 9 Jul 2025 19:16:01 +0200

[1] CLIENT -> SERVER: To: ako <ako@gmail.com>

[1] CLIENT -> SERVER: From: Financial Management System <cacorereservation@gmail.com>

[1] CLIENT -> SERVER: Subject: Your Account is Ready

[1] CLIENT -> SERVER: Message-ID: <ipFmsLTRbor18hOtcr0CjarwXRzqlF82OUHvv05qIc@localhost>

[1] CLIENT -> SERVER: X-Mailer: PHPMailer 6.9.3 (https://github.com/PHPMailer/PHPMailer)

[1] CLIENT -> SERVER: MIME-Version: 1.0

[1] CLIENT -> SERVER: Content-Type: multipart/alternative;

[1] CLIENT -> SERVER:  boundary="b1=_ipFmsLTRbor18hOtcr0CjarwXRzqlF82OUHvv05qIc"

[1] CLIENT -> SERVER: Content-Transfer-Encoding: 8bit

[1] CLIENT -> SERVER: 

[1] CLIENT -> SERVER: --b1=_ipFmsLTRbor18hOtcr0CjarwXRzqlF82OUHvv05qIc

[1] CLIENT -> SERVER: Content-Type: text/plain; charset=us-ascii

[1] CLIENT -> SERVER: 

[1] CLIENT -> SERVER: Welcome, ako!

[1] CLIENT -> SERVER: 

[1] CLIENT -> SERVER: We are pleased to inform you that your account with the Financial Management System has been successfully created.

[1] CLIENT -> SERVER: 

[1] CLIENT -> SERVER: Your login credentials are:

[1] CLIENT -> SERVER: Email: ako@gmail.com

[1] CLIENT -> SERVER: Temporary Password: #I^f3pl5bE

[1] CLIENT -> SERVER: 

[1] CLIENT -> SERVER: For your security, please log in to your account at http://localhost/Financial_Management/login_form.php and change your temporary password as soon as possible.

[1] CLIENT -> SERVER: 

[1] CLIENT -> SERVER: If you have any questions or need assistance, please contact our support team at support@yourwebsite.com.

[1] CLIENT -> SERVER: 

[1] CLIENT -> SERVER: Thank you for choosing Financial Management System.

[1] CLIENT -> SERVER: 

[1] CLIENT -> SERVER: Best regards,

[1] CLIENT -> SERVER: The Financial Management System Team

[1] CLIENT -> SERVER: 

[1] CLIENT -> SERVER: --b1=_ipFmsLTRbor18hOtcr0CjarwXRzqlF82OUHvv05qIc

[1] CLIENT -> SERVER: Content-Type: text/html; charset=us-ascii

[1] CLIENT -> SERVER: 

[1] CLIENT -> SERVER: 

[1] CLIENT -> SERVER:                 <!DOCTYPE html>

[1] CLIENT -> SERVER:                 <html lang='en'>

[1] CLIENT -> SERVER:                 <head>

[1] CLIENT -> SERVER:                     <meta charset='UTF-8'>

[1] CLIENT -> SERVER:                     <title>Welcome to Financial Management System</title>

[1] CLIENT -> SERVER:                 </head>

[1] CLIENT -> SERVER:                 <body style='font-family: Arial, sans-serif; line-height: 1.6; color: #333; max-width: 600px; margin: 0 auto; padding: 20px;'>

[1] CLIENT -> SERVER:                     <div style='background-color: #f5f5f5; padding: 20px; border-radius: 8px;'>

[1] CLIENT -> SERVER:                         <h1 style='color: #2c3e50; font-size: 24px; margin-bottom: 20px;'>Welcome, ako!</h1>

[1] CLIENT -> SERVER:                         <p style='font-size: 16px; margin-bottom: 15px;'>We are pleased to inform you that your account with the Financial Management System has been successfully created.</p>

[1] CLIENT -> SERVER:                         <p style='font-size: 16px; margin-bottom: 15px;'>Below are your login credentials:</p>

[1] CLIENT -> SERVER:                         <ul style='list-style: none; padding: 0; margin-bottom: 20px;'>

[1] CLIENT -> SERVER:                             <li><strong>Email:</strong> ako@gmail.com</li>

[1] CLIENT -> SERVER:                             <li><strong>Temporary Password:</strong> #I^f3pl5bE</li>

[1] CLIENT -> SERVER:                         </ul>

[1] CLIENT -> SERVER:                         <p style='font-size: 16px; margin-bottom: 15px;'>For your security, please log in to your account and change your temporary password as soon as possible.</p>

[1] CLIENT -> SERVER:                         <p style='text-align: center; margin: 30px 0;'>

[1] CLIENT -> SERVER:                             <a href='https://yourwebsite.com/login' style='background-color: #007bff; color: #ffffff; padding: 10px 20px; text-decoration: none; border-radius: 5px; font-size: 16px;'>Log In to Your Account</a>

[1] CLIENT -> SERVER:                         </p>

[1] CLIENT -> SERVER:                         <p style='font-size: 14px; color: #666; margin-top: 20px;'>If you have any questions or need assistance, please contact our support team at <a href='mailto:support@yourwebsite.com' style='color: #007bff; text-decoration: none;'>support@yourwebsite.com</a>.</p>

[1] CLIENT -> SERVER:                         <p style='font-size: 14px; color: #666;'>Thank you for choosing Financial Management System.</p>

[1] CLIENT -> SERVER:                         <p style='font-size: 14px; color: #666;'>Best regards,<br>The Financial Management System Team</p>

[1] CLIENT -> SERVER:                     </div>

[1] CLIENT -> SERVER:                 </body>

[1] CLIENT -> SERVER:                 </html>

[1] CLIENT -> SERVER:                 

[1] CLIENT -> SERVER: 

[1] CLIENT -> SERVER: 

[1] CLIENT -> SERVER: --b1=_ipFmsLTRbor18hOtcr0CjarwXRzqlF82OUHvv05qIc--

[1] CLIENT -> SERVER: 

[1] CLIENT -> SERVER: .

[2] SERVER -> CLIENT: 250 2.0.0 OK  1752081365 d2e1a72fcca58-74ce429d988sm16218026b3a.131 - gsmtp

[1] CLIENT -> SERVER: QUIT

[2] SERVER -> CLIENT: 221 2.0.0 closing connection d2e1a72fcca58-74ce429d988sm16218026b3a.131 - gsmtp

[2] SERVER -> CLIENT: 220 smtp.gmail.com ESMTP d9443c01a7336-23c8fcf6715sm115219395ad.51 - gsmtp

[1] CLIENT -> SERVER: EHLO localhost

[2] SERVER -> CLIENT: 250-smtp.gmail.com at your service, [149.30.138.216]
250-SIZE 36700160
250-8BITMIME
250-STARTTLS
250-ENHANCEDSTATUSCODES
250-PIPELINING
250-CHUNKING
250 SMTPUTF8

[1] CLIENT -> SERVER: STARTTLS

[2] SERVER -> CLIENT: 220 2.0.0 Ready to start TLS

[1] CLIENT -> SERVER: EHLO localhost

[2] SERVER -> CLIENT: 250-smtp.gmail.com at your service, [149.30.138.216]
250-SIZE 36700160
250-8BITMIME
250-AUTH LOGIN PLAIN XOAUTH2 PLAIN-CLIENTTOKEN OAUTHBEARER XOAUTH
250-ENHANCEDSTATUSCODES
250-PIPELINING
250-CHUNKING
250 SMTPUTF8

[1] CLIENT -> SERVER: AUTH LOGIN

[2] SERVER -> CLIENT: 334 VXNlcm5hbWU6

[1] CLIENT -> SERVER: [credentials hidden]
[2] SERVER -> CLIENT: 334 UGFzc3dvcmQ6

[1] CLIENT -> SERVER: [credentials hidden]
[2] SERVER -> CLIENT: 235 2.7.0 Accepted

[1] CLIENT -> SERVER: MAIL FROM:<cacorereservation@gmail.com>

[2] SERVER -> CLIENT: 250 2.1.0 OK d9443c01a7336-23c8fcf6715sm115219395ad.51 - gsmtp

[1] CLIENT -> SERVER: RCPT TO:<agchemsdsds@gmail.com>

[2] SERVER -> CLIENT: 250 2.1.5 OK d9443c01a7336-23c8fcf6715sm115219395ad.51 - gsmtp

[1] CLIENT -> SERVER: DATA

[2] SERVER -> CLIENT: 354 Go ahead d9443c01a7336-23c8fcf6715sm115219395ad.51 - gsmtp

[1] CLIENT -> SERVER: Date: Wed, 9 Jul 2025 19:16:40 +0200

[1] CLIENT -> SERVER: To: AGCHEM <agchemsdsds@gmail.com>

[1] CLIENT -> SERVER: From: Financial Management System <cacorereservation@gmail.com>

[1] CLIENT -> SERVER: Subject: Your Account is Ready

[1] CLIENT -> SERVER: Message-ID: <yUFJoZP7cdq4RIWGQi007xVDdVQf6c4C8OgK0tQ@localhost>

[1] CLIENT -> SERVER: X-Mailer: PHPMailer 6.9.3 (https://github.com/PHPMailer/PHPMailer)

[1] CLIENT -> SERVER: MIME-Version: 1.0

[1] CLIENT -> SERVER: Content-Type: multipart/alternative;

[1] CLIENT -> SERVER:  boundary="b1=_yUFJoZP7cdq4RIWGQi007xVDdVQf6c4C8OgK0tQ"

[1] CLIENT -> SERVER: Content-Transfer-Encoding: 8bit

[1] CLIENT -> SERVER: 

[1] CLIENT -> SERVER: --b1=_yUFJoZP7cdq4RIWGQi007xVDdVQf6c4C8OgK0tQ

[1] CLIENT -> SERVER: Content-Type: text/plain; charset=us-ascii

[1] CLIENT -> SERVER: 

[1] CLIENT -> SERVER: Welcome, AGCHEM !

[1] CLIENT -> SERVER: 

[1] CLIENT -> SERVER: We are pleased to inform you that your account with the Financial Management System has been successfully created.

[1] CLIENT -> SERVER: 

[1] CLIENT -> SERVER: Your login credentials are:

[1] CLIENT -> SERVER: Email: agchemsdsds@gmail.com

[1] CLIENT -> SERVER: Temporary Password: K_K0en*UY0

[1] CLIENT -> SERVER: 

[1] CLIENT -> SERVER: For your security, please log in to your account at http://localhost/Financial_Management/login_form.php and change your temporary password as soon as possible.

[1] CLIENT -> SERVER: 

[1] CLIENT -> SERVER: If you have any questions or need assistance, please contact our support team at support@yourwebsite.com.

[1] CLIENT -> SERVER: 

[1] CLIENT -> SERVER: Thank you for choosing Financial Management System.

[1] CLIENT -> SERVER: 

[1] CLIENT -> SERVER: Best regards,

[1] CLIENT -> SERVER: The Financial Management System Team

[1] CLIENT -> SERVER: 

[1] CLIENT -> SERVER: --b1=_yUFJoZP7cdq4RIWGQi007xVDdVQf6c4C8OgK0tQ

[1] CLIENT -> SERVER: Content-Type: text/html; charset=us-ascii

[1] CLIENT -> SERVER: 

[1] CLIENT -> SERVER: 

[1] CLIENT -> SERVER:                 <!DOCTYPE html>

[1] CLIENT -> SERVER:                 <html lang='en'>

[1] CLIENT -> SERVER:                 <head>

[1] CLIENT -> SERVER:                     <meta charset='UTF-8'>

[1] CLIENT -> SERVER:                     <title>Welcome to Financial Management System</title>

[1] CLIENT -> SERVER:                 </head>

[1] CLIENT -> SERVER:                 <body style='font-family: Arial, sans-serif; line-height: 1.6; color: #333; max-width: 600px; margin: 0 auto; padding: 20px;'>

[1] CLIENT -> SERVER:                     <div style='background-color: #f5f5f5; padding: 20px; border-radius: 8px;'>

[1] CLIENT -> SERVER:                         <h1 style='color: #2c3e50; font-size: 24px; margin-bottom: 20px;'>Welcome, AGCHEM !</h1>

[1] CLIENT -> SERVER:                         <p style='font-size: 16px; margin-bottom: 15px;'>We are pleased to inform you that your account with the Financial Management System has been successfully created.</p>

[1] CLIENT -> SERVER:                         <p style='font-size: 16px; margin-bottom: 15px;'>Below are your login credentials:</p>

[1] CLIENT -> SERVER:                         <ul style='list-style: none; padding: 0; margin-bottom: 20px;'>

[1] CLIENT -> SERVER:                             <li><strong>Email:</strong> agchemsdsds@gmail.com</li>

[1] CLIENT -> SERVER:                             <li><strong>Temporary Password:</strong> K_K0en*UY0</li>

[1] CLIENT -> SERVER:                         </ul>

[1] CLIENT -> SERVER:                         <p style='font-size: 16px; margin-bottom: 15px;'>For your security, please log in to your account and change your temporary password as soon as possible.</p>

[1] CLIENT -> SERVER:                         <p style='text-align: center; margin: 30px 0;'>

[1] CLIENT -> SERVER:                             <a href='https://yourwebsite.com/login' style='background-color: #007bff; color: #ffffff; padding: 10px 20px; text-decoration: none; border-radius: 5px; font-size: 16px;'>Log In to Your Account</a>

[1] CLIENT -> SERVER:                         </p>

[1] CLIENT -> SERVER:                         <p style='font-size: 14px; color: #666; margin-top: 20px;'>If you have any questions or need assistance, please contact our support team at <a href='mailto:support@yourwebsite.com' style='color: #007bff; text-decoration: none;'>support@yourwebsite.com</a>.</p>

[1] CLIENT -> SERVER:                         <p style='font-size: 14px; color: #666;'>Thank you for choosing Financial Management System.</p>

[1] CLIENT -> SERVER:                         <p style='font-size: 14px; color: #666;'>Best regards,<br>The Financial Management System Team</p>

[1] CLIENT -> SERVER:                     </div>

[1] CLIENT -> SERVER:                 </body>

[1] CLIENT -> SERVER:                 </html>

[1] CLIENT -> SERVER:                 

[1] CLIENT -> SERVER: 

[1] CLIENT -> SERVER: 

[1] CLIENT -> SERVER: --b1=_yUFJoZP7cdq4RIWGQi007xVDdVQf6c4C8OgK0tQ--

[1] CLIENT -> SERVER: 

[1] CLIENT -> SERVER: .

[2] SERVER -> CLIENT: 250 2.0.0 OK  1752081405 d9443c01a7336-23c8fcf6715sm115219395ad.51 - gsmtp

[1] CLIENT -> SERVER: QUIT

[2] SERVER -> CLIENT: 221 2.0.0 closing connection d9443c01a7336-23c8fcf6715sm115219395ad.51 - gsmtp

[2] SERVER -> CLIENT: 220 smtp.gmail.com ESMTP d9443c01a7336-23de4331900sm49812985ad.150 - gsmtp

[1] CLIENT -> SERVER: EHLO localhost

[2] SERVER -> CLIENT: 250-smtp.gmail.com at your service, [149.30.138.216]
250-SIZE 36700160
250-8BITMIME
250-STARTTLS
250-ENHANCEDSTATUSCODES
250-PIPELINING
250-CHUNKING
250 SMTPUTF8

[1] CLIENT -> SERVER: STARTTLS

[2] SERVER -> CLIENT: 220 2.0.0 Ready to start TLS

[1] CLIENT -> SERVER: EHLO localhost

[2] SERVER -> CLIENT: 250-smtp.gmail.com at your service, [149.30.138.216]
250-SIZE 36700160
250-8BITMIME
250-AUTH LOGIN PLAIN XOAUTH2 PLAIN-CLIENTTOKEN OAUTHBEARER XOAUTH
250-ENHANCEDSTATUSCODES
250-PIPELINING
250-CHUNKING
250 SMTPUTF8

[1] CLIENT -> SERVER: AUTH LOGIN

[2] SERVER -> CLIENT: 334 VXNlcm5hbWU6

[1] CLIENT -> SERVER: [credentials hidden]
[2] SERVER -> CLIENT: 334 UGFzc3dvcmQ6

[1] CLIENT -> SERVER: [credentials hidden]
[2] SERVER -> CLIENT: 235 2.7.0 Accepted

[1] CLIENT -> SERVER: MAIL FROM:<cacorereservation@gmail.com>

[2] SERVER -> CLIENT: 250 2.1.0 OK d9443c01a7336-23de4331900sm49812985ad.150 - gsmtp

[1] CLIENT -> SERVER: RCPT TO:<patriciadelossantos105@gmail.com>

[2] SERVER -> CLIENT: 250 2.1.5 OK d9443c01a7336-23de4331900sm49812985ad.150 - gsmtp

[1] CLIENT -> SERVER: DATA

[2] SERVER -> CLIENT: 354 Go ahead d9443c01a7336-23de4331900sm49812985ad.150 - gsmtp

[1] CLIENT -> SERVER: Date: Fri, 11 Jul 2025 20:02:35 +0200

[1] CLIENT -> SERVER: To: Patricia Delos Santos <patriciadelossantos105@gmail.com>

[1] CLIENT -> SERVER: From: Financial Management System <cacorereservation@gmail.com>

[1] CLIENT -> SERVER: Subject: Your Account is Ready

[1] CLIENT -> SERVER: Message-ID: <yNrxF8CwnMT02VPOweMsECRGYq6oG41WArXaPpBLBuw@localhost>

[1] CLIENT -> SERVER: X-Mailer: PHPMailer 6.9.3 (https://github.com/PHPMailer/PHPMailer)

[1] CLIENT -> SERVER: MIME-Version: 1.0

[1] CLIENT -> SERVER: Content-Type: multipart/alternative;

[1] CLIENT -> SERVER:  boundary="b1=_yNrxF8CwnMT02VPOweMsECRGYq6oG41WArXaPpBLBuw"

[1] CLIENT -> SERVER: Content-Transfer-Encoding: 8bit

[1] CLIENT -> SERVER: 

[1] CLIENT -> SERVER: --b1=_yNrxF8CwnMT02VPOweMsECRGYq6oG41WArXaPpBLBuw

[1] CLIENT -> SERVER: Content-Type: text/plain; charset=us-ascii

[1] CLIENT -> SERVER: 

[1] CLIENT -> SERVER: Welcome, Patricia Delos Santos!

[1] CLIENT -> SERVER: 

[1] CLIENT -> SERVER: We are pleased to inform you that your account with the Financial Management System has been successfully created.

[1] CLIENT -> SERVER: 

[1] CLIENT -> SERVER: Your login credentials are:

[1] CLIENT -> SERVER: Email: patriciadelossantos105@gmail.com

[1] CLIENT -> SERVER: Temporary Password: bK3W!V28If

[1] CLIENT -> SERVER: 

[1] CLIENT -> SERVER: For your security, please log in to your account at http://localhost/Financial_Management/login_form.php and change your temporary password as soon as possible.

[1] CLIENT -> SERVER: 

[1] CLIENT -> SERVER: If you have any questions or need assistance, please contact our support team at support@yourwebsite.com.

[1] CLIENT -> SERVER: 

[1] CLIENT -> SERVER: Thank you for choosing Financial Management System.

[1] CLIENT -> SERVER: 

[1] CLIENT -> SERVER: Best regards,

[1] CLIENT -> SERVER: The Financial Management System Team

[1] CLIENT -> SERVER: 

[1] CLIENT -> SERVER: --b1=_yNrxF8CwnMT02VPOweMsECRGYq6oG41WArXaPpBLBuw

[1] CLIENT -> SERVER: Content-Type: text/html; charset=us-ascii

[1] CLIENT -> SERVER: 

[1] CLIENT -> SERVER: 

[1] CLIENT -> SERVER:                 <!DOCTYPE html>

[1] CLIENT -> SERVER:                 <html lang='en'>

[1] CLIENT -> SERVER:                 <head>

[1] CLIENT -> SERVER:                     <meta charset='UTF-8'>

[1] CLIENT -> SERVER:                     <title>Welcome to Financial Management System</title>

[1] CLIENT -> SERVER:                 </head>

[1] CLIENT -> SERVER:                 <body style='font-family: Arial, sans-serif; line-height: 1.6; color: #333; max-width: 600px; margin: 0 auto; padding: 20px;'>

[1] CLIENT -> SERVER:                     <div style='background-color: #f5f5f5; padding: 20px; border-radius: 8px;'>

[1] CLIENT -> SERVER:                         <h1 style='color: #2c3e50; font-size: 24px; margin-bottom: 20px;'>Welcome, Patricia Delos Santos!</h1>

[1] CLIENT -> SERVER:                         <p style='font-size: 16px; margin-bottom: 15px;'>We are pleased to inform you that your account with the Financial Management System has been successfully created.</p>

[1] CLIENT -> SERVER:                         <p style='font-size: 16px; margin-bottom: 15px;'>Below are your login credentials:</p>

[1] CLIENT -> SERVER:                         <ul style='list-style: none; padding: 0; margin-bottom: 20px;'>

[1] CLIENT -> SERVER:                             <li><strong>Email:</strong> patriciadelossantos105@gmail.com</li>

[1] CLIENT -> SERVER:                             <li><strong>Temporary Password:</strong> bK3W!V28If</li>

[1] CLIENT -> SERVER:                         </ul>

[1] CLIENT -> SERVER:                         <p style='font-size: 16px; margin-bottom: 15px;'>For your security, please log in to your account and change your temporary password as soon as possible.</p>

[1] CLIENT -> SERVER:                         <p style='text-align: center; margin: 30px 0;'>

[1] CLIENT -> SERVER:                             <a href='https://yourwebsite.com/login' style='background-color: #007bff; color: #ffffff; padding: 10px 20px; text-decoration: none; border-radius: 5px; font-size: 16px;'>Log In to Your Account</a>

[1] CLIENT -> SERVER:                         </p>

[1] CLIENT -> SERVER:                         <p style='font-size: 14px; color: #666; margin-top: 20px;'>If you have any questions or need assistance, please contact our support team at <a href='mailto:support@yourwebsite.com' style='color: #007bff; text-decoration: none;'>support@yourwebsite.com</a>.</p>

[1] CLIENT -> SERVER:                         <p style='font-size: 14px; color: #666;'>Thank you for choosing Financial Management System.</p>

[1] CLIENT -> SERVER:                         <p style='font-size: 14px; color: #666;'>Best regards,<br>The Financial Management System Team</p>

[1] CLIENT -> SERVER:                     </div>

[1] CLIENT -> SERVER:                 </body>

[1] CLIENT -> SERVER:                 </html>

[1] CLIENT -> SERVER:                 

[1] CLIENT -> SERVER: 

[1] CLIENT -> SERVER: 

[1] CLIENT -> SERVER: --b1=_yNrxF8CwnMT02VPOweMsECRGYq6oG41WArXaPpBLBuw--

[1] CLIENT -> SERVER: 

[1] CLIENT -> SERVER: .

[2] SERVER -> CLIENT: 250 2.0.0 OK  1752256963 d9443c01a7336-23de4331900sm49812985ad.150 - gsmtp

[1] CLIENT -> SERVER: QUIT

[2] SERVER -> CLIENT: 221 2.0.0 closing connection d9443c01a7336-23de4331900sm49812985ad.150 - gsmtp

[2] SERVER -> CLIENT: 220 smtp.gmail.com ESMTP d2e1a72fcca58-74eb9f1f53fsm9470155b3a.91 - gsmtp

[1] CLIENT -> SERVER: EHLO localhost

[2] SERVER -> CLIENT: 250-smtp.gmail.com at your service, [149.30.138.216]
250-SIZE 36700160
250-8BITMIME
250-STARTTLS
250-ENHANCEDSTATUSCODES
250-PIPELINING
250-CHUNKING
250 SMTPUTF8

[1] CLIENT -> SERVER: STARTTLS

[2] SERVER -> CLIENT: 220 2.0.0 Ready to start TLS

[1] CLIENT -> SERVER: EHLO localhost

[2] SERVER -> CLIENT: 250-smtp.gmail.com at your service, [149.30.138.216]
250-SIZE 36700160
250-8BITMIME
250-AUTH LOGIN PLAIN XOAUTH2 PLAIN-CLIENTTOKEN OAUTHBEARER XOAUTH
250-ENHANCEDSTATUSCODES
250-PIPELINING
250-CHUNKING
250 SMTPUTF8

[1] CLIENT -> SERVER: AUTH LOGIN

[2] SERVER -> CLIENT: 334 VXNlcm5hbWU6

[1] CLIENT -> SERVER: [credentials hidden]
[2] SERVER -> CLIENT: 334 UGFzc3dvcmQ6

[1] CLIENT -> SERVER: [credentials hidden]
[2] SERVER -> CLIENT: 235 2.7.0 Accepted

[1] CLIENT -> SERVER: MAIL FROM:<cacorereservation@gmail.com>

[2] SERVER -> CLIENT: 250 2.1.0 OK d2e1a72fcca58-74eb9f1f53fsm9470155b3a.91 - gsmtp

[1] CLIENT -> SERVER: RCPT TO:<jeuscedricjmanalili@gmail.com>

[2] SERVER -> CLIENT: 250 2.1.5 OK d2e1a72fcca58-74eb9f1f53fsm9470155b3a.91 - gsmtp

[1] CLIENT -> SERVER: DATA

[2] SERVER -> CLIENT: 354 Go ahead d2e1a72fcca58-74eb9f1f53fsm9470155b3a.91 - gsmtp

[1] CLIENT -> SERVER: Date: Mon, 14 Jul 2025 07:49:02 +0200

[1] CLIENT -> SERVER: To: Jeus Cedric Manalili <jeuscedricjmanalili@gmail.com>

[1] CLIENT -> SERVER: From: Financial Management System <cacorereservation@gmail.com>

[1] CLIENT -> SERVER: Subject: Your Account is Ready

[1] CLIENT -> SERVER: Message-ID: <luLX2c1PvYCMhM0eyDD0dslDwt514xGbO6ssdAxQ@localhost>

[1] CLIENT -> SERVER: X-Mailer: PHPMailer 6.9.3 (https://github.com/PHPMailer/PHPMailer)

[1] CLIENT -> SERVER: MIME-Version: 1.0

[1] CLIENT -> SERVER: Content-Type: multipart/alternative;

[1] CLIENT -> SERVER:  boundary="b1=_luLX2c1PvYCMhM0eyDD0dslDwt514xGbO6ssdAxQ"

[1] CLIENT -> SERVER: Content-Transfer-Encoding: 8bit

[1] CLIENT -> SERVER: 

[1] CLIENT -> SERVER: --b1=_luLX2c1PvYCMhM0eyDD0dslDwt514xGbO6ssdAxQ

[1] CLIENT -> SERVER: Content-Type: text/plain; charset=us-ascii

[1] CLIENT -> SERVER: 

[1] CLIENT -> SERVER: Welcome, Jeus Cedric Manalili!

[1] CLIENT -> SERVER: 

[1] CLIENT -> SERVER: We are pleased to inform you that your account with the Financial Management System has been successfully created.

[1] CLIENT -> SERVER: 

[1] CLIENT -> SERVER: Your login credentials are:

[1] CLIENT -> SERVER: Email: jeuscedricjmanalili@gmail.com

[1] CLIENT -> SERVER: Temporary Password: HLg5)yRk4n

[1] CLIENT -> SERVER: 

[1] CLIENT -> SERVER: For your security, please log in to your account at http://localhost/Financial_Management/login_form.php and change your temporary password as soon as possible.

[1] CLIENT -> SERVER: 

[1] CLIENT -> SERVER: If you have any questions or need assistance, please contact our support team at support@yourwebsite.com.

[1] CLIENT -> SERVER: 

[1] CLIENT -> SERVER: Thank you for choosing Financial Management System.

[1] CLIENT -> SERVER: 

[1] CLIENT -> SERVER: Best regards,

[1] CLIENT -> SERVER: The Financial Management System Team

[1] CLIENT -> SERVER: 

[1] CLIENT -> SERVER: --b1=_luLX2c1PvYCMhM0eyDD0dslDwt514xGbO6ssdAxQ

[1] CLIENT -> SERVER: Content-Type: text/html; charset=us-ascii

[1] CLIENT -> SERVER: 

[1] CLIENT -> SERVER: 

[1] CLIENT -> SERVER:                 <!DOCTYPE html>

[1] CLIENT -> SERVER:                 <html lang='en'>

[1] CLIENT -> SERVER:                 <head>

[1] CLIENT -> SERVER:                     <meta charset='UTF-8'>

[1] CLIENT -> SERVER:                     <title>Welcome to Financial Management System</title>

[1] CLIENT -> SERVER:                 </head>

[1] CLIENT -> SERVER:                 <body style='font-family: Arial, sans-serif; line-height: 1.6; color: #333; max-width: 600px; margin: 0 auto; padding: 20px;'>

[1] CLIENT -> SERVER:                     <div style='background-color: #f5f5f5; padding: 20px; border-radius: 8px;'>

[1] CLIENT -> SERVER:                         <h1 style='color: #2c3e50; font-size: 24px; margin-bottom: 20px;'>Welcome, Jeus Cedric Manalili!</h1>

[1] CLIENT -> SERVER:                         <p style='font-size: 16px; margin-bottom: 15px;'>We are pleased to inform you that your account with the Financial Management System has been successfully created.</p>

[1] CLIENT -> SERVER:                         <p style='font-size: 16px; margin-bottom: 15px;'>Below are your login credentials:</p>

[1] CLIENT -> SERVER:                         <ul style='list-style: none; padding: 0; margin-bottom: 20px;'>

[1] CLIENT -> SERVER:                             <li><strong>Email:</strong> jeuscedricjmanalili@gmail.com</li>

[1] CLIENT -> SERVER:                             <li><strong>Temporary Password:</strong> HLg5)yRk4n</li>

[1] CLIENT -> SERVER:                         </ul>

[1] CLIENT -> SERVER:                         <p style='font-size: 16px; margin-bottom: 15px;'>For your security, please log in to your account and change your temporary password as soon as possible.</p>

[1] CLIENT -> SERVER:                         <p style='text-align: center; margin: 30px 0;'>

[1] CLIENT -> SERVER:                             <a href='https://yourwebsite.com/login' style='background-color: #007bff; color: #ffffff; padding: 10px 20px; text-decoration: none; border-radius: 5px; font-size: 16px;'>Log In to Your Account</a>

[1] CLIENT -> SERVER:                         </p>

[1] CLIENT -> SERVER:                         <p style='font-size: 14px; color: #666; margin-top: 20px;'>If you have any questions or need assistance, please contact our support team at <a href='mailto:support@yourwebsite.com' style='color: #007bff; text-decoration: none;'>support@yourwebsite.com</a>.</p>

[1] CLIENT -> SERVER:                         <p style='font-size: 14px; color: #666;'>Thank you for choosing Financial Management System.</p>

[1] CLIENT -> SERVER:                         <p style='font-size: 14px; color: #666;'>Best regards,<br>The Financial Management System Team</p>

[1] CLIENT -> SERVER:                     </div>

[1] CLIENT -> SERVER:                 </body>

[1] CLIENT -> SERVER:                 </html>

[1] CLIENT -> SERVER:                 

[1] CLIENT -> SERVER: 

[1] CLIENT -> SERVER: 

[1] CLIENT -> SERVER: --b1=_luLX2c1PvYCMhM0eyDD0dslDwt514xGbO6ssdAxQ--

[1] CLIENT -> SERVER: 

[1] CLIENT -> SERVER: .

[2] SERVER -> CLIENT: 250 2.0.0 OK  1752472147 d2e1a72fcca58-74eb9f1f53fsm9470155b3a.91 - gsmtp

[1] CLIENT -> SERVER: QUIT

[2] SERVER -> CLIENT: 221 2.0.0 closing connection d2e1a72fcca58-74eb9f1f53fsm9470155b3a.91 - gsmtp

